{
"type": "FeatureCollection",
"name": "puestos_con_votos",
"crs": { "type": "name", "properties": { "name": "urn:ogc:def:crs:OGC:1.3:CRS84" } },
"features": [
{ "type": "Feature", "properties": { "LOCALIDAD": "Ciudad Bolívar", "DIRECCION": "CRA 17 B Bis A # 67 - 30 Sur / CRA 17 B Bis A # 67 - 48 Sur", "SITIO": "Lucero del Sur", "NOMBRE": "Colegio Distrital León de Greiff", "ABELARDO DE LA ESPRIELLA": 1588.0, "CARLOS EDUARDO CAICEDO OMAR": 1.0, "CLAUDIA LÓPEZ": 172.0, "GUSTAVO MATAMOROS CAMACHO": 4.0, "IVÁN CEPEDA CASTRO": 3365.0, "LUIS GILBERTO MURILLO URRUTIA": 6.0, "MIGUEL URIBE LONDOÑO": 13.0, "PALOMA VALENCIA LASERNA": 343.0, "RAÚL SANTIAGO BOTERO JARAMILLO": 62.0, "ROY LEONARDO BARRERAS MONTEALEGRE": 1.0, "SERGIO FAJARDO VALDERRAMA": 177.0, "SONDRA MACOLLINS GARVIN PINTO": 4.0, "ÓSCAR MAURICIO LIZCANO ARANGO": 15.0, "TOTAL_VOTOS": 5751.0, "GANADOR": "IVÁN CEPEDA CASTRO", "VOTOS_GANADOR": 3365.0, "PCT_GANADOR": 58.5 }, "geometry": { "type": "Point", "coordinates": [ -74.1384196, 4.55066116 ] } },
{ "type": "Feature", "properties": { "LOCALIDAD": "Ciudad Bolívar", "DIRECCION": "CLL 81 Sur # 18 M - 02 / CLL 81 Sur # 18 P - 08", "SITIO": "El Tesoro", "NOMBRE": "Colegio Distrital Bicentenario", "ABELARDO DE LA ESPRIELLA": 1069.0, "CARLOS EDUARDO CAICEDO OMAR": 4.0, "CLAUDIA LÓPEZ": 151.0, "GUSTAVO MATAMOROS CAMACHO": 0.0, "IVÁN CEPEDA CASTRO": 4113.0, "LUIS GILBERTO MURILLO URRUTIA": 5.0, "MIGUEL URIBE LONDOÑO": 11.0, "PALOMA VALENCIA LASERNA": 262.0, "RAÚL SANTIAGO BOTERO JARAMILLO": 85.0, "ROY LEONARDO BARRERAS MONTEALEGRE": 2.0, "SERGIO FAJARDO VALDERRAMA": 157.0, "SONDRA MACOLLINS GARVIN PINTO": 7.0, "ÓSCAR MAURICIO LIZCANO ARANGO": 9.0, "TOTAL_VOTOS": 5875.0, "GANADOR": "IVÁN CEPEDA CASTRO", "VOTOS_GANADOR": 4113.0, "PCT_GANADOR": 70.0 }, "geometry": { "type": "Point", "coordinates": [ -74.14944514, 4.53497258 ] } },
{ "type": "Feature", "properties": { "LOCALIDAD": "Ciudad Bolívar", "DIRECCION": "CLL 64 Sur # 17 - 50 / CRA 17 # 64 - 14 Sur", "SITIO": "México", "NOMBRE": "Colegio Distrital República de México - Sede Principal", "ABELARDO DE LA ESPRIELLA": 2421.0, "CARLOS EDUARDO CAICEDO OMAR": 3.0, "CLAUDIA LÓPEZ": 181.0, "GUSTAVO MATAMOROS CAMACHO": 1.0, "IVÁN CEPEDA CASTRO": 3920.0, "LUIS GILBERTO MURILLO URRUTIA": 4.0, "MIGUEL URIBE LONDOÑO": 5.0, "PALOMA VALENCIA LASERNA": 317.0, "RAÚL SANTIAGO BOTERO JARAMILLO": 65.0, "ROY LEONARDO BARRERAS MONTEALEGRE": 3.0, "SERGIO FAJARDO VALDERRAMA": 179.0, "SONDRA MACOLLINS GARVIN PINTO": 11.0, "ÓSCAR MAURICIO LIZCANO ARANGO": 9.0, "TOTAL_VOTOS": 7119.0, "GANADOR": "IVÁN CEPEDA CASTRO", "VOTOS_GANADOR": 3920.0, "PCT_GANADOR": 55.1 }, "geometry": { "type": "Point", "coordinates": [ -74.13659955, 4.55500558 ] } },
{ "type": "Feature", "properties": { "LOCALIDAD": "Ciudad Bolívar", "DIRECCION": "CLL 69 Sur # 18 B - 35", "SITIO": "Lucero Medio", "NOMBRE": "Colegio Distrital El Recuerdo - Sede A", "ABELARDO DE LA ESPRIELLA": 632.0, "CARLOS EDUARDO CAICEDO OMAR": 0.0, "CLAUDIA LÓPEZ": 81.0, "GUSTAVO MATAMOROS CAMACHO": 1.0, "IVÁN CEPEDA CASTRO": 1658.0, "LUIS GILBERTO MURILLO URRUTIA": 0.0, "MIGUEL URIBE LONDOÑO": 2.0, "PALOMA VALENCIA LASERNA": 142.0, "RAÚL SANTIAGO BOTERO JARAMILLO": 41.0, "ROY LEONARDO BARRERAS MONTEALEGRE": 0.0, "SERGIO FAJARDO VALDERRAMA": 72.0, "SONDRA MACOLLINS GARVIN PINTO": 2.0, "ÓSCAR MAURICIO LIZCANO ARANGO": 6.0, "TOTAL_VOTOS": 2637.0, "GANADOR": "IVÁN CEPEDA CASTRO", "VOTOS_GANADOR": 1658.0, "PCT_GANADOR": 62.9 }, "geometry": { "type": "Point", "coordinates": [ -74.1456146, 4.54902685 ] } },
{ "type": "Feature", "properties": { "LOCALIDAD": "Ciudad Bolívar", "DIRECCION": "CLL 59 I Sur # 44 A - 02 / CLL 59 Sur # 44 A - 09 ", "SITIO": "Arborizadora Baja", "NOMBRE": "Colegio Distrital Arborizadora Baja", "ABELARDO DE LA ESPRIELLA": 2111.0, "CARLOS EDUARDO CAICEDO OMAR": 2.0, "CLAUDIA LÓPEZ": 233.0, "GUSTAVO MATAMOROS CAMACHO": 2.0, "IVÁN CEPEDA CASTRO": 4233.0, "LUIS GILBERTO MURILLO URRUTIA": 6.0, "MIGUEL URIBE LONDOÑO": 8.0, "PALOMA VALENCIA LASERNA": 465.0, "RAÚL SANTIAGO BOTERO JARAMILLO": 54.0, "ROY LEONARDO BARRERAS MONTEALEGRE": 2.0, "SERGIO FAJARDO VALDERRAMA": 282.0, "SONDRA MACOLLINS GARVIN PINTO": 8.0, "ÓSCAR MAURICIO LIZCANO ARANGO": 16.0, "TOTAL_VOTOS": 7422.0, "GANADOR": "IVÁN CEPEDA CASTRO", "VOTOS_GANADOR": 4233.0, "PCT_GANADOR": 57.0 }, "geometry": { "type": "Point", "coordinates": [ -74.15152412, 4.57546332 ] } },
{ "type": "Feature", "properties": { "LOCALIDAD": "Ciudad Bolívar", "DIRECCION": "CRA 18 R # 77 - 16 Sur / CLL 77 A # 18 U - 91 Sur", "SITIO": "Cordillera", "NOMBRE": "Colegio Distrital José Jaime Rojas", "ABELARDO DE LA ESPRIELLA": 187.0, "CARLOS EDUARDO CAICEDO OMAR": 1.0, "CLAUDIA LÓPEZ": 26.0, "GUSTAVO MATAMOROS CAMACHO": 1.0, "IVÁN CEPEDA CASTRO": 602.0, "LUIS GILBERTO MURILLO URRUTIA": 1.0, "MIGUEL URIBE LONDOÑO": 2.0, "PALOMA VALENCIA LASERNA": 68.0, "RAÚL SANTIAGO BOTERO JARAMILLO": 15.0, "ROY LEONARDO BARRERAS MONTEALEGRE": 0.0, "SERGIO FAJARDO VALDERRAMA": 17.0, "SONDRA MACOLLINS GARVIN PINTO": 1.0, "ÓSCAR MAURICIO LIZCANO ARANGO": 2.0, "TOTAL_VOTOS": 923.0, "GANADOR": "IVÁN CEPEDA CASTRO", "VOTOS_GANADOR": 602.0, "PCT_GANADOR": 65.2 }, "geometry": { "type": "Point", "coordinates": [ -74.14964728, 4.53986676 ] } },
{ "type": "Feature", "properties": { "LOCALIDAD": "Ciudad Bolívar", "DIRECCION": "CLL 59 A Sur # 75 B - 75 CRA 75 # 59 - 45 Sur", "SITIO": "La Estancia", "NOMBRE": "Colegio Distrital La Estancia San Isidro", "ABELARDO DE LA ESPRIELLA": 2478.0, "CARLOS EDUARDO CAICEDO OMAR": 2.0, "CLAUDIA LÓPEZ": 240.0, "GUSTAVO MATAMOROS CAMACHO": 3.0, "IVÁN CEPEDA CASTRO": 5052.0, "LUIS GILBERTO MURILLO URRUTIA": 10.0, "MIGUEL URIBE LONDOÑO": 11.0, "PALOMA VALENCIA LASERNA": 591.0, "RAÚL SANTIAGO BOTERO JARAMILLO": 85.0, "ROY LEONARDO BARRERAS MONTEALEGRE": 4.0, "SERGIO FAJARDO VALDERRAMA": 277.0, "SONDRA MACOLLINS GARVIN PINTO": 4.0, "ÓSCAR MAURICIO LIZCANO ARANGO": 9.0, "TOTAL_VOTOS": 8766.0, "GANADOR": "IVÁN CEPEDA CASTRO", "VOTOS_GANADOR": 5052.0, "PCT_GANADOR": 57.6 }, "geometry": { "type": "Point", "coordinates": [ -74.17636492, 4.59307763 ] } },
{ "type": "Feature", "properties": { "LOCALIDAD": "Ciudad Bolívar", "DIRECCION": "CRA 45 C # 69 D - 15 Sur /CLL 69 D Sur # 45 B - 37 ", "SITIO": "Manuela Beltrán", "NOMBRE": "Colegio Distrital Paraíso Manuela Beltrán - Sede A", "ABELARDO DE LA ESPRIELLA": 962.0, "CARLOS EDUARDO CAICEDO OMAR": 4.0, "CLAUDIA LÓPEZ": 132.0, "GUSTAVO MATAMOROS CAMACHO": 3.0, "IVÁN CEPEDA CASTRO": 1868.0, "LUIS GILBERTO MURILLO URRUTIA": 10.0, "MIGUEL URIBE LONDOÑO": 7.0, "PALOMA VALENCIA LASERNA": 213.0, "RAÚL SANTIAGO BOTERO JARAMILLO": 52.0, "ROY LEONARDO BARRERAS MONTEALEGRE": 3.0, "SERGIO FAJARDO VALDERRAMA": 127.0, "SONDRA MACOLLINS GARVIN PINTO": 10.0, "ÓSCAR MAURICIO LIZCANO ARANGO": 9.0, "TOTAL_VOTOS": 3400.0, "GANADOR": "IVÁN CEPEDA CASTRO", "VOTOS_GANADOR": 1868.0, "PCT_GANADOR": 54.9 }, "geometry": { "type": "Point", "coordinates": [ -74.15747735, 4.57256519 ] } },
{ "type": "Feature", "properties": { "LOCALIDAD": "Ciudad Bolívar", "DIRECCION": "CLL 70 Sur # 56 - 11", "SITIO": "Sierra Morena", "NOMBRE": "Colegio Distrital CEDIT Ciudad Bolívar", "ABELARDO DE LA ESPRIELLA": 1923.0, "CARLOS EDUARDO CAICEDO OMAR": 7.0, "CLAUDIA LÓPEZ": 258.0, "GUSTAVO MATAMOROS CAMACHO": 1.0, "IVÁN CEPEDA CASTRO": 4651.0, "LUIS GILBERTO MURILLO URRUTIA": 7.0, "MIGUEL URIBE LONDOÑO": 14.0, "PALOMA VALENCIA LASERNA": 450.0, "RAÚL SANTIAGO BOTERO JARAMILLO": 76.0, "ROY LEONARDO BARRERAS MONTEALEGRE": 5.0, "SERGIO FAJARDO VALDERRAMA": 221.0, "SONDRA MACOLLINS GARVIN PINTO": 4.0, "ÓSCAR MAURICIO LIZCANO ARANGO": 7.0, "TOTAL_VOTOS": 7624.0, "GANADOR": "IVÁN CEPEDA CASTRO", "VOTOS_GANADOR": 4651.0, "PCT_GANADOR": 61.0 }, "geometry": { "type": "Point", "coordinates": [ -74.1656239, 4.57767852 ] } },
{ "type": "Feature", "properties": { "LOCALIDAD": "Ciudad Bolívar", "DIRECCION": "CLL 62 B Sur # 77 C - 11 / CLL 68 B Sur # 77 A - 07 ", "SITIO": "Santo Domingo", "NOMBRE": "Colegio Distrital Sierra Morena -  Sede B", "ABELARDO DE LA ESPRIELLA": 1075.0, "CARLOS EDUARDO CAICEDO OMAR": 3.0, "CLAUDIA LÓPEZ": 123.0, "GUSTAVO MATAMOROS CAMACHO": 0.0, "IVÁN CEPEDA CASTRO": 2266.0, "LUIS GILBERTO MURILLO URRUTIA": 6.0, "MIGUEL URIBE LONDOÑO": 7.0, "PALOMA VALENCIA LASERNA": 236.0, "RAÚL SANTIAGO BOTERO JARAMILLO": 34.0, "ROY LEONARDO BARRERAS MONTEALEGRE": 2.0, "SERGIO FAJARDO VALDERRAMA": 84.0, "SONDRA MACOLLINS GARVIN PINTO": 4.0, "ÓSCAR MAURICIO LIZCANO ARANGO": 9.0, "TOTAL_VOTOS": 3849.0, "GANADOR": "IVÁN CEPEDA CASTRO", "VOTOS_GANADOR": 2266.0, "PCT_GANADOR": 58.9 }, "geometry": { "type": "Point", "coordinates": [ -74.17893964, 4.57884444 ] } },
{ "type": "Feature", "properties": { "LOCALIDAD": "Ciudad Bolívar", "DIRECCION": "CRA 42 # 72 C - 24 Sur /CRA 42 # 73 A - 10 Sur ", "SITIO": "Arborizadora Alta", "NOMBRE": "Colegio Distrital Gimnasio Sabio Caldas", "ABELARDO DE LA ESPRIELLA": 1978.0, "CARLOS EDUARDO CAICEDO OMAR": 5.0, "CLAUDIA LÓPEZ": 386.0, "GUSTAVO MATAMOROS CAMACHO": 2.0, "IVÁN CEPEDA CASTRO": 5922.0, "LUIS GILBERTO MURILLO URRUTIA": 4.0, "MIGUEL URIBE LONDOÑO": 9.0, "PALOMA VALENCIA LASERNA": 454.0, "RAÚL SANTIAGO BOTERO JARAMILLO": 99.0, "ROY LEONARDO BARRERAS MONTEALEGRE": 4.0, "SERGIO FAJARDO VALDERRAMA": 282.0, "SONDRA MACOLLINS GARVIN PINTO": 9.0, "ÓSCAR MAURICIO LIZCANO ARANGO": 19.0, "TOTAL_VOTOS": 9173.0, "GANADOR": "IVÁN CEPEDA CASTRO", "VOTOS_GANADOR": 5922.0, "PCT_GANADOR": 64.6 }, "geometry": { "type": "Point", "coordinates": [ -74.16372347, 4.56785763 ] } },
{ "type": "Feature", "properties": { "LOCALIDAD": "Ciudad Bolívar", "DIRECCION": "CRA 16 C # 62 - 35 Sur /CRA 16 C # 62 - 81 Sur ", "SITIO": "Meissen", "NOMBRE": "Colegio Distrital Guillermo Ca# Isaza", "ABELARDO DE LA ESPRIELLA": 1002.0, "CARLOS EDUARDO CAICEDO OMAR": 3.0, "CLAUDIA LÓPEZ": 101.0, "GUSTAVO MATAMOROS CAMACHO": 3.0, "IVÁN CEPEDA CASTRO": 2474.0, "LUIS GILBERTO MURILLO URRUTIA": 1.0, "MIGUEL URIBE LONDOÑO": 5.0, "PALOMA VALENCIA LASERNA": 214.0, "RAÚL SANTIAGO BOTERO JARAMILLO": 28.0, "ROY LEONARDO BARRERAS MONTEALEGRE": 3.0, "SERGIO FAJARDO VALDERRAMA": 129.0, "SONDRA MACOLLINS GARVIN PINTO": 2.0, "ÓSCAR MAURICIO LIZCANO ARANGO": 6.0, "TOTAL_VOTOS": 3971.0, "GANADOR": "IVÁN CEPEDA CASTRO", "VOTOS_GANADOR": 2474.0, "PCT_GANADOR": 62.3 }, "geometry": { "type": "Point", "coordinates": [ -74.13563346, 4.55671475 ] } },
{ "type": "Feature", "properties": { "LOCALIDAD": "Kennedy", "DIRECCION": "CRA 89 # 26 - 03 Sur / CRA 89 # 26 - 01 Sur", "SITIO": "Col. Dis. Saludcoop Sur", "NOMBRE": "Colegio Distrital Saludcoop Sur", "ABELARDO DE LA ESPRIELLA": 2056.0, "CARLOS EDUARDO CAICEDO OMAR": 1.0, "CLAUDIA LÓPEZ": 217.0, "GUSTAVO MATAMOROS CAMACHO": 2.0, "IVÁN CEPEDA CASTRO": 3516.0, "LUIS GILBERTO MURILLO URRUTIA": 3.0, "MIGUEL URIBE LONDOÑO": 7.0, "PALOMA VALENCIA LASERNA": 418.0, "RAÚL SANTIAGO BOTERO JARAMILLO": 52.0, "ROY LEONARDO BARRERAS MONTEALEGRE": 1.0, "SERGIO FAJARDO VALDERRAMA": 377.0, "SONDRA MACOLLINS GARVIN PINTO": 3.0, "ÓSCAR MAURICIO LIZCANO ARANGO": 19.0, "TOTAL_VOTOS": 6672.0, "GANADOR": "IVÁN CEPEDA CASTRO", "VOTOS_GANADOR": 3516.0, "PCT_GANADOR": 52.7 }, "geometry": { "type": "Point", "coordinates": [ -74.16378937, 4.64236661 ] } },
{ "type": "Feature", "properties": { "LOCALIDAD": "Engativá", "DIRECCION": "CRA 89 # 68 A - 36 /CRA 89 # 68 A - 32", "SITIO": "La Florida", "NOMBRE": "Colegio Manyanet", "ABELARDO DE LA ESPRIELLA": 1643.0, "CARLOS EDUARDO CAICEDO OMAR": 3.0, "CLAUDIA LÓPEZ": 115.0, "GUSTAVO MATAMOROS CAMACHO": 0.0, "IVÁN CEPEDA CASTRO": 2010.0, "LUIS GILBERTO MURILLO URRUTIA": 3.0, "MIGUEL URIBE LONDOÑO": 9.0, "PALOMA VALENCIA LASERNA": 397.0, "RAÚL SANTIAGO BOTERO JARAMILLO": 22.0, "ROY LEONARDO BARRERAS MONTEALEGRE": 3.0, "SERGIO FAJARDO VALDERRAMA": 329.0, "SONDRA MACOLLINS GARVIN PINTO": 1.0, "ÓSCAR MAURICIO LIZCANO ARANGO": 11.0, "TOTAL_VOTOS": 4546.0, "GANADOR": "IVÁN CEPEDA CASTRO", "VOTOS_GANADOR": 2010.0, "PCT_GANADOR": 44.2 }, "geometry": { "type": "Point", "coordinates": [ -74.11058797, 4.69289956 ] } },
{ "type": "Feature", "properties": { "LOCALIDAD": "Engativá", "DIRECCION": "CRA 78 # 69 A - 11", "SITIO": "Santa Helenita", "NOMBRE": "Colegio Distrital Manuela Ayala de Gaitán - Sede B", "ABELARDO DE LA ESPRIELLA": 2874.0, "CARLOS EDUARDO CAICEDO OMAR": 4.0, "CLAUDIA LÓPEZ": 206.0, "GUSTAVO MATAMOROS CAMACHO": 3.0, "IVÁN CEPEDA CASTRO": 2360.0, "LUIS GILBERTO MURILLO URRUTIA": 10.0, "MIGUEL URIBE LONDOÑO": 4.0, "PALOMA VALENCIA LASERNA": 682.0, "RAÚL SANTIAGO BOTERO JARAMILLO": 26.0, "ROY LEONARDO BARRERAS MONTEALEGRE": 1.0, "SERGIO FAJARDO VALDERRAMA": 388.0, "SONDRA MACOLLINS GARVIN PINTO": 4.0, "ÓSCAR MAURICIO LIZCANO ARANGO": 19.0, "TOTAL_VOTOS": 6581.0, "GANADOR": "ABELARDO DE LA ESPRIELLA", "VOTOS_GANADOR": 2874.0, "PCT_GANADOR": 43.7 }, "geometry": { "type": "Point", "coordinates": [ -74.10337861, 4.68892877 ] } },
{ "type": "Feature", "properties": { "LOCALIDAD": "Engativá", "DIRECCION": "CRA 70 C Bis # 71 - 33", "SITIO": "La Europa", "NOMBRE": "Colegio Distrital Néstor Forero Alcalá - Sede A", "ABELARDO DE LA ESPRIELLA": 1306.0, "CARLOS EDUARDO CAICEDO OMAR": 1.0, "CLAUDIA LÓPEZ": 91.0, "GUSTAVO MATAMOROS CAMACHO": 0.0, "IVÁN CEPEDA CASTRO": 791.0, "LUIS GILBERTO MURILLO URRUTIA": 4.0, "MIGUEL URIBE LONDOÑO": 8.0, "PALOMA VALENCIA LASERNA": 273.0, "RAÚL SANTIAGO BOTERO JARAMILLO": 10.0, "ROY LEONARDO BARRERAS MONTEALEGRE": 2.0, "SERGIO FAJARDO VALDERRAMA": 151.0, "SONDRA MACOLLINS GARVIN PINTO": 1.0, "ÓSCAR MAURICIO LIZCANO ARANGO": 2.0, "TOTAL_VOTOS": 2640.0, "GANADOR": "ABELARDO DE LA ESPRIELLA", "VOTOS_GANADOR": 1306.0, "PCT_GANADOR": 49.5 }, "geometry": { "type": "Point", "coordinates": [ -74.09357475, 4.68380899 ] } },
{ "type": "Feature", "properties": { "LOCALIDAD": "Engativá", "DIRECCION": "CRA 69 C # 69 - 20", "SITIO": "La Estrada", "NOMBRE": "Colegio Distrital República de Colombia - Sede B", "ABELARDO DE LA ESPRIELLA": 2266.0, "CARLOS EDUARDO CAICEDO OMAR": 2.0, "CLAUDIA LÓPEZ": 164.0, "GUSTAVO MATAMOROS CAMACHO": 2.0, "IVÁN CEPEDA CASTRO": 2259.0, "LUIS GILBERTO MURILLO URRUTIA": 8.0, "MIGUEL URIBE LONDOÑO": 4.0, "PALOMA VALENCIA LASERNA": 624.0, "RAÚL SANTIAGO BOTERO JARAMILLO": 18.0, "ROY LEONARDO BARRERAS MONTEALEGRE": 5.0, "SERGIO FAJARDO VALDERRAMA": 345.0, "SONDRA MACOLLINS GARVIN PINTO": 8.0, "ÓSCAR MAURICIO LIZCANO ARANGO": 8.0, "TOTAL_VOTOS": 5713.0, "GANADOR": "ABELARDO DE LA ESPRIELLA", "VOTOS_GANADOR": 2266.0, "PCT_GANADOR": 39.7 }, "geometry": { "type": "Point", "coordinates": [ -74.0915258, 4.67878229 ] } },
{ "type": "Feature", "properties": { "LOCALIDAD": "Engativá", "DIRECCION": "CLL 68 # 69 - 10", "SITIO": "La Estradita", "NOMBRE": "Colegio Distrital República de Colombia - Sede A", "ABELARDO DE LA ESPRIELLA": 3394.0, "CARLOS EDUARDO CAICEDO OMAR": 2.0, "CLAUDIA LÓPEZ": 194.0, "GUSTAVO MATAMOROS CAMACHO": 1.0, "IVÁN CEPEDA CASTRO": 3564.0, "LUIS GILBERTO MURILLO URRUTIA": 4.0, "MIGUEL URIBE LONDOÑO": 11.0, "PALOMA VALENCIA LASERNA": 821.0, "RAÚL SANTIAGO BOTERO JARAMILLO": 22.0, "ROY LEONARDO BARRERAS MONTEALEGRE": 4.0, "SERGIO FAJARDO VALDERRAMA": 613.0, "SONDRA MACOLLINS GARVIN PINTO": 3.0, "ÓSCAR MAURICIO LIZCANO ARANGO": 14.0, "TOTAL_VOTOS": 8647.0, "GANADOR": "IVÁN CEPEDA CASTRO", "VOTOS_GANADOR": 3564.0, "PCT_GANADOR": 41.2 }, "geometry": { "type": "Point", "coordinates": [ -74.09156636, 4.67742134 ] } },
{ "type": "Feature", "properties": { "LOCALIDAD": "Engativá", "DIRECCION": "CLL 73 Bis # 68 G - 27", "SITIO": "Las Ferias", "NOMBRE": "Colegio Distrital Naciones Unidas - Sede C", "ABELARDO DE LA ESPRIELLA": 1678.0, "CARLOS EDUARDO CAICEDO OMAR": 1.0, "CLAUDIA LÓPEZ": 126.0, "GUSTAVO MATAMOROS CAMACHO": 2.0, "IVÁN CEPEDA CASTRO": 1633.0, "LUIS GILBERTO MURILLO URRUTIA": 3.0, "MIGUEL URIBE LONDOÑO": 6.0, "PALOMA VALENCIA LASERNA": 538.0, "RAÚL SANTIAGO BOTERO JARAMILLO": 28.0, "ROY LEONARDO BARRERAS MONTEALEGRE": 1.0, "SERGIO FAJARDO VALDERRAMA": 166.0, "SONDRA MACOLLINS GARVIN PINTO": 1.0, "ÓSCAR MAURICIO LIZCANO ARANGO": 11.0, "TOTAL_VOTOS": 4194.0, "GANADOR": "ABELARDO DE LA ESPRIELLA", "VOTOS_GANADOR": 1678.0, "PCT_GANADOR": 40.0 }, "geometry": { "type": "Point", "coordinates": [ -74.08716271, 4.68068259 ] } },
{ "type": "Feature", "properties": { "LOCALIDAD": "Engativá", "DIRECCION": "CLL 78 Bis # 69T - 45", "SITIO": "Bonanza", "NOMBRE": "Colegio Distrital Técnico República de Guatemala", "ABELARDO DE LA ESPRIELLA": 4130.0, "CARLOS EDUARDO CAICEDO OMAR": 1.0, "CLAUDIA LÓPEZ": 237.0, "GUSTAVO MATAMOROS CAMACHO": 1.0, "IVÁN CEPEDA CASTRO": 3221.0, "LUIS GILBERTO MURILLO URRUTIA": 7.0, "MIGUEL URIBE LONDOÑO": 8.0, "PALOMA VALENCIA LASERNA": 1056.0, "RAÚL SANTIAGO BOTERO JARAMILLO": 37.0, "ROY LEONARDO BARRERAS MONTEALEGRE": 1.0, "SERGIO FAJARDO VALDERRAMA": 795.0, "SONDRA MACOLLINS GARVIN PINTO": 6.0, "ÓSCAR MAURICIO LIZCANO ARANGO": 13.0, "TOTAL_VOTOS": 9513.0, "GANADOR": "ABELARDO DE LA ESPRIELLA", "VOTOS_GANADOR": 4130.0, "PCT_GANADOR": 43.4 }, "geometry": { "type": "Point", "coordinates": [ -74.08685265, 4.6901322 ] } },
{ "type": "Feature", "properties": { "LOCALIDAD": "Engativá", "DIRECCION": "CLL 74 B # 73 A - 20", "SITIO": "Santa María del Lago", "NOMBRE": "Colegio Distrital Tabora - Sede B", "ABELARDO DE LA ESPRIELLA": 1633.0, "CARLOS EDUARDO CAICEDO OMAR": 2.0, "CLAUDIA LÓPEZ": 92.0, "GUSTAVO MATAMOROS CAMACHO": 2.0, "IVÁN CEPEDA CASTRO": 982.0, "LUIS GILBERTO MURILLO URRUTIA": 0.0, "MIGUEL URIBE LONDOÑO": 3.0, "PALOMA VALENCIA LASERNA": 417.0, "RAÚL SANTIAGO BOTERO JARAMILLO": 11.0, "ROY LEONARDO BARRERAS MONTEALEGRE": 4.0, "SERGIO FAJARDO VALDERRAMA": 236.0, "SONDRA MACOLLINS GARVIN PINTO": 3.0, "ÓSCAR MAURICIO LIZCANO ARANGO": 7.0, "TOTAL_VOTOS": 3392.0, "GANADOR": "ABELARDO DE LA ESPRIELLA", "VOTOS_GANADOR": 1633.0, "PCT_GANADOR": 48.1 }, "geometry": { "type": "Point", "coordinates": [ -74.09470132, 4.69166144 ] } },
{ "type": "Feature", "properties": { "LOCALIDAD": "Engativá", "DIRECCION": "CRA 84 # 75 A - 09", "SITIO": "La Granja", "NOMBRE": "Colegio Distrital San José Norte - Sede A", "ABELARDO DE LA ESPRIELLA": 1965.0, "CARLOS EDUARDO CAICEDO OMAR": 1.0, "CLAUDIA LÓPEZ": 150.0, "GUSTAVO MATAMOROS CAMACHO": 1.0, "IVÁN CEPEDA CASTRO": 2076.0, "LUIS GILBERTO MURILLO URRUTIA": 2.0, "MIGUEL URIBE LONDOÑO": 8.0, "PALOMA VALENCIA LASERNA": 488.0, "RAÚL SANTIAGO BOTERO JARAMILLO": 24.0, "ROY LEONARDO BARRERAS MONTEALEGRE": 4.0, "SERGIO FAJARDO VALDERRAMA": 322.0, "SONDRA MACOLLINS GARVIN PINTO": 0.0, "ÓSCAR MAURICIO LIZCANO ARANGO": 15.0, "TOTAL_VOTOS": 5056.0, "GANADOR": "IVÁN CEPEDA CASTRO", "VOTOS_GANADOR": 2076.0, "PCT_GANADOR": 41.1 }, "geometry": { "type": "Point", "coordinates": [ -74.10180745, 4.69871344 ] } },
{ "type": "Feature", "properties": { "LOCALIDAD": "Kennedy", "DIRECCION": "CRA 77 K Bis A # 50 - 26 Sur", "SITIO": "Colegio Distrital Villa Rica - Sede A", "NOMBRE": "Colegio Distrital Villa Rica - Sede A", "ABELARDO DE LA ESPRIELLA": 1642.0, "CARLOS EDUARDO CAICEDO OMAR": 1.0, "CLAUDIA LÓPEZ": 170.0, "GUSTAVO MATAMOROS CAMACHO": 2.0, "IVÁN CEPEDA CASTRO": 2461.0, "LUIS GILBERTO MURILLO URRUTIA": 5.0, "MIGUEL URIBE LONDOÑO": 6.0, "PALOMA VALENCIA LASERNA": 361.0, "RAÚL SANTIAGO BOTERO JARAMILLO": 34.0, "ROY LEONARDO BARRERAS MONTEALEGRE": 2.0, "SERGIO FAJARDO VALDERRAMA": 181.0, "SONDRA MACOLLINS GARVIN PINTO": 4.0, "ÓSCAR MAURICIO LIZCANO ARANGO": 7.0, "TOTAL_VOTOS": 4876.0, "GANADOR": "IVÁN CEPEDA CASTRO", "VOTOS_GANADOR": 2461.0, "PCT_GANADOR": 50.5 }, "geometry": { "type": "Point", "coordinates": [ -74.16713612, 4.60566253 ] } },
{ "type": "Feature", "properties": { "LOCALIDAD": "Kennedy", "DIRECCION": "CRA 79 F # 46 - 16 Sur", "SITIO": "Casablanca 32", "NOMBRE": "Salón Comunal Casablanca 32", "ABELARDO DE LA ESPRIELLA": 2654.0, "CARLOS EDUARDO CAICEDO OMAR": 1.0, "CLAUDIA LÓPEZ": 224.0, "GUSTAVO MATAMOROS CAMACHO": 2.0, "IVÁN CEPEDA CASTRO": 2981.0, "LUIS GILBERTO MURILLO URRUTIA": 9.0, "MIGUEL URIBE LONDOÑO": 11.0, "PALOMA VALENCIA LASERNA": 649.0, "RAÚL SANTIAGO BOTERO JARAMILLO": 32.0, "ROY LEONARDO BARRERAS MONTEALEGRE": 5.0, "SERGIO FAJARDO VALDERRAMA": 305.0, "SONDRA MACOLLINS GARVIN PINTO": 5.0, "ÓSCAR MAURICIO LIZCANO ARANGO": 15.0, "TOTAL_VOTOS": 6893.0, "GANADOR": "IVÁN CEPEDA CASTRO", "VOTOS_GANADOR": 2981.0, "PCT_GANADOR": 43.2 }, "geometry": { "type": "Point", "coordinates": [ -74.1679326, 4.61839802 ] } },
{ "type": "Feature", "properties": { "LOCALIDAD": "Kennedy", "DIRECCION": "CLL 47 A Sur # 82 - 99", "SITIO": "Britalia", "NOMBRE": "Colegio Distrital Gran Britalia - Sede B", "ABELARDO DE LA ESPRIELLA": 2456.0, "CARLOS EDUARDO CAICEDO OMAR": 3.0, "CLAUDIA LÓPEZ": 237.0, "GUSTAVO MATAMOROS CAMACHO": 2.0, "IVÁN CEPEDA CASTRO": 3530.0, "LUIS GILBERTO MURILLO URRUTIA": 5.0, "MIGUEL URIBE LONDOÑO": 11.0, "PALOMA VALENCIA LASERNA": 502.0, "RAÚL SANTIAGO BOTERO JARAMILLO": 55.0, "ROY LEONARDO BARRERAS MONTEALEGRE": 2.0, "SERGIO FAJARDO VALDERRAMA": 323.0, "SONDRA MACOLLINS GARVIN PINTO": 8.0, "ÓSCAR MAURICIO LIZCANO ARANGO": 11.0, "TOTAL_VOTOS": 7145.0, "GANADOR": "IVÁN CEPEDA CASTRO", "VOTOS_GANADOR": 3530.0, "PCT_GANADOR": 49.4 }, "geometry": { "type": "Point", "coordinates": [ -74.17301133, 4.62530959 ] } },
{ "type": "Feature", "properties": { "LOCALIDAD": "Kennedy", "DIRECCION": "CLL 42 A Sur # 79 D – 37 /CRA 79 D # 42 A - 67 Sur", "SITIO": "Colegio Distrital San José - Sede A", "NOMBRE": "Colegio Distrital San José", "ABELARDO DE LA ESPRIELLA": 1728.0, "CARLOS EDUARDO CAICEDO OMAR": 2.0, "CLAUDIA LÓPEZ": 154.0, "GUSTAVO MATAMOROS CAMACHO": 3.0, "IVÁN CEPEDA CASTRO": 2075.0, "LUIS GILBERTO MURILLO URRUTIA": 6.0, "MIGUEL URIBE LONDOÑO": 2.0, "PALOMA VALENCIA LASERNA": 414.0, "RAÚL SANTIAGO BOTERO JARAMILLO": 32.0, "ROY LEONARDO BARRERAS MONTEALEGRE": 2.0, "SERGIO FAJARDO VALDERRAMA": 206.0, "SONDRA MACOLLINS GARVIN PINTO": 4.0, "ÓSCAR MAURICIO LIZCANO ARANGO": 4.0, "TOTAL_VOTOS": 4632.0, "GANADOR": "IVÁN CEPEDA CASTRO", "VOTOS_GANADOR": 2075.0, "PCT_GANADOR": 44.8 }, "geometry": { "type": "Point", "coordinates": [ -74.16282961, 4.62125033 ] } },
{ "type": "Feature", "properties": { "LOCALIDAD": "Kennedy", "DIRECCION": "CLL 41 C Sur # 78 H - 85", "SITIO": "Los Periodistas", "NOMBRE": "Colegio Distrital Los Periodistas", "ABELARDO DE LA ESPRIELLA": 1356.0, "CARLOS EDUARDO CAICEDO OMAR": 2.0, "CLAUDIA LÓPEZ": 104.0, "GUSTAVO MATAMOROS CAMACHO": 1.0, "IVÁN CEPEDA CASTRO": 2176.0, "LUIS GILBERTO MURILLO URRUTIA": 4.0, "MIGUEL URIBE LONDOÑO": 6.0, "PALOMA VALENCIA LASERNA": 308.0, "RAÚL SANTIAGO BOTERO JARAMILLO": 21.0, "ROY LEONARDO BARRERAS MONTEALEGRE": 1.0, "SERGIO FAJARDO VALDERRAMA": 223.0, "SONDRA MACOLLINS GARVIN PINTO": 3.0, "ÓSCAR MAURICIO LIZCANO ARANGO": 8.0, "TOTAL_VOTOS": 4213.0, "GANADOR": "IVÁN CEPEDA CASTRO", "VOTOS_GANADOR": 2176.0, "PCT_GANADOR": 51.6 }, "geometry": { "type": "Point", "coordinates": [ -74.15832381, 4.61738822 ] } },
{ "type": "Feature", "properties": { "LOCALIDAD": "Kennedy", "DIRECCION": "TRV 72 B # 44 C - 19 Sur", "SITIO": "Carlos Arturo Torres", "NOMBRE": "Colegio Distrital República de Finlandia", "ABELARDO DE LA ESPRIELLA": 2209.0, "CARLOS EDUARDO CAICEDO OMAR": 1.0, "CLAUDIA LÓPEZ": 181.0, "GUSTAVO MATAMOROS CAMACHO": 1.0, "IVÁN CEPEDA CASTRO": 2554.0, "LUIS GILBERTO MURILLO URRUTIA": 2.0, "MIGUEL URIBE LONDOÑO": 4.0, "PALOMA VALENCIA LASERNA": 474.0, "RAÚL SANTIAGO BOTERO JARAMILLO": 29.0, "ROY LEONARDO BARRERAS MONTEALEGRE": 3.0, "SERGIO FAJARDO VALDERRAMA": 362.0, "SONDRA MACOLLINS GARVIN PINTO": 6.0, "ÓSCAR MAURICIO LIZCANO ARANGO": 15.0, "TOTAL_VOTOS": 5841.0, "GANADOR": "IVÁN CEPEDA CASTRO", "VOTOS_GANADOR": 2554.0, "PCT_GANADOR": 43.7 }, "geometry": { "type": "Point", "coordinates": [ -74.14635852, 4.59965013 ] } },
{ "type": "Feature", "properties": { "LOCALIDAD": "Kennedy", "DIRECCION": "CRA 72 I # 42 F - 54 Sur", "SITIO": "La Chucua", "NOMBRE": "Colegio Distrital La Chucua", "ABELARDO DE LA ESPRIELLA": 2767.0, "CARLOS EDUARDO CAICEDO OMAR": 2.0, "CLAUDIA LÓPEZ": 203.0, "GUSTAVO MATAMOROS CAMACHO": 0.0, "IVÁN CEPEDA CASTRO": 3328.0, "LUIS GILBERTO MURILLO URRUTIA": 2.0, "MIGUEL URIBE LONDOÑO": 6.0, "PALOMA VALENCIA LASERNA": 554.0, "RAÚL SANTIAGO BOTERO JARAMILLO": 39.0, "ROY LEONARDO BARRERAS MONTEALEGRE": 1.0, "SERGIO FAJARDO VALDERRAMA": 505.0, "SONDRA MACOLLINS GARVIN PINTO": 4.0, "ÓSCAR MAURICIO LIZCANO ARANGO": 13.0, "TOTAL_VOTOS": 7424.0, "GANADOR": "IVÁN CEPEDA CASTRO", "VOTOS_GANADOR": 3328.0, "PCT_GANADOR": 44.8 }, "geometry": { "type": "Point", "coordinates": [ -74.14854789, 4.60363994 ] } },
{ "type": "Feature", "properties": { "LOCALIDAD": "Kennedy", "DIRECCION": "CRA 72 G # 39 - 99 Sur / CLL 39 B Sur # 72 G - 62", "SITIO": "Colegio Alfonso López Pumarejo", "NOMBRE": "Colegio Distrital Alfonso López", "ABELARDO DE LA ESPRIELLA": 2923.0, "CARLOS EDUARDO CAICEDO OMAR": 2.0, "CLAUDIA LÓPEZ": 213.0, "GUSTAVO MATAMOROS CAMACHO": 1.0, "IVÁN CEPEDA CASTRO": 3624.0, "LUIS GILBERTO MURILLO URRUTIA": 7.0, "MIGUEL URIBE LONDOÑO": 3.0, "PALOMA VALENCIA LASERNA": 632.0, "RAÚL SANTIAGO BOTERO JARAMILLO": 35.0, "ROY LEONARDO BARRERAS MONTEALEGRE": 6.0, "SERGIO FAJARDO VALDERRAMA": 512.0, "SONDRA MACOLLINS GARVIN PINTO": 8.0, "ÓSCAR MAURICIO LIZCANO ARANGO": 12.0, "TOTAL_VOTOS": 7978.0, "GANADOR": "IVÁN CEPEDA CASTRO", "VOTOS_GANADOR": 3624.0, "PCT_GANADOR": 45.4 }, "geometry": { "type": "Point", "coordinates": [ -74.14384351, 4.60828841 ] } },
{ "type": "Feature", "properties": { "LOCALIDAD": "Kennedy", "DIRECCION": "DIAG 41 Sur # 73 A - 80", "SITIO": "Francisco Miranda", "NOMBRE": "Colegio Distrital Francisco Miranda", "ABELARDO DE LA ESPRIELLA": 2747.0, "CARLOS EDUARDO CAICEDO OMAR": 3.0, "CLAUDIA LÓPEZ": 237.0, "GUSTAVO MATAMOROS CAMACHO": 1.0, "IVÁN CEPEDA CASTRO": 3583.0, "LUIS GILBERTO MURILLO URRUTIA": 4.0, "MIGUEL URIBE LONDOÑO": 4.0, "PALOMA VALENCIA LASERNA": 631.0, "RAÚL SANTIAGO BOTERO JARAMILLO": 31.0, "ROY LEONARDO BARRERAS MONTEALEGRE": 6.0, "SERGIO FAJARDO VALDERRAMA": 589.0, "SONDRA MACOLLINS GARVIN PINTO": 8.0, "ÓSCAR MAURICIO LIZCANO ARANGO": 16.0, "TOTAL_VOTOS": 7860.0, "GANADOR": "IVÁN CEPEDA CASTRO", "VOTOS_GANADOR": 3583.0, "PCT_GANADOR": 45.6 }, "geometry": { "type": "Point", "coordinates": [ -74.15445626, 4.61258886 ] } },
{ "type": "Feature", "properties": { "LOCALIDAD": "Kennedy", "DIRECCION": "CRA 73 C Bis # 38 C - 84 Sur / CLL 38C Sur # 73A - 93", "SITIO": "Las Américas Sede A", "NOMBRE": "Colegio Distrital Las Américas - Sede A", "ABELARDO DE LA ESPRIELLA": 2063.0, "CARLOS EDUARDO CAICEDO OMAR": 2.0, "CLAUDIA LÓPEZ": 192.0, "GUSTAVO MATAMOROS CAMACHO": 0.0, "IVÁN CEPEDA CASTRO": 2225.0, "LUIS GILBERTO MURILLO URRUTIA": 2.0, "MIGUEL URIBE LONDOÑO": 4.0, "PALOMA VALENCIA LASERNA": 450.0, "RAÚL SANTIAGO BOTERO JARAMILLO": 28.0, "ROY LEONARDO BARRERAS MONTEALEGRE": 3.0, "SERGIO FAJARDO VALDERRAMA": 314.0, "SONDRA MACOLLINS GARVIN PINTO": 8.0, "ÓSCAR MAURICIO LIZCANO ARANGO": 9.0, "TOTAL_VOTOS": 5300.0, "GANADOR": "IVÁN CEPEDA CASTRO", "VOTOS_GANADOR": 2225.0, "PCT_GANADOR": 42.0 }, "geometry": { "type": "Point", "coordinates": [ -74.1506275, 4.61676526 ] } },
{ "type": "Feature", "properties": { "LOCALIDAD": "Kennedy", "DIRECCION": "CLL 40 J Sur # 78 - 08", "SITIO": "Colegio Tom Adams", "NOMBRE": "Colegio Distrital Tom Adams", "ABELARDO DE LA ESPRIELLA": 1728.0, "CARLOS EDUARDO CAICEDO OMAR": 1.0, "CLAUDIA LÓPEZ": 151.0, "GUSTAVO MATAMOROS CAMACHO": 1.0, "IVÁN CEPEDA CASTRO": 2015.0, "LUIS GILBERTO MURILLO URRUTIA": 1.0, "MIGUEL URIBE LONDOÑO": 5.0, "PALOMA VALENCIA LASERNA": 424.0, "RAÚL SANTIAGO BOTERO JARAMILLO": 28.0, "ROY LEONARDO BARRERAS MONTEALEGRE": 4.0, "SERGIO FAJARDO VALDERRAMA": 229.0, "SONDRA MACOLLINS GARVIN PINTO": 2.0, "ÓSCAR MAURICIO LIZCANO ARANGO": 6.0, "TOTAL_VOTOS": 4595.0, "GANADOR": "IVÁN CEPEDA CASTRO", "VOTOS_GANADOR": 2015.0, "PCT_GANADOR": 43.9 }, "geometry": { "type": "Point", "coordinates": [ -74.1556454, 4.61828805 ] } },
{ "type": "Feature", "properties": { "LOCALIDAD": "Kennedy", "DIRECCION": "CRA 78 G # 38 C - 11 Sur", "SITIO": "El Japón", "NOMBRE": "Colegio Distrital El Japón", "ABELARDO DE LA ESPRIELLA": 2501.0, "CARLOS EDUARDO CAICEDO OMAR": 2.0, "CLAUDIA LÓPEZ": 219.0, "GUSTAVO MATAMOROS CAMACHO": 0.0, "IVÁN CEPEDA CASTRO": 3196.0, "LUIS GILBERTO MURILLO URRUTIA": 10.0, "MIGUEL URIBE LONDOÑO": 5.0, "PALOMA VALENCIA LASERNA": 487.0, "RAÚL SANTIAGO BOTERO JARAMILLO": 51.0, "ROY LEONARDO BARRERAS MONTEALEGRE": 2.0, "SERGIO FAJARDO VALDERRAMA": 282.0, "SONDRA MACOLLINS GARVIN PINTO": 6.0, "ÓSCAR MAURICIO LIZCANO ARANGO": 14.0, "TOTAL_VOTOS": 6775.0, "GANADOR": "IVÁN CEPEDA CASTRO", "VOTOS_GANADOR": 3196.0, "PCT_GANADOR": 47.2 }, "geometry": { "type": "Point", "coordinates": [ -74.15351731, 4.62169755 ] } },
{ "type": "Feature", "properties": { "LOCALIDAD": "Kennedy", "DIRECCION": "CRA 83 # 38 B - 12 Sur", "SITIO": "El Saucedal", "NOMBRE": "Colegio Distrital La Amistad - Sede B", "ABELARDO DE LA ESPRIELLA": 1153.0, "CARLOS EDUARDO CAICEDO OMAR": 2.0, "CLAUDIA LÓPEZ": 100.0, "GUSTAVO MATAMOROS CAMACHO": 0.0, "IVÁN CEPEDA CASTRO": 1011.0, "LUIS GILBERTO MURILLO URRUTIA": 2.0, "MIGUEL URIBE LONDOÑO": 7.0, "PALOMA VALENCIA LASERNA": 252.0, "RAÚL SANTIAGO BOTERO JARAMILLO": 17.0, "ROY LEONARDO BARRERAS MONTEALEGRE": 2.0, "SERGIO FAJARDO VALDERRAMA": 100.0, "SONDRA MACOLLINS GARVIN PINTO": 3.0, "ÓSCAR MAURICIO LIZCANO ARANGO": 7.0, "TOTAL_VOTOS": 2656.0, "GANADOR": "ABELARDO DE LA ESPRIELLA", "VOTOS_GANADOR": 1153.0, "PCT_GANADOR": 43.4 }, "geometry": { "type": "Point", "coordinates": [ -74.16282557, 4.63303883 ] } },
{ "type": "Feature", "properties": { "LOCALIDAD": "Kennedy", "DIRECCION": "CLL 1 Bis Sur # 87 - 84", "SITIO": "Colegio Distrital Manuel Zapata Olivella", "NOMBRE": "Colegio Distrital Manuel Zapata Olivella", "ABELARDO DE LA ESPRIELLA": 3640.0, "CARLOS EDUARDO CAICEDO OMAR": 2.0, "CLAUDIA LÓPEZ": 379.0, "GUSTAVO MATAMOROS CAMACHO": 2.0, "IVÁN CEPEDA CASTRO": 6025.0, "LUIS GILBERTO MURILLO URRUTIA": 3.0, "MIGUEL URIBE LONDOÑO": 13.0, "PALOMA VALENCIA LASERNA": 754.0, "RAÚL SANTIAGO BOTERO JARAMILLO": 103.0, "ROY LEONARDO BARRERAS MONTEALEGRE": 7.0, "SERGIO FAJARDO VALDERRAMA": 488.0, "SONDRA MACOLLINS GARVIN PINTO": 8.0, "ÓSCAR MAURICIO LIZCANO ARANGO": 24.0, "TOTAL_VOTOS": 11448.0, "GANADOR": "IVÁN CEPEDA CASTRO", "VOTOS_GANADOR": 6025.0, "PCT_GANADOR": 52.6 }, "geometry": { "type": "Point", "coordinates": [ -74.15996042, 4.64064436 ] } },
{ "type": "Feature", "properties": { "LOCALIDAD": "Kennedy", "DIRECCION": "CLL 35 A Sur # 78 I - 21/CRA 78 F # 35 C - 63 Sur ", "SITIO": "Colegio C.E.L.C.O. San Lucas", "NOMBRE": "Colegio Privado C.E.L.C.O. San Lucas", "ABELARDO DE LA ESPRIELLA": 1514.0, "CARLOS EDUARDO CAICEDO OMAR": 1.0, "CLAUDIA LÓPEZ": 83.0, "GUSTAVO MATAMOROS CAMACHO": 1.0, "IVÁN CEPEDA CASTRO": 1251.0, "LUIS GILBERTO MURILLO URRUTIA": 6.0, "MIGUEL URIBE LONDOÑO": 1.0, "PALOMA VALENCIA LASERNA": 312.0, "RAÚL SANTIAGO BOTERO JARAMILLO": 9.0, "ROY LEONARDO BARRERAS MONTEALEGRE": 0.0, "SERGIO FAJARDO VALDERRAMA": 225.0, "SONDRA MACOLLINS GARVIN PINTO": 3.0, "ÓSCAR MAURICIO LIZCANO ARANGO": 5.0, "TOTAL_VOTOS": 3411.0, "GANADOR": "ABELARDO DE LA ESPRIELLA", "VOTOS_GANADOR": 1514.0, "PCT_GANADOR": 44.4 }, "geometry": { "type": "Point", "coordinates": [ -74.15123482, 4.62514187 ] } },
{ "type": "Feature", "properties": { "LOCALIDAD": "Kennedy", "DIRECCION": "CLL 35 C Sur #78 F - 81", "SITIO": "Próspero Pinzón", "NOMBRE": "Colegio Próspero Pinzón", "ABELARDO DE LA ESPRIELLA": 2387.0, "CARLOS EDUARDO CAICEDO OMAR": 1.0, "CLAUDIA LÓPEZ": 138.0, "GUSTAVO MATAMOROS CAMACHO": 1.0, "IVÁN CEPEDA CASTRO": 2751.0, "LUIS GILBERTO MURILLO URRUTIA": 3.0, "MIGUEL URIBE LONDOÑO": 6.0, "PALOMA VALENCIA LASERNA": 552.0, "RAÚL SANTIAGO BOTERO JARAMILLO": 26.0, "ROY LEONARDO BARRERAS MONTEALEGRE": 6.0, "SERGIO FAJARDO VALDERRAMA": 380.0, "SONDRA MACOLLINS GARVIN PINTO": 2.0, "ÓSCAR MAURICIO LIZCANO ARANGO": 7.0, "TOTAL_VOTOS": 6260.0, "GANADOR": "IVÁN CEPEDA CASTRO", "VOTOS_GANADOR": 2751.0, "PCT_GANADOR": 43.9 }, "geometry": { "type": "Point", "coordinates": [ -74.15109254, 4.62432124 ] } },
{ "type": "Feature", "properties": { "LOCALIDAD": "Kennedy", "DIRECCION": "CRA 78 # 35 - 30 Sur", "SITIO": "Colegio La Amistad", "NOMBRE": "Colegio Distrital La Amistad", "ABELARDO DE LA ESPRIELLA": 2625.0, "CARLOS EDUARDO CAICEDO OMAR": 0.0, "CLAUDIA LÓPEZ": 199.0, "GUSTAVO MATAMOROS CAMACHO": 1.0, "IVÁN CEPEDA CASTRO": 3261.0, "LUIS GILBERTO MURILLO URRUTIA": 5.0, "MIGUEL URIBE LONDOÑO": 3.0, "PALOMA VALENCIA LASERNA": 548.0, "RAÚL SANTIAGO BOTERO JARAMILLO": 29.0, "ROY LEONARDO BARRERAS MONTEALEGRE": 0.0, "SERGIO FAJARDO VALDERRAMA": 465.0, "SONDRA MACOLLINS GARVIN PINTO": 5.0, "ÓSCAR MAURICIO LIZCANO ARANGO": 13.0, "TOTAL_VOTOS": 7154.0, "GANADOR": "IVÁN CEPEDA CASTRO", "VOTOS_GANADOR": 3261.0, "PCT_GANADOR": 45.6 }, "geometry": { "type": "Point", "coordinates": [ -74.14812765, 4.62342255 ] } },
{ "type": "Feature", "properties": { "LOCALIDAD": "Kennedy", "DIRECCION": "CRA 72 L # 34 - 19 Sur", "SITIO": "Colegio OEA", "NOMBRE": "Colegio Distrital OEA", "ABELARDO DE LA ESPRIELLA": 1766.0, "CARLOS EDUARDO CAICEDO OMAR": 1.0, "CLAUDIA LÓPEZ": 112.0, "GUSTAVO MATAMOROS CAMACHO": 0.0, "IVÁN CEPEDA CASTRO": 1882.0, "LUIS GILBERTO MURILLO URRUTIA": 0.0, "MIGUEL URIBE LONDOÑO": 5.0, "PALOMA VALENCIA LASERNA": 390.0, "RAÚL SANTIAGO BOTERO JARAMILLO": 20.0, "ROY LEONARDO BARRERAS MONTEALEGRE": 1.0, "SERGIO FAJARDO VALDERRAMA": 289.0, "SONDRA MACOLLINS GARVIN PINTO": 3.0, "ÓSCAR MAURICIO LIZCANO ARANGO": 5.0, "TOTAL_VOTOS": 4474.0, "GANADOR": "IVÁN CEPEDA CASTRO", "VOTOS_GANADOR": 1882.0, "PCT_GANADOR": 42.1 }, "geometry": { "type": "Point", "coordinates": [ -74.14145868, 4.61815863 ] } },
{ "type": "Feature", "properties": { "LOCALIDAD": "Kennedy", "DIRECCION": "TRV 68 C # 31 - 26 Sur", "SITIO": "Floralia", "NOMBRE": "Salón Comunal Floralia", "ABELARDO DE LA ESPRIELLA": 1613.0, "CARLOS EDUARDO CAICEDO OMAR": 1.0, "CLAUDIA LÓPEZ": 113.0, "GUSTAVO MATAMOROS CAMACHO": 1.0, "IVÁN CEPEDA CASTRO": 1339.0, "LUIS GILBERTO MURILLO URRUTIA": 4.0, "MIGUEL URIBE LONDOÑO": 5.0, "PALOMA VALENCIA LASERNA": 380.0, "RAÚL SANTIAGO BOTERO JARAMILLO": 10.0, "ROY LEONARDO BARRERAS MONTEALEGRE": 2.0, "SERGIO FAJARDO VALDERRAMA": 205.0, "SONDRA MACOLLINS GARVIN PINTO": 1.0, "ÓSCAR MAURICIO LIZCANO ARANGO": 9.0, "TOTAL_VOTOS": 3683.0, "GANADOR": "ABELARDO DE LA ESPRIELLA", "VOTOS_GANADOR": 1613.0, "PCT_GANADOR": 43.8 }, "geometry": { "type": "Point", "coordinates": [ -74.13231109, 4.60870488 ] } },
{ "type": "Feature", "properties": { "LOCALIDAD": "Kennedy", "DIRECCION": "CLL 25 Sur # 69 C - 34", "SITIO": "Carvajal II - Sede Antonia Santos I", "NOMBRE": "Colegio Distrital Antonia Santos", "ABELARDO DE LA ESPRIELLA": 1285.0, "CARLOS EDUARDO CAICEDO OMAR": 1.0, "CLAUDIA LÓPEZ": 82.0, "GUSTAVO MATAMOROS CAMACHO": 0.0, "IVÁN CEPEDA CASTRO": 942.0, "LUIS GILBERTO MURILLO URRUTIA": 1.0, "MIGUEL URIBE LONDOÑO": 3.0, "PALOMA VALENCIA LASERNA": 251.0, "RAÚL SANTIAGO BOTERO JARAMILLO": 16.0, "ROY LEONARDO BARRERAS MONTEALEGRE": 1.0, "SERGIO FAJARDO VALDERRAMA": 178.0, "SONDRA MACOLLINS GARVIN PINTO": 2.0, "ÓSCAR MAURICIO LIZCANO ARANGO": 1.0, "TOTAL_VOTOS": 2763.0, "GANADOR": "ABELARDO DE LA ESPRIELLA", "VOTOS_GANADOR": 1285.0, "PCT_GANADOR": 46.5 }, "geometry": { "type": "Point", "coordinates": [ -74.13547168, 4.61532107 ] } },
{ "type": "Feature", "properties": { "LOCALIDAD": "Kennedy", "DIRECCION": "CLL 20 Sur # 68 D - 36", "SITIO": "Villa Adriana", "NOMBRE": "Salón Comunal Villa Adriana", "ABELARDO DE LA ESPRIELLA": 1236.0, "CARLOS EDUARDO CAICEDO OMAR": 0.0, "CLAUDIA LÓPEZ": 64.0, "GUSTAVO MATAMOROS CAMACHO": 1.0, "IVÁN CEPEDA CASTRO": 826.0, "LUIS GILBERTO MURILLO URRUTIA": 2.0, "MIGUEL URIBE LONDOÑO": 4.0, "PALOMA VALENCIA LASERNA": 276.0, "RAÚL SANTIAGO BOTERO JARAMILLO": 4.0, "ROY LEONARDO BARRERAS MONTEALEGRE": 1.0, "SERGIO FAJARDO VALDERRAMA": 155.0, "SONDRA MACOLLINS GARVIN PINTO": 2.0, "ÓSCAR MAURICIO LIZCANO ARANGO": 2.0, "TOTAL_VOTOS": 2573.0, "GANADOR": "ABELARDO DE LA ESPRIELLA", "VOTOS_GANADOR": 1236.0, "PCT_GANADOR": 48.0 }, "geometry": { "type": "Point", "coordinates": [ -74.12908471, 4.61292395 ] } },
{ "type": "Feature", "properties": { "LOCALIDAD": "Kennedy", "DIRECCION": "CRA 71 C # 3 A - 41", "SITIO": "Superior Americano", "NOMBRE": "Colegio Superior Americano", "ABELARDO DE LA ESPRIELLA": 3745.0, "CARLOS EDUARDO CAICEDO OMAR": 0.0, "CLAUDIA LÓPEZ": 221.0, "GUSTAVO MATAMOROS CAMACHO": 1.0, "IVÁN CEPEDA CASTRO": 2380.0, "LUIS GILBERTO MURILLO URRUTIA": 4.0, "MIGUEL URIBE LONDOÑO": 8.0, "PALOMA VALENCIA LASERNA": 853.0, "RAÚL SANTIAGO BOTERO JARAMILLO": 22.0, "ROY LEONARDO BARRERAS MONTEALEGRE": 2.0, "SERGIO FAJARDO VALDERRAMA": 591.0, "SONDRA MACOLLINS GARVIN PINTO": 4.0, "ÓSCAR MAURICIO LIZCANO ARANGO": 12.0, "TOTAL_VOTOS": 7843.0, "GANADOR": "ABELARDO DE LA ESPRIELLA", "VOTOS_GANADOR": 3745.0, "PCT_GANADOR": 47.7 }, "geometry": { "type": "Point", "coordinates": [ -74.13590568, 4.62618638 ] } },
{ "type": "Feature", "properties": { "LOCALIDAD": "Kennedy", "DIRECCION": "CRA 68 B Bis # 1 - 09 Sur", "SITIO": "La Floresta Sur", "NOMBRE": "Colegio Distrital La Floresta Sur - Sede 1", "ABELARDO DE LA ESPRIELLA": 2254.0, "CARLOS EDUARDO CAICEDO OMAR": 1.0, "CLAUDIA LÓPEZ": 160.0, "GUSTAVO MATAMOROS CAMACHO": 0.0, "IVÁN CEPEDA CASTRO": 2260.0, "LUIS GILBERTO MURILLO URRUTIA": 1.0, "MIGUEL URIBE LONDOÑO": 6.0, "PALOMA VALENCIA LASERNA": 446.0, "RAÚL SANTIAGO BOTERO JARAMILLO": 36.0, "ROY LEONARDO BARRERAS MONTEALEGRE": 4.0, "SERGIO FAJARDO VALDERRAMA": 280.0, "SONDRA MACOLLINS GARVIN PINTO": 2.0, "ÓSCAR MAURICIO LIZCANO ARANGO": 10.0, "TOTAL_VOTOS": 5460.0, "GANADOR": "IVÁN CEPEDA CASTRO", "VOTOS_GANADOR": 2260.0, "PCT_GANADOR": 41.4 }, "geometry": { "type": "Point", "coordinates": [ -74.12744374, 4.62079586 ] } },
{ "type": "Feature", "properties": { "LOCALIDAD": "Kennedy", "DIRECCION": "CRA 69 # 7 - 90", "SITIO": "Marsella", "NOMBRE": "Colegio Distrital Marsella", "ABELARDO DE LA ESPRIELLA": 2456.0, "CARLOS EDUARDO CAICEDO OMAR": 1.0, "CLAUDIA LÓPEZ": 159.0, "GUSTAVO MATAMOROS CAMACHO": 1.0, "IVÁN CEPEDA CASTRO": 1931.0, "LUIS GILBERTO MURILLO URRUTIA": 3.0, "MIGUEL URIBE LONDOÑO": 0.0, "PALOMA VALENCIA LASERNA": 615.0, "RAÚL SANTIAGO BOTERO JARAMILLO": 20.0, "ROY LEONARDO BARRERAS MONTEALEGRE": 0.0, "SERGIO FAJARDO VALDERRAMA": 447.0, "SONDRA MACOLLINS GARVIN PINTO": 2.0, "ÓSCAR MAURICIO LIZCANO ARANGO": 11.0, "TOTAL_VOTOS": 5646.0, "GANADOR": "ABELARDO DE LA ESPRIELLA", "VOTOS_GANADOR": 2456.0, "PCT_GANADOR": 43.5 }, "geometry": { "type": "Point", "coordinates": [ -74.12731737, 4.63215129 ] } },
{ "type": "Feature", "properties": { "LOCALIDAD": "Kennedy", "DIRECCION": "CLL 7 A Bis # 71 A - 20", "SITIO": "Aloha", "NOMBRE": "Salón Comunal Aloha", "ABELARDO DE LA ESPRIELLA": 675.0, "CARLOS EDUARDO CAICEDO OMAR": 0.0, "CLAUDIA LÓPEZ": 32.0, "GUSTAVO MATAMOROS CAMACHO": 0.0, "IVÁN CEPEDA CASTRO": 453.0, "LUIS GILBERTO MURILLO URRUTIA": 0.0, "MIGUEL URIBE LONDOÑO": 0.0, "PALOMA VALENCIA LASERNA": 183.0, "RAÚL SANTIAGO BOTERO JARAMILLO": 5.0, "ROY LEONARDO BARRERAS MONTEALEGRE": 1.0, "SERGIO FAJARDO VALDERRAMA": 107.0, "SONDRA MACOLLINS GARVIN PINTO": 0.0, "ÓSCAR MAURICIO LIZCANO ARANGO": 3.0, "TOTAL_VOTOS": 1459.0, "GANADOR": "ABELARDO DE LA ESPRIELLA", "VOTOS_GANADOR": 675.0, "PCT_GANADOR": 46.3 }, "geometry": { "type": "Point", "coordinates": [ -74.1332479, 4.63290124 ] } },
{ "type": "Feature", "properties": { "LOCALIDAD": "Kennedy", "DIRECCION": "CLL 40 B Sur # 57 - 26 / CRA 68I # 39D - 04 Sur", "SITIO": "Villanueva", "NOMBRE": "Colegio Distrital Alfonso López Pumarejo - Sede B", "ABELARDO DE LA ESPRIELLA": 1102.0, "CARLOS EDUARDO CAICEDO OMAR": 0.0, "CLAUDIA LÓPEZ": 89.0, "GUSTAVO MATAMOROS CAMACHO": 1.0, "IVÁN CEPEDA CASTRO": 1301.0, "LUIS GILBERTO MURILLO URRUTIA": 5.0, "MIGUEL URIBE LONDOÑO": 3.0, "PALOMA VALENCIA LASERNA": 193.0, "RAÚL SANTIAGO BOTERO JARAMILLO": 14.0, "ROY LEONARDO BARRERAS MONTEALEGRE": 1.0, "SERGIO FAJARDO VALDERRAMA": 131.0, "SONDRA MACOLLINS GARVIN PINTO": 1.0, "ÓSCAR MAURICIO LIZCANO ARANGO": 5.0, "TOTAL_VOTOS": 2846.0, "GANADOR": "IVÁN CEPEDA CASTRO", "VOTOS_GANADOR": 1301.0, "PCT_GANADOR": 45.7 }, "geometry": { "type": "Point", "coordinates": [ -74.14097588, 4.60320002 ] } },
{ "type": "Feature", "properties": { "LOCALIDAD": "Kennedy", "DIRECCION": "CRA 87 H Bis # 39 A-23 Sur / CRA 87 H Bis # 39 - 23 Sur", "SITIO": "Col. Distrital Jairo Aníbal Niño", "NOMBRE": "Colegio Distrital Patio Bonito", "ABELARDO DE LA ESPRIELLA": 3393.0, "CARLOS EDUARDO CAICEDO OMAR": 6.0, "CLAUDIA LÓPEZ": 347.0, "GUSTAVO MATAMOROS CAMACHO": 3.0, "IVÁN CEPEDA CASTRO": 4803.0, "LUIS GILBERTO MURILLO URRUTIA": 4.0, "MIGUEL URIBE LONDOÑO": 14.0, "PALOMA VALENCIA LASERNA": 661.0, "RAÚL SANTIAGO BOTERO JARAMILLO": 106.0, "ROY LEONARDO BARRERAS MONTEALEGRE": 1.0, "SERGIO FAJARDO VALDERRAMA": 338.0, "SONDRA MACOLLINS GARVIN PINTO": 13.0, "ÓSCAR MAURICIO LIZCANO ARANGO": 19.0, "TOTAL_VOTOS": 9708.0, "GANADOR": "IVÁN CEPEDA CASTRO", "VOTOS_GANADOR": 4803.0, "PCT_GANADOR": 49.5 }, "geometry": { "type": "Point", "coordinates": [ -74.16683629, 4.63694086 ] } },
{ "type": "Feature", "properties": { "LOCALIDAD": "Kennedy", "DIRECCION": "CRA 80 D # 48 A - 17 Sur", "SITIO": "Salón Comunal Almenar", "NOMBRE": "Salón Comunal", "ABELARDO DE LA ESPRIELLA": 1156.0, "CARLOS EDUARDO CAICEDO OMAR": 3.0, "CLAUDIA LÓPEZ": 98.0, "GUSTAVO MATAMOROS CAMACHO": 0.0, "IVÁN CEPEDA CASTRO": 1375.0, "LUIS GILBERTO MURILLO URRUTIA": 5.0, "MIGUEL URIBE LONDOÑO": 10.0, "PALOMA VALENCIA LASERNA": 253.0, "RAÚL SANTIAGO BOTERO JARAMILLO": 29.0, "ROY LEONARDO BARRERAS MONTEALEGRE": 4.0, "SERGIO FAJARDO VALDERRAMA": 126.0, "SONDRA MACOLLINS GARVIN PINTO": 6.0, "ÓSCAR MAURICIO LIZCANO ARANGO": 10.0, "TOTAL_VOTOS": 3075.0, "GANADOR": "IVÁN CEPEDA CASTRO", "VOTOS_GANADOR": 1375.0, "PCT_GANADOR": 44.7 }, "geometry": { "type": "Point", "coordinates": [ -74.17039948, 4.61973032 ] } },
{ "type": "Feature", "properties": { "LOCALIDAD": "Kennedy", "DIRECCION": "CLL 37 B Sur # 68 D - 93", "SITIO": "Colegio Alquería", "NOMBRE": "Colegio Distrital Alquería", "ABELARDO DE LA ESPRIELLA": 2019.0, "CARLOS EDUARDO CAICEDO OMAR": 5.0, "CLAUDIA LÓPEZ": 187.0, "GUSTAVO MATAMOROS CAMACHO": 2.0, "IVÁN CEPEDA CASTRO": 2224.0, "LUIS GILBERTO MURILLO URRUTIA": 8.0, "MIGUEL URIBE LONDOÑO": 6.0, "PALOMA VALENCIA LASERNA": 355.0, "RAÚL SANTIAGO BOTERO JARAMILLO": 42.0, "ROY LEONARDO BARRERAS MONTEALEGRE": 3.0, "SERGIO FAJARDO VALDERRAMA": 203.0, "SONDRA MACOLLINS GARVIN PINTO": 6.0, "ÓSCAR MAURICIO LIZCANO ARANGO": 5.0, "TOTAL_VOTOS": 5065.0, "GANADOR": "IVÁN CEPEDA CASTRO", "VOTOS_GANADOR": 2224.0, "PCT_GANADOR": 43.9 }, "geometry": { "type": "Point", "coordinates": [ -74.13617279, 4.60493528 ] } },
{ "type": "Feature", "properties": { "LOCALIDAD": "Kennedy", "DIRECCION": "CLL 48 B # 72 K - 13 Sur", "SITIO": "Boita", "NOMBRE": "Salón Comunal Boita 1 Sector", "ABELARDO DE LA ESPRIELLA": 1595.0, "CARLOS EDUARDO CAICEDO OMAR": 1.0, "CLAUDIA LÓPEZ": 140.0, "GUSTAVO MATAMOROS CAMACHO": 0.0, "IVÁN CEPEDA CASTRO": 1972.0, "LUIS GILBERTO MURILLO URRUTIA": 6.0, "MIGUEL URIBE LONDOÑO": 6.0, "PALOMA VALENCIA LASERNA": 334.0, "RAÚL SANTIAGO BOTERO JARAMILLO": 28.0, "ROY LEONARDO BARRERAS MONTEALEGRE": 2.0, "SERGIO FAJARDO VALDERRAMA": 291.0, "SONDRA MACOLLINS GARVIN PINTO": 1.0, "ÓSCAR MAURICIO LIZCANO ARANGO": 12.0, "TOTAL_VOTOS": 4388.0, "GANADOR": "IVÁN CEPEDA CASTRO", "VOTOS_GANADOR": 1972.0, "PCT_GANADOR": 44.9 }, "geometry": { "type": "Point", "coordinates": [ -74.15258213, 4.60236291 ] } },
{ "type": "Feature", "properties": { "LOCALIDAD": "Kennedy", "DIRECCION": "CRA 74 # 42 G - 52 Sur", "SITIO": "Col de Timiza", "NOMBRE": "Col de Timiza", "ABELARDO DE LA ESPRIELLA": 2901.0, "CARLOS EDUARDO CAICEDO OMAR": 0.0, "CLAUDIA LÓPEZ": 138.0, "GUSTAVO MATAMOROS CAMACHO": 1.0, "IVÁN CEPEDA CASTRO": 2708.0, "LUIS GILBERTO MURILLO URRUTIA": 2.0, "MIGUEL URIBE LONDOÑO": 8.0, "PALOMA VALENCIA LASERNA": 531.0, "RAÚL SANTIAGO BOTERO JARAMILLO": 33.0, "ROY LEONARDO BARRERAS MONTEALEGRE": 3.0, "SERGIO FAJARDO VALDERRAMA": 465.0, "SONDRA MACOLLINS GARVIN PINTO": 5.0, "ÓSCAR MAURICIO LIZCANO ARANGO": 9.0, "TOTAL_VOTOS": 6804.0, "GANADOR": "ABELARDO DE LA ESPRIELLA", "VOTOS_GANADOR": 2901.0, "PCT_GANADOR": 42.6 }, "geometry": { "type": "Point", "coordinates": [ -74.15855086, 4.60983934 ] } },
{ "type": "Feature", "properties": { "LOCALIDAD": "Kennedy", "DIRECCION": "CLL 42 F Sur # 88 A - 25", "SITIO": "Col. Dis. Hernando Durán Dussan", "NOMBRE": "Colegio Distrital Hernando Durán Dussan", "ABELARDO DE LA ESPRIELLA": 2289.0, "CARLOS EDUARDO CAICEDO OMAR": 1.0, "CLAUDIA LÓPEZ": 193.0, "GUSTAVO MATAMOROS CAMACHO": 2.0, "IVÁN CEPEDA CASTRO": 3426.0, "LUIS GILBERTO MURILLO URRUTIA": 8.0, "MIGUEL URIBE LONDOÑO": 13.0, "PALOMA VALENCIA LASERNA": 531.0, "RAÚL SANTIAGO BOTERO JARAMILLO": 62.0, "ROY LEONARDO BARRERAS MONTEALEGRE": 5.0, "SERGIO FAJARDO VALDERRAMA": 337.0, "SONDRA MACOLLINS GARVIN PINTO": 4.0, "ÓSCAR MAURICIO LIZCANO ARANGO": 19.0, "TOTAL_VOTOS": 6890.0, "GANADOR": "IVÁN CEPEDA CASTRO", "VOTOS_GANADOR": 3426.0, "PCT_GANADOR": 49.7 }, "geometry": { "type": "Point", "coordinates": [ -74.17220866, 4.63459646 ] } },
{ "type": "Feature", "properties": { "LOCALIDAD": "Kennedy", "DIRECCION": "CRA 90 A # 39 - 12 Sur", "SITIO": "Col. Dis. Rodrigo de Triana - Sede B", "NOMBRE": "Colegio Distrital Rodrigo de Triana - Sede B", "ABELARDO DE LA ESPRIELLA": 1474.0, "CARLOS EDUARDO CAICEDO OMAR": 5.0, "CLAUDIA LÓPEZ": 174.0, "GUSTAVO MATAMOROS CAMACHO": 0.0, "IVÁN CEPEDA CASTRO": 1859.0, "LUIS GILBERTO MURILLO URRUTIA": 2.0, "MIGUEL URIBE LONDOÑO": 5.0, "PALOMA VALENCIA LASERNA": 335.0, "RAÚL SANTIAGO BOTERO JARAMILLO": 30.0, "ROY LEONARDO BARRERAS MONTEALEGRE": 5.0, "SERGIO FAJARDO VALDERRAMA": 127.0, "SONDRA MACOLLINS GARVIN PINTO": 5.0, "ÓSCAR MAURICIO LIZCANO ARANGO": 7.0, "TOTAL_VOTOS": 4028.0, "GANADOR": "IVÁN CEPEDA CASTRO", "VOTOS_GANADOR": 1859.0, "PCT_GANADOR": 46.2 }, "geometry": { "type": "Point", "coordinates": [ -74.16940801, 4.64064523 ] } },
{ "type": "Feature", "properties": { "LOCALIDAD": "Kennedy", "DIRECCION": "CRA 93 A # 42 A - 37 Sur", "SITIO": "Col. Dis. Eduardo Umaña Luna", "NOMBRE": "Colegio Distrital Eduardo Umaña Luna", "ABELARDO DE LA ESPRIELLA": 2483.0, "CARLOS EDUARDO CAICEDO OMAR": 3.0, "CLAUDIA LÓPEZ": 262.0, "GUSTAVO MATAMOROS CAMACHO": 3.0, "IVÁN CEPEDA CASTRO": 3892.0, "LUIS GILBERTO MURILLO URRUTIA": 9.0, "MIGUEL URIBE LONDOÑO": 13.0, "PALOMA VALENCIA LASERNA": 488.0, "RAÚL SANTIAGO BOTERO JARAMILLO": 77.0, "ROY LEONARDO BARRERAS MONTEALEGRE": 5.0, "SERGIO FAJARDO VALDERRAMA": 299.0, "SONDRA MACOLLINS GARVIN PINTO": 10.0, "ÓSCAR MAURICIO LIZCANO ARANGO": 23.0, "TOTAL_VOTOS": 7567.0, "GANADOR": "IVÁN CEPEDA CASTRO", "VOTOS_GANADOR": 3892.0, "PCT_GANADOR": 51.4 }, "geometry": { "type": "Point", "coordinates": [ -74.17467597, 4.64174278 ] } },
{ "type": "Feature", "properties": { "LOCALIDAD": "Kennedy", "DIRECCION": "AV Ciudad de Cali # 42 B - 51 Sur / AV CRA 86 # 42 B - 51 Sur", "SITIO": "Milenio Plaza", "NOMBRE": "Centro Comercial Milenio Plaza", "ABELARDO DE LA ESPRIELLA": 1311.0, "CARLOS EDUARDO CAICEDO OMAR": 0.0, "CLAUDIA LÓPEZ": 104.0, "GUSTAVO MATAMOROS CAMACHO": 3.0, "IVÁN CEPEDA CASTRO": 1756.0, "LUIS GILBERTO MURILLO URRUTIA": 2.0, "MIGUEL URIBE LONDOÑO": 4.0, "PALOMA VALENCIA LASERNA": 243.0, "RAÚL SANTIAGO BOTERO JARAMILLO": 40.0, "ROY LEONARDO BARRERAS MONTEALEGRE": 2.0, "SERGIO FAJARDO VALDERRAMA": 137.0, "SONDRA MACOLLINS GARVIN PINTO": 6.0, "ÓSCAR MAURICIO LIZCANO ARANGO": 9.0, "TOTAL_VOTOS": 3617.0, "GANADOR": "IVÁN CEPEDA CASTRO", "VOTOS_GANADOR": 1756.0, "PCT_GANADOR": 48.5 }, "geometry": { "type": "Point", "coordinates": [ -74.16878478, 4.63034909 ] } },
{ "type": "Feature", "properties": { "LOCALIDAD": "Kennedy", "DIRECCION": "CRA 82 Bis # 7 D - 12", "SITIO": "Liceo El Castillo", "NOMBRE": "Colegio Privado El Castillo", "ABELARDO DE LA ESPRIELLA": 1079.0, "CARLOS EDUARDO CAICEDO OMAR": 0.0, "CLAUDIA LÓPEZ": 69.0, "GUSTAVO MATAMOROS CAMACHO": 1.0, "IVÁN CEPEDA CASTRO": 791.0, "LUIS GILBERTO MURILLO URRUTIA": 1.0, "MIGUEL URIBE LONDOÑO": 1.0, "PALOMA VALENCIA LASERNA": 205.0, "RAÚL SANTIAGO BOTERO JARAMILLO": 14.0, "ROY LEONARDO BARRERAS MONTEALEGRE": 2.0, "SERGIO FAJARDO VALDERRAMA": 138.0, "SONDRA MACOLLINS GARVIN PINTO": 1.0, "ÓSCAR MAURICIO LIZCANO ARANGO": 5.0, "TOTAL_VOTOS": 2307.0, "GANADOR": "ABELARDO DE LA ESPRIELLA", "VOTOS_GANADOR": 1079.0, "PCT_GANADOR": 46.8 }, "geometry": { "type": "Point", "coordinates": [ -74.14992683, 4.64389462 ] } },
{ "type": "Feature", "properties": { "LOCALIDAD": "Kennedy", "DIRECCION": "CRA 87 A # 6 A - 23 / CRA 88 # 6 A - 28", "SITIO": "Col. Gabriel Betancourt Mejia", "NOMBRE": "Colegio Distrital Gabriel Betancourt Mejía", "ABELARDO DE LA ESPRIELLA": 4030.0, "CARLOS EDUARDO CAICEDO OMAR": 4.0, "CLAUDIA LÓPEZ": 357.0, "GUSTAVO MATAMOROS CAMACHO": 1.0, "IVÁN CEPEDA CASTRO": 3847.0, "LUIS GILBERTO MURILLO URRUTIA": 9.0, "MIGUEL URIBE LONDOÑO": 6.0, "PALOMA VALENCIA LASERNA": 910.0, "RAÚL SANTIAGO BOTERO JARAMILLO": 39.0, "ROY LEONARDO BARRERAS MONTEALEGRE": 7.0, "SERGIO FAJARDO VALDERRAMA": 590.0, "SONDRA MACOLLINS GARVIN PINTO": 6.0, "ÓSCAR MAURICIO LIZCANO ARANGO": 29.0, "TOTAL_VOTOS": 9835.0, "GANADOR": "ABELARDO DE LA ESPRIELLA", "VOTOS_GANADOR": 4030.0, "PCT_GANADOR": 41.0 }, "geometry": { "type": "Point", "coordinates": [ -74.15653034, 4.64454144 ] } },
{ "type": "Feature", "properties": { "LOCALIDAD": "Kennedy", "DIRECCION": "CLL 5 A Sur # 82 - 63 / CLL 5 A Sur # 82 - 01", "SITIO": "María Paz", "NOMBRE": "Salón Comunal María Paz", "ABELARDO DE LA ESPRIELLA": 1304.0, "CARLOS EDUARDO CAICEDO OMAR": 2.0, "CLAUDIA LÓPEZ": 95.0, "GUSTAVO MATAMOROS CAMACHO": 1.0, "IVÁN CEPEDA CASTRO": 1627.0, "LUIS GILBERTO MURILLO URRUTIA": 3.0, "MIGUEL URIBE LONDOÑO": 4.0, "PALOMA VALENCIA LASERNA": 222.0, "RAÚL SANTIAGO BOTERO JARAMILLO": 43.0, "ROY LEONARDO BARRERAS MONTEALEGRE": 1.0, "SERGIO FAJARDO VALDERRAMA": 128.0, "SONDRA MACOLLINS GARVIN PINTO": 5.0, "ÓSCAR MAURICIO LIZCANO ARANGO": 9.0, "TOTAL_VOTOS": 3444.0, "GANADOR": "IVÁN CEPEDA CASTRO", "VOTOS_GANADOR": 1627.0, "PCT_GANADOR": 47.2 }, "geometry": { "type": "Point", "coordinates": [ -74.15796744, 4.63686868 ] } },
{ "type": "Feature", "properties": { "LOCALIDAD": "Kennedy", "DIRECCION": "CRA 91 # 43 - 98 Sur / CRA 90 A # 46 - 50 Sur", "SITIO": "Colegio Nelson Mandela", "NOMBRE": "Colegio Disitrital Nelson Mandela", "ABELARDO DE LA ESPRIELLA": 1801.0, "CARLOS EDUARDO CAICEDO OMAR": 3.0, "CLAUDIA LÓPEZ": 179.0, "GUSTAVO MATAMOROS CAMACHO": 3.0, "IVÁN CEPEDA CASTRO": 3141.0, "LUIS GILBERTO MURILLO URRUTIA": 3.0, "MIGUEL URIBE LONDOÑO": 5.0, "PALOMA VALENCIA LASERNA": 390.0, "RAÚL SANTIAGO BOTERO JARAMILLO": 45.0, "ROY LEONARDO BARRERAS MONTEALEGRE": 5.0, "SERGIO FAJARDO VALDERRAMA": 337.0, "SONDRA MACOLLINS GARVIN PINTO": 3.0, "ÓSCAR MAURICIO LIZCANO ARANGO": 9.0, "TOTAL_VOTOS": 5924.0, "GANADOR": "IVÁN CEPEDA CASTRO", "VOTOS_GANADOR": 3141.0, "PCT_GANADOR": 53.0 }, "geometry": { "type": "Point", "coordinates": [ -74.17790968, 4.63585371 ] } },
{ "type": "Feature", "properties": { "LOCALIDAD": "Kennedy", "DIRECCION": "CLL 56 A Sur # 78 A - 20", "SITIO": "Colegio Class I.E.D. Sede B", "NOMBRE": "Colegio Distrital Class - Sede B", "ABELARDO DE LA ESPRIELLA": 1462.0, "CARLOS EDUARDO CAICEDO OMAR": 4.0, "CLAUDIA LÓPEZ": 113.0, "GUSTAVO MATAMOROS CAMACHO": 0.0, "IVÁN CEPEDA CASTRO": 3008.0, "LUIS GILBERTO MURILLO URRUTIA": 2.0, "MIGUEL URIBE LONDOÑO": 4.0, "PALOMA VALENCIA LASERNA": 337.0, "RAÚL SANTIAGO BOTERO JARAMILLO": 33.0, "ROY LEONARDO BARRERAS MONTEALEGRE": 2.0, "SERGIO FAJARDO VALDERRAMA": 353.0, "SONDRA MACOLLINS GARVIN PINTO": 1.0, "ÓSCAR MAURICIO LIZCANO ARANGO": 1.0, "TOTAL_VOTOS": 5320.0, "GANADOR": "IVÁN CEPEDA CASTRO", "VOTOS_GANADOR": 3008.0, "PCT_GANADOR": 56.5 }, "geometry": { "type": "Point", "coordinates": [ -74.17120201, 4.60889326 ] } },
{ "type": "Feature", "properties": { "LOCALIDAD": "Kennedy", "DIRECCION": "CLL 49 Sur # 78 - 35", "SITIO": "Col. Dis. Villa Rica - sede B", "NOMBRE": "Colegio Distrital Villa Rica - Sede B", "ABELARDO DE LA ESPRIELLA": 1236.0, "CARLOS EDUARDO CAICEDO OMAR": 0.0, "CLAUDIA LÓPEZ": 101.0, "GUSTAVO MATAMOROS CAMACHO": 2.0, "IVÁN CEPEDA CASTRO": 2369.0, "LUIS GILBERTO MURILLO URRUTIA": 2.0, "MIGUEL URIBE LONDOÑO": 4.0, "PALOMA VALENCIA LASERNA": 230.0, "RAÚL SANTIAGO BOTERO JARAMILLO": 30.0, "ROY LEONARDO BARRERAS MONTEALEGRE": 2.0, "SERGIO FAJARDO VALDERRAMA": 204.0, "SONDRA MACOLLINS GARVIN PINTO": 1.0, "ÓSCAR MAURICIO LIZCANO ARANGO": 10.0, "TOTAL_VOTOS": 4191.0, "GANADOR": "IVÁN CEPEDA CASTRO", "VOTOS_GANADOR": 2369.0, "PCT_GANADOR": 56.5 }, "geometry": { "type": "Point", "coordinates": [ -74.16641358, 4.61143764 ] } },
{ "type": "Feature", "properties": { "LOCALIDAD": "Kennedy", "DIRECCION": "TRV 85 A # 49 - 45 Sur", "SITIO": "Colegio Jaime Garzón", "NOMBRE": "Colegio Distrital Jaime Garzón", "ABELARDO DE LA ESPRIELLA": 3029.0, "CARLOS EDUARDO CAICEDO OMAR": 6.0, "CLAUDIA LÓPEZ": 232.0, "GUSTAVO MATAMOROS CAMACHO": 1.0, "IVÁN CEPEDA CASTRO": 5321.0, "LUIS GILBERTO MURILLO URRUTIA": 6.0, "MIGUEL URIBE LONDOÑO": 13.0, "PALOMA VALENCIA LASERNA": 617.0, "RAÚL SANTIAGO BOTERO JARAMILLO": 74.0, "ROY LEONARDO BARRERAS MONTEALEGRE": 6.0, "SERGIO FAJARDO VALDERRAMA": 605.0, "SONDRA MACOLLINS GARVIN PINTO": 4.0, "ÓSCAR MAURICIO LIZCANO ARANGO": 13.0, "TOTAL_VOTOS": 9927.0, "GANADOR": "IVÁN CEPEDA CASTRO", "VOTOS_GANADOR": 5321.0, "PCT_GANADOR": 53.6 }, "geometry": { "type": "Point", "coordinates": [ -74.17558465, 4.62582794 ] } },
{ "type": "Feature", "properties": { "LOCALIDAD": "Kennedy", "DIRECCION": "CRA 84 A # 57 B - 04 Sur / CRA 84 A # 57 B - 22 Sur", "SITIO": "Colegio Debora Arango", "NOMBRE": "Colegio Distrital Debora Arango Pérez", "ABELARDO DE LA ESPRIELLA": 885.0, "CARLOS EDUARDO CAICEDO OMAR": 3.0, "CLAUDIA LÓPEZ": 89.0, "GUSTAVO MATAMOROS CAMACHO": 0.0, "IVÁN CEPEDA CASTRO": 1740.0, "LUIS GILBERTO MURILLO URRUTIA": 3.0, "MIGUEL URIBE LONDOÑO": 6.0, "PALOMA VALENCIA LASERNA": 188.0, "RAÚL SANTIAGO BOTERO JARAMILLO": 20.0, "ROY LEONARDO BARRERAS MONTEALEGRE": 3.0, "SERGIO FAJARDO VALDERRAMA": 150.0, "SONDRA MACOLLINS GARVIN PINTO": 2.0, "ÓSCAR MAURICIO LIZCANO ARANGO": 7.0, "TOTAL_VOTOS": 3096.0, "GANADOR": "IVÁN CEPEDA CASTRO", "VOTOS_GANADOR": 1740.0, "PCT_GANADOR": 56.2 }, "geometry": { "type": "Point", "coordinates": [ -74.18313506, 4.61796959 ] } },
{ "type": "Feature", "properties": { "LOCALIDAD": "Fontibon", "DIRECCION": "CRA 99 CLL 17 A Esquina / CRA 99 # 17A - 62", "SITIO": "Fontibón", "NOMBRE": "Colegio Parroquial San Pedro Claver", "ABELARDO DE LA ESPRIELLA": 5284.0, "CARLOS EDUARDO CAICEDO OMAR": 7.0, "CLAUDIA LÓPEZ": 364.0, "GUSTAVO MATAMOROS CAMACHO": 3.0, "IVÁN CEPEDA CASTRO": 4029.0, "LUIS GILBERTO MURILLO URRUTIA": 9.0, "MIGUEL URIBE LONDOÑO": 22.0, "PALOMA VALENCIA LASERNA": 1169.0, "RAÚL SANTIAGO BOTERO JARAMILLO": 56.0, "ROY LEONARDO BARRERAS MONTEALEGRE": 6.0, "SERGIO FAJARDO VALDERRAMA": 530.0, "SONDRA MACOLLINS GARVIN PINTO": 12.0, "ÓSCAR MAURICIO LIZCANO ARANGO": 28.0, "TOTAL_VOTOS": 11519.0, "GANADOR": "ABELARDO DE LA ESPRIELLA", "VOTOS_GANADOR": 5284.0, "PCT_GANADOR": 45.9 }, "geometry": { "type": "Point", "coordinates": [ -74.14450538, 4.67263517 ] } },
{ "type": "Feature", "properties": { "LOCALIDAD": "Fontibon", "DIRECCION": "CLL 20 D # 96 G - 51", "SITIO": "Villemar", "NOMBRE": "Colegio Distrital Villemar El Carmen", "ABELARDO DE LA ESPRIELLA": 4386.0, "CARLOS EDUARDO CAICEDO OMAR": 0.0, "CLAUDIA LÓPEZ": 268.0, "GUSTAVO MATAMOROS CAMACHO": 4.0, "IVÁN CEPEDA CASTRO": 4038.0, "LUIS GILBERTO MURILLO URRUTIA": 8.0, "MIGUEL URIBE LONDOÑO": 7.0, "PALOMA VALENCIA LASERNA": 911.0, "RAÚL SANTIAGO BOTERO JARAMILLO": 50.0, "ROY LEONARDO BARRERAS MONTEALEGRE": 2.0, "SERGIO FAJARDO VALDERRAMA": 909.0, "SONDRA MACOLLINS GARVIN PINTO": 9.0, "ÓSCAR MAURICIO LIZCANO ARANGO": 13.0, "TOTAL_VOTOS": 10605.0, "GANADOR": "ABELARDO DE LA ESPRIELLA", "VOTOS_GANADOR": 4386.0, "PCT_GANADOR": 41.4 }, "geometry": { "type": "Point", "coordinates": [ -74.13918465, 4.67259423 ] } },
{ "type": "Feature", "properties": { "LOCALIDAD": "Fontibon", "DIRECCION": "CLL 20 # 82 - 52", "SITIO": "Hayuelos Centro Comercial", "NOMBRE": "Centro Comercial Hayuelos", "ABELARDO DE LA ESPRIELLA": 6145.0, "CARLOS EDUARDO CAICEDO OMAR": 0.0, "CLAUDIA LÓPEZ": 297.0, "GUSTAVO MATAMOROS CAMACHO": 0.0, "IVÁN CEPEDA CASTRO": 3397.0, "LUIS GILBERTO MURILLO URRUTIA": 2.0, "MIGUEL URIBE LONDOÑO": 5.0, "PALOMA VALENCIA LASERNA": 1525.0, "RAÚL SANTIAGO BOTERO JARAMILLO": 21.0, "ROY LEONARDO BARRERAS MONTEALEGRE": 3.0, "SERGIO FAJARDO VALDERRAMA": 1187.0, "SONDRA MACOLLINS GARVIN PINTO": 7.0, "ÓSCAR MAURICIO LIZCANO ARANGO": 12.0, "TOTAL_VOTOS": 12601.0, "GANADOR": "ABELARDO DE LA ESPRIELLA", "VOTOS_GANADOR": 6145.0, "PCT_GANADOR": 48.8 }, "geometry": { "type": "Point", "coordinates": [ -74.13054684, 4.66420361 ] } },
{ "type": "Feature", "properties": { "LOCALIDAD": "Fontibon", "DIRECCION": "CRA 106 # 18 - 77", "SITIO": "Belén", "NOMBRE": "Colegio Integrado de Fontibón", "ABELARDO DE LA ESPRIELLA": 3131.0, "CARLOS EDUARDO CAICEDO OMAR": 3.0, "CLAUDIA LÓPEZ": 255.0, "GUSTAVO MATAMOROS CAMACHO": 3.0, "IVÁN CEPEDA CASTRO": 3776.0, "LUIS GILBERTO MURILLO URRUTIA": 9.0, "MIGUEL URIBE LONDOÑO": 6.0, "PALOMA VALENCIA LASERNA": 733.0, "RAÚL SANTIAGO BOTERO JARAMILLO": 72.0, "ROY LEONARDO BARRERAS MONTEALEGRE": 9.0, "SERGIO FAJARDO VALDERRAMA": 517.0, "SONDRA MACOLLINS GARVIN PINTO": 1.0, "ÓSCAR MAURICIO LIZCANO ARANGO": 21.0, "TOTAL_VOTOS": 8536.0, "GANADOR": "IVÁN CEPEDA CASTRO", "VOTOS_GANADOR": 3776.0, "PCT_GANADOR": 44.2 }, "geometry": { "type": "Point", "coordinates": [ -74.14731025, 4.67843395 ] } },
{ "type": "Feature", "properties": { "LOCALIDAD": "Fontibon", "DIRECCION": "CLL 17 D # 123 B - 37", "SITIO": "San Pablo La Perla", "NOMBRE": "Colegio Distrital Antonio Van Üden", "ABELARDO DE LA ESPRIELLA": 1537.0, "CARLOS EDUARDO CAICEDO OMAR": 3.0, "CLAUDIA LÓPEZ": 150.0, "GUSTAVO MATAMOROS CAMACHO": 0.0, "IVÁN CEPEDA CASTRO": 2164.0, "LUIS GILBERTO MURILLO URRUTIA": 5.0, "MIGUEL URIBE LONDOÑO": 3.0, "PALOMA VALENCIA LASERNA": 345.0, "RAÚL SANTIAGO BOTERO JARAMILLO": 42.0, "ROY LEONARDO BARRERAS MONTEALEGRE": 2.0, "SERGIO FAJARDO VALDERRAMA": 273.0, "SONDRA MACOLLINS GARVIN PINTO": 4.0, "ÓSCAR MAURICIO LIZCANO ARANGO": 11.0, "TOTAL_VOTOS": 4539.0, "GANADOR": "IVÁN CEPEDA CASTRO", "VOTOS_GANADOR": 2164.0, "PCT_GANADOR": 47.7 }, "geometry": { "type": "Point", "coordinates": [ -74.15887107, 4.68899323 ] } },
{ "type": "Feature", "properties": { "LOCALIDAD": "Fontibon", "DIRECCION": "CRA 101 # 23 - 42", "SITIO": "Veracruz", "NOMBRE": "Colegio Distrital República de Costa Rica - Sede C", "ABELARDO DE LA ESPRIELLA": 3036.0, "CARLOS EDUARDO CAICEDO OMAR": 3.0, "CLAUDIA LÓPEZ": 177.0, "GUSTAVO MATAMOROS CAMACHO": 2.0, "IVÁN CEPEDA CASTRO": 2861.0, "LUIS GILBERTO MURILLO URRUTIA": 4.0, "MIGUEL URIBE LONDOÑO": 10.0, "PALOMA VALENCIA LASERNA": 780.0, "RAÚL SANTIAGO BOTERO JARAMILLO": 42.0, "ROY LEONARDO BARRERAS MONTEALEGRE": 4.0, "SERGIO FAJARDO VALDERRAMA": 453.0, "SONDRA MACOLLINS GARVIN PINTO": 12.0, "ÓSCAR MAURICIO LIZCANO ARANGO": 14.0, "TOTAL_VOTOS": 7398.0, "GANADOR": "ABELARDO DE LA ESPRIELLA", "VOTOS_GANADOR": 3036.0, "PCT_GANADOR": 41.0 }, "geometry": { "type": "Point", "coordinates": [ -74.13770942, 4.6794464 ] } },
{ "type": "Feature", "properties": { "LOCALIDAD": "Fontibon", "DIRECCION": "CLL 25 B # 81 - 41 / CRA 81C # 24D 60", "SITIO": "Modelia Sur", "NOMBRE": "Salón Múltiple Comunitario", "ABELARDO DE LA ESPRIELLA": 2955.0, "CARLOS EDUARDO CAICEDO OMAR": 0.0, "CLAUDIA LÓPEZ": 102.0, "GUSTAVO MATAMOROS CAMACHO": 0.0, "IVÁN CEPEDA CASTRO": 1158.0, "LUIS GILBERTO MURILLO URRUTIA": 3.0, "MIGUEL URIBE LONDOÑO": 2.0, "PALOMA VALENCIA LASERNA": 715.0, "RAÚL SANTIAGO BOTERO JARAMILLO": 3.0, "ROY LEONARDO BARRERAS MONTEALEGRE": 5.0, "SERGIO FAJARDO VALDERRAMA": 441.0, "SONDRA MACOLLINS GARVIN PINTO": 7.0, "ÓSCAR MAURICIO LIZCANO ARANGO": 4.0, "TOTAL_VOTOS": 5395.0, "GANADOR": "ABELARDO DE LA ESPRIELLA", "VOTOS_GANADOR": 2955.0, "PCT_GANADOR": 54.8 }, "geometry": { "type": "Point", "coordinates": [ -74.11924086, 4.67004975 ] } },
{ "type": "Feature", "properties": { "LOCALIDAD": "Fontibon", "DIRECCION": "CLL 25 B # 83 - 14", "SITIO": "Santa Cecilia - Modelia", "NOMBRE": "Colegio Distrital Santa Cecilia", "ABELARDO DE LA ESPRIELLA": 2224.0, "CARLOS EDUARDO CAICEDO OMAR": 0.0, "CLAUDIA LÓPEZ": 96.0, "GUSTAVO MATAMOROS CAMACHO": 0.0, "IVÁN CEPEDA CASTRO": 1224.0, "LUIS GILBERTO MURILLO URRUTIA": 2.0, "MIGUEL URIBE LONDOÑO": 4.0, "PALOMA VALENCIA LASERNA": 539.0, "RAÚL SANTIAGO BOTERO JARAMILLO": 7.0, "ROY LEONARDO BARRERAS MONTEALEGRE": 5.0, "SERGIO FAJARDO VALDERRAMA": 396.0, "SONDRA MACOLLINS GARVIN PINTO": 2.0, "ÓSCAR MAURICIO LIZCANO ARANGO": 1.0, "TOTAL_VOTOS": 4500.0, "GANADOR": "ABELARDO DE LA ESPRIELLA", "VOTOS_GANADOR": 2224.0, "PCT_GANADOR": 49.4 }, "geometry": { "type": "Point", "coordinates": [ -74.12063459, 4.67195766 ] } },
{ "type": "Feature", "properties": { "LOCALIDAD": "Fontibon", "DIRECCION": "CRA 97 # 16 J - 15", "SITIO": "Centro A", "NOMBRE": "Colegio Distrital Rodrigo Arenas Betancourt", "ABELARDO DE LA ESPRIELLA": 1783.0, "CARLOS EDUARDO CAICEDO OMAR": 1.0, "CLAUDIA LÓPEZ": 100.0, "GUSTAVO MATAMOROS CAMACHO": 0.0, "IVÁN CEPEDA CASTRO": 1908.0, "LUIS GILBERTO MURILLO URRUTIA": 0.0, "MIGUEL URIBE LONDOÑO": 7.0, "PALOMA VALENCIA LASERNA": 367.0, "RAÚL SANTIAGO BOTERO JARAMILLO": 19.0, "ROY LEONARDO BARRERAS MONTEALEGRE": 4.0, "SERGIO FAJARDO VALDERRAMA": 282.0, "SONDRA MACOLLINS GARVIN PINTO": 0.0, "ÓSCAR MAURICIO LIZCANO ARANGO": 8.0, "TOTAL_VOTOS": 4479.0, "GANADOR": "IVÁN CEPEDA CASTRO", "VOTOS_GANADOR": 1908.0, "PCT_GANADOR": 42.6 }, "geometry": { "type": "Point", "coordinates": [ -74.14464348, 4.67062762 ] } },
{ "type": "Feature", "properties": { "LOCALIDAD": "Fontibon", "DIRECCION": "CLL 16 F Bis # 102 - 70", "SITIO": "La Laguna", "NOMBRE": "Colegio Distrital Pablo Neruda", "ABELARDO DE LA ESPRIELLA": 3334.0, "CARLOS EDUARDO CAICEDO OMAR": 1.0, "CLAUDIA LÓPEZ": 215.0, "GUSTAVO MATAMOROS CAMACHO": 4.0, "IVÁN CEPEDA CASTRO": 3500.0, "LUIS GILBERTO MURILLO URRUTIA": 0.0, "MIGUEL URIBE LONDOÑO": 6.0, "PALOMA VALENCIA LASERNA": 714.0, "RAÚL SANTIAGO BOTERO JARAMILLO": 66.0, "ROY LEONARDO BARRERAS MONTEALEGRE": 4.0, "SERGIO FAJARDO VALDERRAMA": 531.0, "SONDRA MACOLLINS GARVIN PINTO": 6.0, "ÓSCAR MAURICIO LIZCANO ARANGO": 16.0, "TOTAL_VOTOS": 8397.0, "GANADOR": "IVÁN CEPEDA CASTRO", "VOTOS_GANADOR": 3500.0, "PCT_GANADOR": 41.7 }, "geometry": { "type": "Point", "coordinates": [ -74.14939245, 4.67224561 ] } },
{ "type": "Feature", "properties": { "LOCALIDAD": "Fontibon", "DIRECCION": "CRA 114 # 17 C - 07", "SITIO": "Batavia", "NOMBRE": "Concentración Escolar Batavia", "ABELARDO DE LA ESPRIELLA": 1086.0, "CARLOS EDUARDO CAICEDO OMAR": 2.0, "CLAUDIA LÓPEZ": 90.0, "GUSTAVO MATAMOROS CAMACHO": 1.0, "IVÁN CEPEDA CASTRO": 1377.0, "LUIS GILBERTO MURILLO URRUTIA": 2.0, "MIGUEL URIBE LONDOÑO": 5.0, "PALOMA VALENCIA LASERNA": 250.0, "RAÚL SANTIAGO BOTERO JARAMILLO": 17.0, "ROY LEONARDO BARRERAS MONTEALEGRE": 0.0, "SERGIO FAJARDO VALDERRAMA": 148.0, "SONDRA MACOLLINS GARVIN PINTO": 4.0, "ÓSCAR MAURICIO LIZCANO ARANGO": 4.0, "TOTAL_VOTOS": 2986.0, "GANADOR": "IVÁN CEPEDA CASTRO", "VOTOS_GANADOR": 1377.0, "PCT_GANADOR": 46.1 }, "geometry": { "type": "Point", "coordinates": [ -74.15300324, 4.68268358 ] } },
{ "type": "Feature", "properties": { "LOCALIDAD": "Fontibon", "DIRECCION": "CRA 104 B # 22 J - 15 /CLL 23 # 104 B - 15", "SITIO": "La Giralda", "NOMBRE": "Subdirección de Integración Social", "ABELARDO DE LA ESPRIELLA": 1897.0, "CARLOS EDUARDO CAICEDO OMAR": 4.0, "CLAUDIA LÓPEZ": 160.0, "GUSTAVO MATAMOROS CAMACHO": 0.0, "IVÁN CEPEDA CASTRO": 2187.0, "LUIS GILBERTO MURILLO URRUTIA": 0.0, "MIGUEL URIBE LONDOÑO": 3.0, "PALOMA VALENCIA LASERNA": 493.0, "RAÚL SANTIAGO BOTERO JARAMILLO": 20.0, "ROY LEONARDO BARRERAS MONTEALEGRE": 2.0, "SERGIO FAJARDO VALDERRAMA": 279.0, "SONDRA MACOLLINS GARVIN PINTO": 3.0, "ÓSCAR MAURICIO LIZCANO ARANGO": 12.0, "TOTAL_VOTOS": 5060.0, "GANADOR": "IVÁN CEPEDA CASTRO", "VOTOS_GANADOR": 2187.0, "PCT_GANADOR": 43.2 }, "geometry": { "type": "Point", "coordinates": [ -74.14173479, 4.68172534 ] } },
{ "type": "Feature", "properties": { "LOCALIDAD": "Fontibon", "DIRECCION": "CLL 25 C Bis B # 96 - 56", "SITIO": "Puerta de Teja", "NOMBRE": "Colegio Distrital Costa Rica - Sede C", "ABELARDO DE LA ESPRIELLA": 593.0, "CARLOS EDUARDO CAICEDO OMAR": 0.0, "CLAUDIA LÓPEZ": 41.0, "GUSTAVO MATAMOROS CAMACHO": 0.0, "IVÁN CEPEDA CASTRO": 634.0, "LUIS GILBERTO MURILLO URRUTIA": 2.0, "MIGUEL URIBE LONDOÑO": 1.0, "PALOMA VALENCIA LASERNA": 147.0, "RAÚL SANTIAGO BOTERO JARAMILLO": 9.0, "ROY LEONARDO BARRERAS MONTEALEGRE": 2.0, "SERGIO FAJARDO VALDERRAMA": 97.0, "SONDRA MACOLLINS GARVIN PINTO": 2.0, "ÓSCAR MAURICIO LIZCANO ARANGO": 7.0, "TOTAL_VOTOS": 1535.0, "GANADOR": "IVÁN CEPEDA CASTRO", "VOTOS_GANADOR": 634.0, "PCT_GANADOR": 41.3 }, "geometry": { "type": "Point", "coordinates": [ -74.12699896, 4.68217956 ] } },
{ "type": "Feature", "properties": { "LOCALIDAD": "Fontibon", "DIRECCION": "CLL 23 C # 69 B - 02", "SITIO": "Agustiniano - Salitre", "NOMBRE": "Colegio Agustiniano Salitre", "ABELARDO DE LA ESPRIELLA": 1801.0, "CARLOS EDUARDO CAICEDO OMAR": 1.0, "CLAUDIA LÓPEZ": 71.0, "GUSTAVO MATAMOROS CAMACHO": 0.0, "IVÁN CEPEDA CASTRO": 827.0, "LUIS GILBERTO MURILLO URRUTIA": 1.0, "MIGUEL URIBE LONDOÑO": 2.0, "PALOMA VALENCIA LASERNA": 450.0, "RAÚL SANTIAGO BOTERO JARAMILLO": 4.0, "ROY LEONARDO BARRERAS MONTEALEGRE": 2.0, "SERGIO FAJARDO VALDERRAMA": 210.0, "SONDRA MACOLLINS GARVIN PINTO": 1.0, "ÓSCAR MAURICIO LIZCANO ARANGO": 3.0, "TOTAL_VOTOS": 3373.0, "GANADOR": "ABELARDO DE LA ESPRIELLA", "VOTOS_GANADOR": 1801.0, "PCT_GANADOR": 53.4 }, "geometry": { "type": "Point", "coordinates": [ -74.11834597, 4.6600551 ] } },
{ "type": "Feature", "properties": { "LOCALIDAD": "Fontibon", "DIRECCION": "CRA 137 A # 17 D - 31", "SITIO": "Puente Grande", "NOMBRE": "Liceo Juvenil Moravia", "ABELARDO DE LA ESPRIELLA": 731.0, "CARLOS EDUARDO CAICEDO OMAR": 0.0, "CLAUDIA LÓPEZ": 78.0, "GUSTAVO MATAMOROS CAMACHO": 1.0, "IVÁN CEPEDA CASTRO": 1214.0, "LUIS GILBERTO MURILLO URRUTIA": 1.0, "MIGUEL URIBE LONDOÑO": 5.0, "PALOMA VALENCIA LASERNA": 129.0, "RAÚL SANTIAGO BOTERO JARAMILLO": 26.0, "ROY LEONARDO BARRERAS MONTEALEGRE": 0.0, "SERGIO FAJARDO VALDERRAMA": 89.0, "SONDRA MACOLLINS GARVIN PINTO": 0.0, "ÓSCAR MAURICIO LIZCANO ARANGO": 2.0, "TOTAL_VOTOS": 2276.0, "GANADOR": "IVÁN CEPEDA CASTRO", "VOTOS_GANADOR": 1214.0, "PCT_GANADOR": 53.3 }, "geometry": { "type": "Point", "coordinates": [ -74.1681164, 4.69766389 ] } },
{ "type": "Feature", "properties": { "LOCALIDAD": "Fontibon", "DIRECCION": "CLL 14 A # 108 - 78", "SITIO": "Zona Franca", "NOMBRE": "Colegio Distrital Carlo Federici", "ABELARDO DE LA ESPRIELLA": 3318.0, "CARLOS EDUARDO CAICEDO OMAR": 4.0, "CLAUDIA LÓPEZ": 266.0, "GUSTAVO MATAMOROS CAMACHO": 0.0, "IVÁN CEPEDA CASTRO": 4725.0, "LUIS GILBERTO MURILLO URRUTIA": 4.0, "MIGUEL URIBE LONDOÑO": 6.0, "PALOMA VALENCIA LASERNA": 726.0, "RAÚL SANTIAGO BOTERO JARAMILLO": 44.0, "ROY LEONARDO BARRERAS MONTEALEGRE": 10.0, "SERGIO FAJARDO VALDERRAMA": 702.0, "SONDRA MACOLLINS GARVIN PINTO": 10.0, "ÓSCAR MAURICIO LIZCANO ARANGO": 20.0, "TOTAL_VOTOS": 9835.0, "GANADOR": "IVÁN CEPEDA CASTRO", "VOTOS_GANADOR": 4725.0, "PCT_GANADOR": 48.0 }, "geometry": { "type": "Point", "coordinates": [ -74.15965763, 4.67173957 ] } },
{ "type": "Feature", "properties": { "LOCALIDAD": "Fontibon", "DIRECCION": "CLL 14 B # 119 A - 17", "SITIO": "Recodo", "NOMBRE": "Salón Social Conjunto Residencial Fontibón Reservado", "ABELARDO DE LA ESPRIELLA": 1554.0, "CARLOS EDUARDO CAICEDO OMAR": 3.0, "CLAUDIA LÓPEZ": 149.0, "GUSTAVO MATAMOROS CAMACHO": 0.0, "IVÁN CEPEDA CASTRO": 1992.0, "LUIS GILBERTO MURILLO URRUTIA": 5.0, "MIGUEL URIBE LONDOÑO": 6.0, "PALOMA VALENCIA LASERNA": 377.0, "RAÚL SANTIAGO BOTERO JARAMILLO": 32.0, "ROY LEONARDO BARRERAS MONTEALEGRE": 3.0, "SERGIO FAJARDO VALDERRAMA": 250.0, "SONDRA MACOLLINS GARVIN PINTO": 2.0, "ÓSCAR MAURICIO LIZCANO ARANGO": 11.0, "TOTAL_VOTOS": 4384.0, "GANADOR": "IVÁN CEPEDA CASTRO", "VOTOS_GANADOR": 1992.0, "PCT_GANADOR": 45.4 }, "geometry": { "type": "Point", "coordinates": [ -74.16613787, 4.68047745 ] } },
{ "type": "Feature", "properties": { "LOCALIDAD": "Engativá", "DIRECCION": "CLL 71 # 75 - 11", "SITIO": "Boyacá", "NOMBRE": "Colegio Distrital Manuela Ayala de Gaitán - Sede A", "ABELARDO DE LA ESPRIELLA": 2826.0, "CARLOS EDUARDO CAICEDO OMAR": 1.0, "CLAUDIA LÓPEZ": 180.0, "GUSTAVO MATAMOROS CAMACHO": 0.0, "IVÁN CEPEDA CASTRO": 2304.0, "LUIS GILBERTO MURILLO URRUTIA": 3.0, "MIGUEL URIBE LONDOÑO": 7.0, "PALOMA VALENCIA LASERNA": 623.0, "RAÚL SANTIAGO BOTERO JARAMILLO": 30.0, "ROY LEONARDO BARRERAS MONTEALEGRE": 1.0, "SERGIO FAJARDO VALDERRAMA": 315.0, "SONDRA MACOLLINS GARVIN PINTO": 6.0, "ÓSCAR MAURICIO LIZCANO ARANGO": 12.0, "TOTAL_VOTOS": 6308.0, "GANADOR": "ABELARDO DE LA ESPRIELLA", "VOTOS_GANADOR": 2826.0, "PCT_GANADOR": 44.8 }, "geometry": { "type": "Point", "coordinates": [ -74.09952889, 4.68813907 ] } },
{ "type": "Feature", "properties": { "LOCALIDAD": "Engativá", "DIRECCION": "CRA 123 # 65 A - 03 / CLL 65A # 123 - 38", "SITIO": "Engativá", "NOMBRE": "Colegio Distrital General Santander", "ABELARDO DE LA ESPRIELLA": 4362.0, "CARLOS EDUARDO CAICEDO OMAR": 7.0, "CLAUDIA LÓPEZ": 464.0, "GUSTAVO MATAMOROS CAMACHO": 2.0, "IVÁN CEPEDA CASTRO": 5027.0, "LUIS GILBERTO MURILLO URRUTIA": 12.0, "MIGUEL URIBE LONDOÑO": 22.0, "PALOMA VALENCIA LASERNA": 1081.0, "RAÚL SANTIAGO BOTERO JARAMILLO": 74.0, "ROY LEONARDO BARRERAS MONTEALEGRE": 2.0, "SERGIO FAJARDO VALDERRAMA": 528.0, "SONDRA MACOLLINS GARVIN PINTO": 10.0, "ÓSCAR MAURICIO LIZCANO ARANGO": 23.0, "TOTAL_VOTOS": 11614.0, "GANADOR": "IVÁN CEPEDA CASTRO", "VOTOS_GANADOR": 5027.0, "PCT_GANADOR": 43.3 }, "geometry": { "type": "Point", "coordinates": [ -74.14095824, 4.71628823 ] } },
{ "type": "Feature", "properties": { "LOCALIDAD": "Engativá", "DIRECCION": "DIAG 44 # 69 - 96", "SITIO": "Normandía", "NOMBRE": "Colegio Privado Instituto Técnico Industrial Centro Don Bosco", "ABELARDO DE LA ESPRIELLA": 3214.0, "CARLOS EDUARDO CAICEDO OMAR": 0.0, "CLAUDIA LÓPEZ": 129.0, "GUSTAVO MATAMOROS CAMACHO": 1.0, "IVÁN CEPEDA CASTRO": 1999.0, "LUIS GILBERTO MURILLO URRUTIA": 4.0, "MIGUEL URIBE LONDOÑO": 6.0, "PALOMA VALENCIA LASERNA": 760.0, "RAÚL SANTIAGO BOTERO JARAMILLO": 13.0, "ROY LEONARDO BARRERAS MONTEALEGRE": 1.0, "SERGIO FAJARDO VALDERRAMA": 614.0, "SONDRA MACOLLINS GARVIN PINTO": 3.0, "ÓSCAR MAURICIO LIZCANO ARANGO": 6.0, "TOTAL_VOTOS": 6750.0, "GANADOR": "ABELARDO DE LA ESPRIELLA", "VOTOS_GANADOR": 3214.0, "PCT_GANADOR": 47.6 }, "geometry": { "type": "Point", "coordinates": [ -74.10790265, 4.6619574 ] } },
{ "type": "Feature", "properties": { "LOCALIDAD": "Engativá", "DIRECCION": "CRA 68 F # 63 B - 02", "SITIO": "Bosque Popular", "NOMBRE": "Colegio Distrital Instituto Técnico Industrial Francisco Jose de Caldas - Sede A", "ABELARDO DE LA ESPRIELLA": 2416.0, "CARLOS EDUARDO CAICEDO OMAR": 1.0, "CLAUDIA LÓPEZ": 159.0, "GUSTAVO MATAMOROS CAMACHO": 1.0, "IVÁN CEPEDA CASTRO": 2383.0, "LUIS GILBERTO MURILLO URRUTIA": 3.0, "MIGUEL URIBE LONDOÑO": 3.0, "PALOMA VALENCIA LASERNA": 516.0, "RAÚL SANTIAGO BOTERO JARAMILLO": 16.0, "ROY LEONARDO BARRERAS MONTEALEGRE": 3.0, "SERGIO FAJARDO VALDERRAMA": 535.0, "SONDRA MACOLLINS GARVIN PINTO": 5.0, "ÓSCAR MAURICIO LIZCANO ARANGO": 10.0, "TOTAL_VOTOS": 6051.0, "GANADOR": "ABELARDO DE LA ESPRIELLA", "VOTOS_GANADOR": 2416.0, "PCT_GANADOR": 39.9 }, "geometry": { "type": "Point", "coordinates": [ -74.0953826, 4.66880592 ] } },
{ "type": "Feature", "properties": { "LOCALIDAD": "Engativá", "DIRECCION": "AV CLL 64 C # 68 F - 29", "SITIO": "El Gualí", "NOMBRE": "Colegio Cafam Básica Primaria", "ABELARDO DE LA ESPRIELLA": 1237.0, "CARLOS EDUARDO CAICEDO OMAR": 1.0, "CLAUDIA LÓPEZ": 81.0, "GUSTAVO MATAMOROS CAMACHO": 1.0, "IVÁN CEPEDA CASTRO": 981.0, "LUIS GILBERTO MURILLO URRUTIA": 2.0, "MIGUEL URIBE LONDOÑO": 2.0, "PALOMA VALENCIA LASERNA": 359.0, "RAÚL SANTIAGO BOTERO JARAMILLO": 1.0, "ROY LEONARDO BARRERAS MONTEALEGRE": 0.0, "SERGIO FAJARDO VALDERRAMA": 238.0, "SONDRA MACOLLINS GARVIN PINTO": 0.0, "ÓSCAR MAURICIO LIZCANO ARANGO": 12.0, "TOTAL_VOTOS": 2915.0, "GANADOR": "ABELARDO DE LA ESPRIELLA", "VOTOS_GANADOR": 1237.0, "PCT_GANADOR": 42.4 }, "geometry": { "type": "Point", "coordinates": [ -74.09435406, 4.67121558 ] } },
{ "type": "Feature", "properties": { "LOCALIDAD": "Engativá", "DIRECCION": "AV Boyacá # 64 H - 39 /AV CRA 72 # 64 H - 39", "SITIO": "El Luján", "NOMBRE": "Colegio Distrital Robert Kennedy - Sede A", "ABELARDO DE LA ESPRIELLA": 2594.0, "CARLOS EDUARDO CAICEDO OMAR": 2.0, "CLAUDIA LÓPEZ": 152.0, "GUSTAVO MATAMOROS CAMACHO": 0.0, "IVÁN CEPEDA CASTRO": 2102.0, "LUIS GILBERTO MURILLO URRUTIA": 4.0, "MIGUEL URIBE LONDOÑO": 9.0, "PALOMA VALENCIA LASERNA": 632.0, "RAÚL SANTIAGO BOTERO JARAMILLO": 19.0, "ROY LEONARDO BARRERAS MONTEALEGRE": 1.0, "SERGIO FAJARDO VALDERRAMA": 457.0, "SONDRA MACOLLINS GARVIN PINTO": 6.0, "ÓSCAR MAURICIO LIZCANO ARANGO": 18.0, "TOTAL_VOTOS": 5996.0, "GANADOR": "ABELARDO DE LA ESPRIELLA", "VOTOS_GANADOR": 2594.0, "PCT_GANADOR": 43.3 }, "geometry": { "type": "Point", "coordinates": [ -74.1014887, 4.67889477 ] } },
{ "type": "Feature", "properties": { "LOCALIDAD": "Engativá", "DIRECCION": "CLL 64 C # 76 - 23 /CLL 64 C # 76 - 43", "SITIO": "Villaluz", "NOMBRE": "Gimnasio Los Alerces", "ABELARDO DE LA ESPRIELLA": 2910.0, "CARLOS EDUARDO CAICEDO OMAR": 3.0, "CLAUDIA LÓPEZ": 147.0, "GUSTAVO MATAMOROS CAMACHO": 1.0, "IVÁN CEPEDA CASTRO": 1960.0, "LUIS GILBERTO MURILLO URRUTIA": 5.0, "MIGUEL URIBE LONDOÑO": 3.0, "PALOMA VALENCIA LASERNA": 672.0, "RAÚL SANTIAGO BOTERO JARAMILLO": 11.0, "ROY LEONARDO BARRERAS MONTEALEGRE": 0.0, "SERGIO FAJARDO VALDERRAMA": 422.0, "SONDRA MACOLLINS GARVIN PINTO": 5.0, "ÓSCAR MAURICIO LIZCANO ARANGO": 11.0, "TOTAL_VOTOS": 6150.0, "GANADOR": "ABELARDO DE LA ESPRIELLA", "VOTOS_GANADOR": 2910.0, "PCT_GANADOR": 47.3 }, "geometry": { "type": "Point", "coordinates": [ -74.10643213, 4.68078185 ] } },
{ "type": "Feature", "properties": { "LOCALIDAD": "Engativá", "DIRECCION": "CLL 66 A # 97 A - 15", "SITIO": "Los Alamos", "NOMBRE": "Colegio Cooperativo Los Álamos - \\\"COALAMOS\\\"", "ABELARDO DE LA ESPRIELLA": 2027.0, "CARLOS EDUARDO CAICEDO OMAR": 0.0, "CLAUDIA LÓPEZ": 122.0, "GUSTAVO MATAMOROS CAMACHO": 2.0, "IVÁN CEPEDA CASTRO": 1773.0, "LUIS GILBERTO MURILLO URRUTIA": 1.0, "MIGUEL URIBE LONDOÑO": 3.0, "PALOMA VALENCIA LASERNA": 434.0, "RAÚL SANTIAGO BOTERO JARAMILLO": 18.0, "ROY LEONARDO BARRERAS MONTEALEGRE": 2.0, "SERGIO FAJARDO VALDERRAMA": 358.0, "SONDRA MACOLLINS GARVIN PINTO": 4.0, "ÓSCAR MAURICIO LIZCANO ARANGO": 9.0, "TOTAL_VOTOS": 4753.0, "GANADOR": "ABELARDO DE LA ESPRIELLA", "VOTOS_GANADOR": 2027.0, "PCT_GANADOR": 42.6 }, "geometry": { "type": "Point", "coordinates": [ -74.11978795, 4.69570563 ] } },
{ "type": "Feature", "properties": { "LOCALIDAD": "Engativá", "DIRECCION": "CLL 72 F # 114 - 51", "SITIO": "Villas de Granada", "NOMBRE": "Colegio Distrital Los Cerezos", "ABELARDO DE LA ESPRIELLA": 3626.0, "CARLOS EDUARDO CAICEDO OMAR": 0.0, "CLAUDIA LÓPEZ": 233.0, "GUSTAVO MATAMOROS CAMACHO": 1.0, "IVÁN CEPEDA CASTRO": 2938.0, "LUIS GILBERTO MURILLO URRUTIA": 3.0, "MIGUEL URIBE LONDOÑO": 11.0, "PALOMA VALENCIA LASERNA": 793.0, "RAÚL SANTIAGO BOTERO JARAMILLO": 37.0, "ROY LEONARDO BARRERAS MONTEALEGRE": 3.0, "SERGIO FAJARDO VALDERRAMA": 540.0, "SONDRA MACOLLINS GARVIN PINTO": 3.0, "ÓSCAR MAURICIO LIZCANO ARANGO": 9.0, "TOTAL_VOTOS": 8197.0, "GANADOR": "ABELARDO DE LA ESPRIELLA", "VOTOS_GANADOR": 3626.0, "PCT_GANADOR": 44.2 }, "geometry": { "type": "Point", "coordinates": [ -74.1297192, 4.71605736 ] } },
{ "type": "Feature", "properties": { "LOCALIDAD": "Engativá", "DIRECCION": "CRA 107 B # 74 B - 31", "SITIO": "Garces Navas", "NOMBRE": "Colegio Distrital Nueva Constitución", "ABELARDO DE LA ESPRIELLA": 3792.0, "CARLOS EDUARDO CAICEDO OMAR": 4.0, "CLAUDIA LÓPEZ": 346.0, "GUSTAVO MATAMOROS CAMACHO": 3.0, "IVÁN CEPEDA CASTRO": 4796.0, "LUIS GILBERTO MURILLO URRUTIA": 9.0, "MIGUEL URIBE LONDOÑO": 21.0, "PALOMA VALENCIA LASERNA": 894.0, "RAÚL SANTIAGO BOTERO JARAMILLO": 66.0, "ROY LEONARDO BARRERAS MONTEALEGRE": 7.0, "SERGIO FAJARDO VALDERRAMA": 730.0, "SONDRA MACOLLINS GARVIN PINTO": 6.0, "ÓSCAR MAURICIO LIZCANO ARANGO": 30.0, "TOTAL_VOTOS": 10704.0, "GANADOR": "IVÁN CEPEDA CASTRO", "VOTOS_GANADOR": 4796.0, "PCT_GANADOR": 44.8 }, "geometry": { "type": "Point", "coordinates": [ -74.12207204, 4.71113651 ] } },
{ "type": "Feature", "properties": { "LOCALIDAD": "Engativá", "DIRECCION": "TRV 100A # 80A - 20 / AV CLL 80 # 100 - 50", "SITIO": "Bochica", "NOMBRE": "Centro Comercial Portal 80", "ABELARDO DE LA ESPRIELLA": 4769.0, "CARLOS EDUARDO CAICEDO OMAR": 1.0, "CLAUDIA LÓPEZ": 291.0, "GUSTAVO MATAMOROS CAMACHO": 0.0, "IVÁN CEPEDA CASTRO": 4350.0, "LUIS GILBERTO MURILLO URRUTIA": 6.0, "MIGUEL URIBE LONDOÑO": 11.0, "PALOMA VALENCIA LASERNA": 1115.0, "RAÚL SANTIAGO BOTERO JARAMILLO": 30.0, "ROY LEONARDO BARRERAS MONTEALEGRE": 4.0, "SERGIO FAJARDO VALDERRAMA": 954.0, "SONDRA MACOLLINS GARVIN PINTO": 4.0, "ÓSCAR MAURICIO LIZCANO ARANGO": 18.0, "TOTAL_VOTOS": 11553.0, "GANADOR": "ABELARDO DE LA ESPRIELLA", "VOTOS_GANADOR": 4769.0, "PCT_GANADOR": 41.3 }, "geometry": { "type": "Point", "coordinates": [ -74.11216229, 4.71057074 ] } },
{ "type": "Feature", "properties": { "LOCALIDAD": "Engativá", "DIRECCION": "CRA 104 A # 76 B - 09", "SITIO": "Los Alamos Norte", "NOMBRE": "Colegio Distrital Garces Navas Sede A", "ABELARDO DE LA ESPRIELLA": 2635.0, "CARLOS EDUARDO CAICEDO OMAR": 2.0, "CLAUDIA LÓPEZ": 156.0, "GUSTAVO MATAMOROS CAMACHO": 1.0, "IVÁN CEPEDA CASTRO": 2206.0, "LUIS GILBERTO MURILLO URRUTIA": 5.0, "MIGUEL URIBE LONDOÑO": 8.0, "PALOMA VALENCIA LASERNA": 626.0, "RAÚL SANTIAGO BOTERO JARAMILLO": 23.0, "ROY LEONARDO BARRERAS MONTEALEGRE": 1.0, "SERGIO FAJARDO VALDERRAMA": 438.0, "SONDRA MACOLLINS GARVIN PINTO": 2.0, "ÓSCAR MAURICIO LIZCANO ARANGO": 13.0, "TOTAL_VOTOS": 6116.0, "GANADOR": "ABELARDO DE LA ESPRIELLA", "VOTOS_GANADOR": 2635.0, "PCT_GANADOR": 43.1 }, "geometry": { "type": "Point", "coordinates": [ -74.11737052, 4.71031715 ] } },
{ "type": "Feature", "properties": { "LOCALIDAD": "Engativá", "DIRECCION": "CLL 70 A # 94 - 38", "SITIO": "La Salina", "NOMBRE": "Colegio Distrital Florida Blanca - Sede A", "ABELARDO DE LA ESPRIELLA": 3188.0, "CARLOS EDUARDO CAICEDO OMAR": 1.0, "CLAUDIA LÓPEZ": 238.0, "GUSTAVO MATAMOROS CAMACHO": 2.0, "IVÁN CEPEDA CASTRO": 2932.0, "LUIS GILBERTO MURILLO URRUTIA": 6.0, "MIGUEL URIBE LONDOÑO": 12.0, "PALOMA VALENCIA LASERNA": 733.0, "RAÚL SANTIAGO BOTERO JARAMILLO": 48.0, "ROY LEONARDO BARRERAS MONTEALEGRE": 1.0, "SERGIO FAJARDO VALDERRAMA": 511.0, "SONDRA MACOLLINS GARVIN PINTO": 6.0, "ÓSCAR MAURICIO LIZCANO ARANGO": 12.0, "TOTAL_VOTOS": 7690.0, "GANADOR": "ABELARDO DE LA ESPRIELLA", "VOTOS_GANADOR": 3188.0, "PCT_GANADOR": 41.5 }, "geometry": { "type": "Point", "coordinates": [ -74.11402123, 4.69795626 ] } },
{ "type": "Feature", "properties": { "LOCALIDAD": "Suba", "DIRECCION": "AV CLL 127 # 58 - 58", "SITIO": "Centro Comercial Bulevar Niza", "NOMBRE": "Parqueadero Centro Comercial Bulevar Niza", "ABELARDO DE LA ESPRIELLA": 8266.0, "CARLOS EDUARDO CAICEDO OMAR": 1.0, "CLAUDIA LÓPEZ": 256.0, "GUSTAVO MATAMOROS CAMACHO": 0.0, "IVÁN CEPEDA CASTRO": 2646.0, "LUIS GILBERTO MURILLO URRUTIA": 2.0, "MIGUEL URIBE LONDOÑO": 8.0, "PALOMA VALENCIA LASERNA": 2188.0, "RAÚL SANTIAGO BOTERO JARAMILLO": 19.0, "ROY LEONARDO BARRERAS MONTEALEGRE": 5.0, "SERGIO FAJARDO VALDERRAMA": 1126.0, "SONDRA MACOLLINS GARVIN PINTO": 2.0, "ÓSCAR MAURICIO LIZCANO ARANGO": 5.0, "TOTAL_VOTOS": 14524.0, "GANADOR": "ABELARDO DE LA ESPRIELLA", "VOTOS_GANADOR": 8266.0, "PCT_GANADOR": 56.9 }, "geometry": { "type": "Point", "coordinates": [ -74.07167953, 4.71159459 ] } },
{ "type": "Feature", "properties": { "LOCALIDAD": "Suba", "DIRECCION": "TRV 126 # 134 - 88", "SITIO": "La Gaitana Sede A - IED", "NOMBRE": "Colegio Distrital La Gaitana", "ABELARDO DE LA ESPRIELLA": 2623.0, "CARLOS EDUARDO CAICEDO OMAR": 2.0, "CLAUDIA LÓPEZ": 260.0, "GUSTAVO MATAMOROS CAMACHO": 3.0, "IVÁN CEPEDA CASTRO": 3751.0, "LUIS GILBERTO MURILLO URRUTIA": 8.0, "MIGUEL URIBE LONDOÑO": 5.0, "PALOMA VALENCIA LASERNA": 631.0, "RAÚL SANTIAGO BOTERO JARAMILLO": 55.0, "ROY LEONARDO BARRERAS MONTEALEGRE": 3.0, "SERGIO FAJARDO VALDERRAMA": 350.0, "SONDRA MACOLLINS GARVIN PINTO": 3.0, "ÓSCAR MAURICIO LIZCANO ARANGO": 23.0, "TOTAL_VOTOS": 7717.0, "GANADOR": "IVÁN CEPEDA CASTRO", "VOTOS_GANADOR": 3751.0, "PCT_GANADOR": 48.6 }, "geometry": { "type": "Point", "coordinates": [ -74.10852232, 4.74217689 ] } },
{ "type": "Feature", "properties": { "LOCALIDAD": "Barrios Unidos", "DIRECCION": "CRA 27 C # 71 - 80", "SITIO": "Los Alcázares", "NOMBRE": "Colegio San Felipe Neri", "ABELARDO DE LA ESPRIELLA": 1564.0, "CARLOS EDUARDO CAICEDO OMAR": 0.0, "CLAUDIA LÓPEZ": 82.0, "GUSTAVO MATAMOROS CAMACHO": 0.0, "IVÁN CEPEDA CASTRO": 1137.0, "LUIS GILBERTO MURILLO URRUTIA": 1.0, "MIGUEL URIBE LONDOÑO": 1.0, "PALOMA VALENCIA LASERNA": 310.0, "RAÚL SANTIAGO BOTERO JARAMILLO": 6.0, "ROY LEONARDO BARRERAS MONTEALEGRE": 1.0, "SERGIO FAJARDO VALDERRAMA": 271.0, "SONDRA MACOLLINS GARVIN PINTO": 2.0, "ÓSCAR MAURICIO LIZCANO ARANGO": 2.0, "TOTAL_VOTOS": 3377.0, "GANADOR": "ABELARDO DE LA ESPRIELLA", "VOTOS_GANADOR": 1564.0, "PCT_GANADOR": 46.3 }, "geometry": { "type": "Point", "coordinates": [ -74.07035058, 4.66374804 ] } },
{ "type": "Feature", "properties": { "LOCALIDAD": "Mártires", "DIRECCION": "CRA 19 A Bis # 1 A - 55 / CRA 19 B Bis # 1 C - 55", "SITIO": "Eduardo Santos", "NOMBRE": "Centro Educativo Distrital Eduardo Santos", "ABELARDO DE LA ESPRIELLA": 1169.0, "CARLOS EDUARDO CAICEDO OMAR": 0.0, "CLAUDIA LÓPEZ": 68.0, "GUSTAVO MATAMOROS CAMACHO": 0.0, "IVÁN CEPEDA CASTRO": 997.0, "LUIS GILBERTO MURILLO URRUTIA": 2.0, "MIGUEL URIBE LONDOÑO": 5.0, "PALOMA VALENCIA LASERNA": 241.0, "RAÚL SANTIAGO BOTERO JARAMILLO": 13.0, "ROY LEONARDO BARRERAS MONTEALEGRE": 0.0, "SERGIO FAJARDO VALDERRAMA": 138.0, "SONDRA MACOLLINS GARVIN PINTO": 1.0, "ÓSCAR MAURICIO LIZCANO ARANGO": 7.0, "TOTAL_VOTOS": 2641.0, "GANADOR": "ABELARDO DE LA ESPRIELLA", "VOTOS_GANADOR": 1169.0, "PCT_GANADOR": 44.3 }, "geometry": { "type": "Point", "coordinates": [ -74.0933305, 4.59433924 ] } },
{ "type": "Feature", "properties": { "LOCALIDAD": "Antonio Nariño", "DIRECCION": "CRA 10 A Sur # 3 - 63/CRA 10 A # 3 - 21 Sur", "SITIO": "Policarpa", "NOMBRE": "Colegio Distrital Jaime Pardo Leal", "ABELARDO DE LA ESPRIELLA": 1698.0, "CARLOS EDUARDO CAICEDO OMAR": 2.0, "CLAUDIA LÓPEZ": 85.0, "GUSTAVO MATAMOROS CAMACHO": 1.0, "IVÁN CEPEDA CASTRO": 2695.0, "LUIS GILBERTO MURILLO URRUTIA": 1.0, "MIGUEL URIBE LONDOÑO": 5.0, "PALOMA VALENCIA LASERNA": 249.0, "RAÚL SANTIAGO BOTERO JARAMILLO": 37.0, "ROY LEONARDO BARRERAS MONTEALEGRE": 0.0, "SERGIO FAJARDO VALDERRAMA": 213.0, "SONDRA MACOLLINS GARVIN PINTO": 2.0, "ÓSCAR MAURICIO LIZCANO ARANGO": 6.0, "TOTAL_VOTOS": 4994.0, "GANADOR": "IVÁN CEPEDA CASTRO", "VOTOS_GANADOR": 2695.0, "PCT_GANADOR": 54.0 }, "geometry": { "type": "Point", "coordinates": [ -74.08822098, 4.586603 ] } },
{ "type": "Feature", "properties": { "LOCALIDAD": "Antonio Nariño", "DIRECCION": "AV CRA 30 # 17 B - 25 Sur/AV CRA 30 # 17 - 91 Sur", "SITIO": "SENA", "NOMBRE": "SENA Centro Distrital (San Jorge Central)", "ABELARDO DE LA ESPRIELLA": 1833.0, "CARLOS EDUARDO CAICEDO OMAR": 1.0, "CLAUDIA LÓPEZ": 93.0, "GUSTAVO MATAMOROS CAMACHO": 2.0, "IVÁN CEPEDA CASTRO": 1743.0, "LUIS GILBERTO MURILLO URRUTIA": 3.0, "MIGUEL URIBE LONDOÑO": 0.0, "PALOMA VALENCIA LASERNA": 425.0, "RAÚL SANTIAGO BOTERO JARAMILLO": 10.0, "ROY LEONARDO BARRERAS MONTEALEGRE": 3.0, "SERGIO FAJARDO VALDERRAMA": 215.0, "SONDRA MACOLLINS GARVIN PINTO": 3.0, "ÓSCAR MAURICIO LIZCANO ARANGO": 6.0, "TOTAL_VOTOS": 4337.0, "GANADOR": "ABELARDO DE LA ESPRIELLA", "VOTOS_GANADOR": 1833.0, "PCT_GANADOR": 42.3 }, "geometry": { "type": "Point", "coordinates": [ -74.11194131, 4.59518979 ] } },
{ "type": "Feature", "properties": { "LOCALIDAD": "Puente Aranda", "DIRECCION": "CLL 1 # 34 B 20 / CLL 1 B # 35 - 20", "SITIO": "Santa Matilde", "NOMBRE": "Colegio Distrital Marco Antonio Carreño - Sede B", "ABELARDO DE LA ESPRIELLA": 2028.0, "CARLOS EDUARDO CAICEDO OMAR": 0.0, "CLAUDIA LÓPEZ": 99.0, "GUSTAVO MATAMOROS CAMACHO": 0.0, "IVÁN CEPEDA CASTRO": 1296.0, "LUIS GILBERTO MURILLO URRUTIA": 1.0, "MIGUEL URIBE LONDOÑO": 2.0, "PALOMA VALENCIA LASERNA": 425.0, "RAÚL SANTIAGO BOTERO JARAMILLO": 10.0, "ROY LEONARDO BARRERAS MONTEALEGRE": 0.0, "SERGIO FAJARDO VALDERRAMA": 262.0, "SONDRA MACOLLINS GARVIN PINTO": 3.0, "ÓSCAR MAURICIO LIZCANO ARANGO": 10.0, "TOTAL_VOTOS": 4136.0, "GANADOR": "ABELARDO DE LA ESPRIELLA", "VOTOS_GANADOR": 2028.0, "PCT_GANADOR": 49.0 }, "geometry": { "type": "Point", "coordinates": [ -74.10943884, 4.60305043 ] } },
{ "type": "Feature", "properties": { "LOCALIDAD": "Puente Aranda", "DIRECCION": "CRA 32 B #1 D - 21", "SITIO": "La Asunción", "NOMBRE": "Colegio Distrital Marco Antonio Carreño - Sede C", "ABELARDO DE LA ESPRIELLA": 1878.0, "CARLOS EDUARDO CAICEDO OMAR": 1.0, "CLAUDIA LÓPEZ": 84.0, "GUSTAVO MATAMOROS CAMACHO": 2.0, "IVÁN CEPEDA CASTRO": 1227.0, "LUIS GILBERTO MURILLO URRUTIA": 0.0, "MIGUEL URIBE LONDOÑO": 7.0, "PALOMA VALENCIA LASERNA": 369.0, "RAÚL SANTIAGO BOTERO JARAMILLO": 12.0, "ROY LEONARDO BARRERAS MONTEALEGRE": 0.0, "SERGIO FAJARDO VALDERRAMA": 199.0, "SONDRA MACOLLINS GARVIN PINTO": 4.0, "ÓSCAR MAURICIO LIZCANO ARANGO": 6.0, "TOTAL_VOTOS": 3789.0, "GANADOR": "ABELARDO DE LA ESPRIELLA", "VOTOS_GANADOR": 1878.0, "PCT_GANADOR": 49.6 }, "geometry": { "type": "Point", "coordinates": [ -74.10681926, 4.60269444 ] } },
{ "type": "Feature", "properties": { "LOCALIDAD": "Puente Aranda", "DIRECCION": "CRA 52 D # 24 - 50 Sur / CRA 52 D # 24 - 48 Sur", "SITIO": "El Tejar", "NOMBRE": "Colegio Distrital Luis Vargas Tejada - Sede B", "ABELARDO DE LA ESPRIELLA": 1579.0, "CARLOS EDUARDO CAICEDO OMAR": 0.0, "CLAUDIA LÓPEZ": 96.0, "GUSTAVO MATAMOROS CAMACHO": 0.0, "IVÁN CEPEDA CASTRO": 1539.0, "LUIS GILBERTO MURILLO URRUTIA": 0.0, "MIGUEL URIBE LONDOÑO": 3.0, "PALOMA VALENCIA LASERNA": 333.0, "RAÚL SANTIAGO BOTERO JARAMILLO": 16.0, "ROY LEONARDO BARRERAS MONTEALEGRE": 1.0, "SERGIO FAJARDO VALDERRAMA": 249.0, "SONDRA MACOLLINS GARVIN PINTO": 3.0, "ÓSCAR MAURICIO LIZCANO ARANGO": 6.0, "TOTAL_VOTOS": 3825.0, "GANADOR": "ABELARDO DE LA ESPRIELLA", "VOTOS_GANADOR": 1579.0, "PCT_GANADOR": 41.3 }, "geometry": { "type": "Point", "coordinates": [ -74.12752015, 4.60858481 ] } },
{ "type": "Feature", "properties": { "LOCALIDAD": "Candelaria", "DIRECCION": "CLL 12D # 1A - 09 / CLL 12C # 1A - 24", "SITIO": "La Concordia", "NOMBRE": "Colegio Distrital La Concordia", "ABELARDO DE LA ESPRIELLA": 1090.0, "CARLOS EDUARDO CAICEDO OMAR": 0.0, "CLAUDIA LÓPEZ": 90.0, "GUSTAVO MATAMOROS CAMACHO": 2.0, "IVÁN CEPEDA CASTRO": 2591.0, "LUIS GILBERTO MURILLO URRUTIA": 3.0, "MIGUEL URIBE LONDOÑO": 10.0, "PALOMA VALENCIA LASERNA": 353.0, "RAÚL SANTIAGO BOTERO JARAMILLO": 21.0, "ROY LEONARDO BARRERAS MONTEALEGRE": 4.0, "SERGIO FAJARDO VALDERRAMA": 201.0, "SONDRA MACOLLINS GARVIN PINTO": 6.0, "ÓSCAR MAURICIO LIZCANO ARANGO": 4.0, "TOTAL_VOTOS": 4375.0, "GANADOR": "IVÁN CEPEDA CASTRO", "VOTOS_GANADOR": 2591.0, "PCT_GANADOR": 59.2 }, "geometry": { "type": "Point", "coordinates": [ -74.06917663, 4.598773 ] } },
{ "type": "Feature", "properties": { "LOCALIDAD": "Candelaria", "DIRECCION": "CRA 3 Este # 9 - 77", "SITIO": "Egipto", "NOMBRE": "Escuela Nacional de Comercio -  Sede B", "ABELARDO DE LA ESPRIELLA": 710.0, "CARLOS EDUARDO CAICEDO OMAR": 2.0, "CLAUDIA LÓPEZ": 107.0, "GUSTAVO MATAMOROS CAMACHO": 1.0, "IVÁN CEPEDA CASTRO": 1621.0, "LUIS GILBERTO MURILLO URRUTIA": 7.0, "MIGUEL URIBE LONDOÑO": 6.0, "PALOMA VALENCIA LASERNA": 249.0, "RAÚL SANTIAGO BOTERO JARAMILLO": 19.0, "ROY LEONARDO BARRERAS MONTEALEGRE": 4.0, "SERGIO FAJARDO VALDERRAMA": 95.0, "SONDRA MACOLLINS GARVIN PINTO": 2.0, "ÓSCAR MAURICIO LIZCANO ARANGO": 7.0, "TOTAL_VOTOS": 2830.0, "GANADOR": "IVÁN CEPEDA CASTRO", "VOTOS_GANADOR": 1621.0, "PCT_GANADOR": 57.3 }, "geometry": { "type": "Point", "coordinates": [ -74.07001944, 4.5929434 ] } },
{ "type": "Feature", "properties": { "LOCALIDAD": "Candelaria", "DIRECCION": "CLL 6 B # 5 - 75", "SITIO": "Archivo Distrital", "NOMBRE": "Archivo Distrital", "ABELARDO DE LA ESPRIELLA": 1015.0, "CARLOS EDUARDO CAICEDO OMAR": 0.0, "CLAUDIA LÓPEZ": 97.0, "GUSTAVO MATAMOROS CAMACHO": 0.0, "IVÁN CEPEDA CASTRO": 2418.0, "LUIS GILBERTO MURILLO URRUTIA": 5.0, "MIGUEL URIBE LONDOÑO": 6.0, "PALOMA VALENCIA LASERNA": 307.0, "RAÚL SANTIAGO BOTERO JARAMILLO": 13.0, "ROY LEONARDO BARRERAS MONTEALEGRE": 4.0, "SERGIO FAJARDO VALDERRAMA": 211.0, "SONDRA MACOLLINS GARVIN PINTO": 6.0, "ÓSCAR MAURICIO LIZCANO ARANGO": 10.0, "TOTAL_VOTOS": 4092.0, "GANADOR": "IVÁN CEPEDA CASTRO", "VOTOS_GANADOR": 2418.0, "PCT_GANADOR": 59.1 }, "geometry": { "type": "Point", "coordinates": [ -74.07713535, 4.59168199 ] } },
{ "type": "Feature", "properties": { "LOCALIDAD": "Rafael Uribe Uribe", "DIRECCION": "CLL 46 Sur # 27 - 12", "SITIO": "Claret", "NOMBRE": "Colegio Distrital Manuel del Socorro Rodríguez - Sede B", "ABELARDO DE LA ESPRIELLA": 1716.0, "CARLOS EDUARDO CAICEDO OMAR": 1.0, "CLAUDIA LÓPEZ": 134.0, "GUSTAVO MATAMOROS CAMACHO": 1.0, "IVÁN CEPEDA CASTRO": 2091.0, "LUIS GILBERTO MURILLO URRUTIA": 4.0, "MIGUEL URIBE LONDOÑO": 4.0, "PALOMA VALENCIA LASERNA": 335.0, "RAÚL SANTIAGO BOTERO JARAMILLO": 29.0, "ROY LEONARDO BARRERAS MONTEALEGRE": 3.0, "SERGIO FAJARDO VALDERRAMA": 221.0, "SONDRA MACOLLINS GARVIN PINTO": 7.0, "ÓSCAR MAURICIO LIZCANO ARANGO": 13.0, "TOTAL_VOTOS": 4559.0, "GANADOR": "IVÁN CEPEDA CASTRO", "VOTOS_GANADOR": 2091.0, "PCT_GANADOR": 45.9 }, "geometry": { "type": "Point", "coordinates": [ -74.12841807, 4.5830014 ] } },
{ "type": "Feature", "properties": { "LOCALIDAD": "Rafael Uribe Uribe", "DIRECCION": "CLL 40 Sur # 26 - 90 / CLL 41 Sur # 26 - 44", "SITIO": "Inglés", "NOMBRE": "Colegio Distrital Restrepo Millán - Sede B", "ABELARDO DE LA ESPRIELLA": 1525.0, "CARLOS EDUARDO CAICEDO OMAR": 2.0, "CLAUDIA LÓPEZ": 111.0, "GUSTAVO MATAMOROS CAMACHO": 1.0, "IVÁN CEPEDA CASTRO": 1924.0, "LUIS GILBERTO MURILLO URRUTIA": 5.0, "MIGUEL URIBE LONDOÑO": 6.0, "PALOMA VALENCIA LASERNA": 323.0, "RAÚL SANTIAGO BOTERO JARAMILLO": 23.0, "ROY LEONARDO BARRERAS MONTEALEGRE": 1.0, "SERGIO FAJARDO VALDERRAMA": 193.0, "SONDRA MACOLLINS GARVIN PINTO": 3.0, "ÓSCAR MAURICIO LIZCANO ARANGO": 10.0, "TOTAL_VOTOS": 4127.0, "GANADOR": "IVÁN CEPEDA CASTRO", "VOTOS_GANADOR": 1924.0, "PCT_GANADOR": 46.6 }, "geometry": { "type": "Point", "coordinates": [ -74.12341539, 4.58332285 ] } },
{ "type": "Feature", "properties": { "LOCALIDAD": "Rafael Uribe Uribe", "DIRECCION": "CRA 13 A # 26 - 17 Sur /CRA 12 F # 26 - 17 Sur", "SITIO": "San José Rafael Uribe", "NOMBRE": "Colegio Distrital Gustavo Restrepo - Sedes B y C", "ABELARDO DE LA ESPRIELLA": 1742.0, "CARLOS EDUARDO CAICEDO OMAR": 1.0, "CLAUDIA LÓPEZ": 129.0, "GUSTAVO MATAMOROS CAMACHO": 0.0, "IVÁN CEPEDA CASTRO": 2049.0, "LUIS GILBERTO MURILLO URRUTIA": 4.0, "MIGUEL URIBE LONDOÑO": 10.0, "PALOMA VALENCIA LASERNA": 416.0, "RAÚL SANTIAGO BOTERO JARAMILLO": 20.0, "ROY LEONARDO BARRERAS MONTEALEGRE": 1.0, "SERGIO FAJARDO VALDERRAMA": 254.0, "SONDRA MACOLLINS GARVIN PINTO": 4.0, "ÓSCAR MAURICIO LIZCANO ARANGO": 9.0, "TOTAL_VOTOS": 4639.0, "GANADOR": "IVÁN CEPEDA CASTRO", "VOTOS_GANADOR": 2049.0, "PCT_GANADOR": 44.2 }, "geometry": { "type": "Point", "coordinates": [ -74.10269822, 4.57705637 ] } },
{ "type": "Feature", "properties": { "LOCALIDAD": "Rafael Uribe Uribe", "DIRECCION": "TRV 23 Bis # 44 - 90 Sur", "SITIO": "Santa Lucía", "NOMBRE": "Colegio Distrital Manuel del Socorro Rodríguez - Sede A", "ABELARDO DE LA ESPRIELLA": 1907.0, "CARLOS EDUARDO CAICEDO OMAR": 0.0, "CLAUDIA LÓPEZ": 139.0, "GUSTAVO MATAMOROS CAMACHO": 0.0, "IVÁN CEPEDA CASTRO": 2662.0, "LUIS GILBERTO MURILLO URRUTIA": 3.0, "MIGUEL URIBE LONDOÑO": 9.0, "PALOMA VALENCIA LASERNA": 420.0, "RAÚL SANTIAGO BOTERO JARAMILLO": 31.0, "ROY LEONARDO BARRERAS MONTEALEGRE": 3.0, "SERGIO FAJARDO VALDERRAMA": 280.0, "SONDRA MACOLLINS GARVIN PINTO": 4.0, "ÓSCAR MAURICIO LIZCANO ARANGO": 6.0, "TOTAL_VOTOS": 5464.0, "GANADOR": "IVÁN CEPEDA CASTRO", "VOTOS_GANADOR": 2662.0, "PCT_GANADOR": 48.7 }, "geometry": { "type": "Point", "coordinates": [ -74.12599364, 4.57761582 ] } },
{ "type": "Feature", "properties": { "LOCALIDAD": "Rafael Uribe Uribe", "DIRECCION": "TRV 2 B Bis # 49 D - 41 Sur", "SITIO": "Palermo Sur", "NOMBRE": "Colegio Distrital Palermo Sur", "ABELARDO DE LA ESPRIELLA": 967.0, "CARLOS EDUARDO CAICEDO OMAR": 3.0, "CLAUDIA LÓPEZ": 137.0, "GUSTAVO MATAMOROS CAMACHO": 4.0, "IVÁN CEPEDA CASTRO": 2349.0, "LUIS GILBERTO MURILLO URRUTIA": 2.0, "MIGUEL URIBE LONDOÑO": 8.0, "PALOMA VALENCIA LASERNA": 215.0, "RAÚL SANTIAGO BOTERO JARAMILLO": 38.0, "ROY LEONARDO BARRERAS MONTEALEGRE": 3.0, "SERGIO FAJARDO VALDERRAMA": 128.0, "SONDRA MACOLLINS GARVIN PINTO": 2.0, "ÓSCAR MAURICIO LIZCANO ARANGO": 4.0, "TOTAL_VOTOS": 3860.0, "GANADOR": "IVÁN CEPEDA CASTRO", "VOTOS_GANADOR": 2349.0, "PCT_GANADOR": 60.9 }, "geometry": { "type": "Point", "coordinates": [ -74.10971794, 4.54309972 ] } },
{ "type": "Feature", "properties": { "LOCALIDAD": "Rafael Uribe Uribe", "DIRECCION": "DIAG 52 A Sur # 4 P - 10", "SITIO": "Rafael Uribe La Paz", "NOMBRE": "Colegio Distrital La Paz", "ABELARDO DE LA ESPRIELLA": 497.0, "CARLOS EDUARDO CAICEDO OMAR": 1.0, "CLAUDIA LÓPEZ": 71.0, "GUSTAVO MATAMOROS CAMACHO": 0.0, "IVÁN CEPEDA CASTRO": 902.0, "LUIS GILBERTO MURILLO URRUTIA": 0.0, "MIGUEL URIBE LONDOÑO": 10.0, "PALOMA VALENCIA LASERNA": 128.0, "RAÚL SANTIAGO BOTERO JARAMILLO": 15.0, "ROY LEONARDO BARRERAS MONTEALEGRE": 0.0, "SERGIO FAJARDO VALDERRAMA": 49.0, "SONDRA MACOLLINS GARVIN PINTO": 3.0, "ÓSCAR MAURICIO LIZCANO ARANGO": 7.0, "TOTAL_VOTOS": 1683.0, "GANADOR": "IVÁN CEPEDA CASTRO", "VOTOS_GANADOR": 902.0, "PCT_GANADOR": 53.6 }, "geometry": { "type": "Point", "coordinates": [ -74.11728253, 4.54371045 ] } },
{ "type": "Feature", "properties": { "LOCALIDAD": "Rafael Uribe Uribe", "DIRECCION": "DIAG 48 Z Sur # 4 B - 10", "SITIO": "Covivienda del Sur Oriente", "NOMBRE": "Colegio Distrital Diana Turbay - Sede A", "ABELARDO DE LA ESPRIELLA": 1317.0, "CARLOS EDUARDO CAICEDO OMAR": 4.0, "CLAUDIA LÓPEZ": 142.0, "GUSTAVO MATAMOROS CAMACHO": 0.0, "IVÁN CEPEDA CASTRO": 2386.0, "LUIS GILBERTO MURILLO URRUTIA": 4.0, "MIGUEL URIBE LONDOÑO": 3.0, "PALOMA VALENCIA LASERNA": 349.0, "RAÚL SANTIAGO BOTERO JARAMILLO": 29.0, "ROY LEONARDO BARRERAS MONTEALEGRE": 2.0, "SERGIO FAJARDO VALDERRAMA": 183.0, "SONDRA MACOLLINS GARVIN PINTO": 5.0, "ÓSCAR MAURICIO LIZCANO ARANGO": 14.0, "TOTAL_VOTOS": 4438.0, "GANADOR": "IVÁN CEPEDA CASTRO", "VOTOS_GANADOR": 2386.0, "PCT_GANADOR": 53.8 }, "geometry": { "type": "Point", "coordinates": [ -74.11013651, 4.54753988 ] } },
{ "type": "Feature", "properties": { "LOCALIDAD": "Rafael Uribe Uribe", "DIRECCION": "DIAG 49 B Bis A Sur # 1 B - 35 Este", "SITIO": "Salón Comunal La Marqueza", "NOMBRE": "Salón Comunal La Marqueza", "ABELARDO DE LA ESPRIELLA": 352.0, "CARLOS EDUARDO CAICEDO OMAR": 1.0, "CLAUDIA LÓPEZ": 45.0, "GUSTAVO MATAMOROS CAMACHO": 1.0, "IVÁN CEPEDA CASTRO": 652.0, "LUIS GILBERTO MURILLO URRUTIA": 1.0, "MIGUEL URIBE LONDOÑO": 1.0, "PALOMA VALENCIA LASERNA": 81.0, "RAÚL SANTIAGO BOTERO JARAMILLO": 18.0, "ROY LEONARDO BARRERAS MONTEALEGRE": 1.0, "SERGIO FAJARDO VALDERRAMA": 40.0, "SONDRA MACOLLINS GARVIN PINTO": 2.0, "ÓSCAR MAURICIO LIZCANO ARANGO": 3.0, "TOTAL_VOTOS": 1198.0, "GANADOR": "IVÁN CEPEDA CASTRO", "VOTOS_GANADOR": 652.0, "PCT_GANADOR": 54.4 }, "geometry": { "type": "Point", "coordinates": [ -74.1068815, 4.54230656 ] } },
{ "type": "Feature", "properties": { "LOCALIDAD": "Rafael Uribe Uribe", "DIRECCION": "TRV 11 A # 49 D - 12 Sur / TRV 11 D # 49 D - 57 Sur", "SITIO": "Providencia", "NOMBRE": "Colegio Distrital Alfredo Iriarte - Sede C", "ABELARDO DE LA ESPRIELLA": 347.0, "CARLOS EDUARDO CAICEDO OMAR": 1.0, "CLAUDIA LÓPEZ": 32.0, "GUSTAVO MATAMOROS CAMACHO": 2.0, "IVÁN CEPEDA CASTRO": 740.0, "LUIS GILBERTO MURILLO URRUTIA": 0.0, "MIGUEL URIBE LONDOÑO": 1.0, "PALOMA VALENCIA LASERNA": 69.0, "RAÚL SANTIAGO BOTERO JARAMILLO": 13.0, "ROY LEONARDO BARRERAS MONTEALEGRE": 0.0, "SERGIO FAJARDO VALDERRAMA": 51.0, "SONDRA MACOLLINS GARVIN PINTO": 0.0, "ÓSCAR MAURICIO LIZCANO ARANGO": 1.0, "TOTAL_VOTOS": 1257.0, "GANADOR": "IVÁN CEPEDA CASTRO", "VOTOS_GANADOR": 740.0, "PCT_GANADOR": 58.9 }, "geometry": { "type": "Point", "coordinates": [ -74.12083406, 4.56171992 ] } },
{ "type": "Feature", "properties": { "LOCALIDAD": "Engativá", "DIRECCION": "CLL 70 A # 105 G - 23 / CLL 70 # 105 F - 28", "SITIO": "Plazuelas del Virrey", "NOMBRE": "Salón Comunal Urbanización Plazuelas del Virrey", "ABELARDO DE LA ESPRIELLA": 1953.0, "CARLOS EDUARDO CAICEDO OMAR": 1.0, "CLAUDIA LÓPEZ": 127.0, "GUSTAVO MATAMOROS CAMACHO": 2.0, "IVÁN CEPEDA CASTRO": 1579.0, "LUIS GILBERTO MURILLO URRUTIA": 3.0, "MIGUEL URIBE LONDOÑO": 3.0, "PALOMA VALENCIA LASERNA": 491.0, "RAÚL SANTIAGO BOTERO JARAMILLO": 11.0, "ROY LEONARDO BARRERAS MONTEALEGRE": 3.0, "SERGIO FAJARDO VALDERRAMA": 330.0, "SONDRA MACOLLINS GARVIN PINTO": 1.0, "ÓSCAR MAURICIO LIZCANO ARANGO": 5.0, "TOTAL_VOTOS": 4509.0, "GANADOR": "ABELARDO DE LA ESPRIELLA", "VOTOS_GANADOR": 1953.0, "PCT_GANADOR": 43.3 }, "geometry": { "type": "Point", "coordinates": [ -74.12330065, 4.70455727 ] } },
{ "type": "Feature", "properties": { "LOCALIDAD": "Engativá", "DIRECCION": "CLL 64 F Bis # 68 G - 16", "SITIO": "Ciudad de Honda", "NOMBRE": "Colegio Distrital Instituto Técnico industrial Francisco José de Caldas - Sede B", "ABELARDO DE LA ESPRIELLA": 657.0, "CARLOS EDUARDO CAICEDO OMAR": 0.0, "CLAUDIA LÓPEZ": 40.0, "GUSTAVO MATAMOROS CAMACHO": 0.0, "IVÁN CEPEDA CASTRO": 689.0, "LUIS GILBERTO MURILLO URRUTIA": 1.0, "MIGUEL URIBE LONDOÑO": 2.0, "PALOMA VALENCIA LASERNA": 178.0, "RAÚL SANTIAGO BOTERO JARAMILLO": 4.0, "ROY LEONARDO BARRERAS MONTEALEGRE": 2.0, "SERGIO FAJARDO VALDERRAMA": 137.0, "SONDRA MACOLLINS GARVIN PINTO": 2.0, "ÓSCAR MAURICIO LIZCANO ARANGO": 4.0, "TOTAL_VOTOS": 1716.0, "GANADOR": "IVÁN CEPEDA CASTRO", "VOTOS_GANADOR": 689.0, "PCT_GANADOR": 40.2 }, "geometry": { "type": "Point", "coordinates": [ -74.09349928, 4.67293256 ] } },
{ "type": "Feature", "properties": { "LOCALIDAD": "Engativá", "DIRECCION": "CLL 70 C # 111 - 15", "SITIO": "Villa Constanza", "NOMBRE": "Salón Comunal", "ABELARDO DE LA ESPRIELLA": 637.0, "CARLOS EDUARDO CAICEDO OMAR": 0.0, "CLAUDIA LÓPEZ": 50.0, "GUSTAVO MATAMOROS CAMACHO": 0.0, "IVÁN CEPEDA CASTRO": 542.0, "LUIS GILBERTO MURILLO URRUTIA": 0.0, "MIGUEL URIBE LONDOÑO": 1.0, "PALOMA VALENCIA LASERNA": 150.0, "RAÚL SANTIAGO BOTERO JARAMILLO": 13.0, "ROY LEONARDO BARRERAS MONTEALEGRE": 0.0, "SERGIO FAJARDO VALDERRAMA": 64.0, "SONDRA MACOLLINS GARVIN PINTO": 1.0, "ÓSCAR MAURICIO LIZCANO ARANGO": 4.0, "TOTAL_VOTOS": 1462.0, "GANADOR": "ABELARDO DE LA ESPRIELLA", "VOTOS_GANADOR": 637.0, "PCT_GANADOR": 43.6 }, "geometry": { "type": "Point", "coordinates": [ -74.12846496, 4.7082914 ] } },
{ "type": "Feature", "properties": { "LOCALIDAD": "Engativá", "DIRECCION": "CLL 75 # 110 A - 23", "SITIO": "Mortiño", "NOMBRE": "Salón Comunal", "ABELARDO DE LA ESPRIELLA": 652.0, "CARLOS EDUARDO CAICEDO OMAR": 0.0, "CLAUDIA LÓPEZ": 47.0, "GUSTAVO MATAMOROS CAMACHO": 1.0, "IVÁN CEPEDA CASTRO": 585.0, "LUIS GILBERTO MURILLO URRUTIA": 0.0, "MIGUEL URIBE LONDOÑO": 2.0, "PALOMA VALENCIA LASERNA": 157.0, "RAÚL SANTIAGO BOTERO JARAMILLO": 7.0, "ROY LEONARDO BARRERAS MONTEALEGRE": 0.0, "SERGIO FAJARDO VALDERRAMA": 123.0, "SONDRA MACOLLINS GARVIN PINTO": 0.0, "ÓSCAR MAURICIO LIZCANO ARANGO": 4.0, "TOTAL_VOTOS": 1578.0, "GANADOR": "ABELARDO DE LA ESPRIELLA", "VOTOS_GANADOR": 652.0, "PCT_GANADOR": 41.3 }, "geometry": { "type": "Point", "coordinates": [ -74.12370081, 4.71308174 ] } },
{ "type": "Feature", "properties": { "LOCALIDAD": "Suba", "DIRECCION": "CRA 90 # 146 C - 40", "SITIO": "Parque Fundacional de Suba", "NOMBRE": "Parque Fundacional de Suba", "ABELARDO DE LA ESPRIELLA": 7114.0, "CARLOS EDUARDO CAICEDO OMAR": 6.0, "CLAUDIA LÓPEZ": 515.0, "GUSTAVO MATAMOROS CAMACHO": 5.0, "IVÁN CEPEDA CASTRO": 5721.0, "LUIS GILBERTO MURILLO URRUTIA": 11.0, "MIGUEL URIBE LONDOÑO": 23.0, "PALOMA VALENCIA LASERNA": 1701.0, "RAÚL SANTIAGO BOTERO JARAMILLO": 64.0, "ROY LEONARDO BARRERAS MONTEALEGRE": 11.0, "SERGIO FAJARDO VALDERRAMA": 903.0, "SONDRA MACOLLINS GARVIN PINTO": 11.0, "ÓSCAR MAURICIO LIZCANO ARANGO": 29.0, "TOTAL_VOTOS": 16114.0, "GANADOR": "ABELARDO DE LA ESPRIELLA", "VOTOS_GANADOR": 7114.0, "PCT_GANADOR": 44.1 }, "geometry": { "type": "Point", "coordinates": [ -74.08333585, 4.74093155 ] } },
{ "type": "Feature", "properties": { "LOCALIDAD": "Suba", "DIRECCION": "CLL 128 Bis # 93 - 80", "SITIO": "Villa Elisa Sede C - IED", "NOMBRE": "Colegio Villa Elisa Sedes C y D", "ABELARDO DE LA ESPRIELLA": 2035.0, "CARLOS EDUARDO CAICEDO OMAR": 2.0, "CLAUDIA LÓPEZ": 182.0, "GUSTAVO MATAMOROS CAMACHO": 1.0, "IVÁN CEPEDA CASTRO": 1888.0, "LUIS GILBERTO MURILLO URRUTIA": 5.0, "MIGUEL URIBE LONDOÑO": 10.0, "PALOMA VALENCIA LASERNA": 548.0, "RAÚL SANTIAGO BOTERO JARAMILLO": 26.0, "ROY LEONARDO BARRERAS MONTEALEGRE": 1.0, "SERGIO FAJARDO VALDERRAMA": 212.0, "SONDRA MACOLLINS GARVIN PINTO": 6.0, "ÓSCAR MAURICIO LIZCANO ARANGO": 21.0, "TOTAL_VOTOS": 4937.0, "GANADOR": "ABELARDO DE LA ESPRIELLA", "VOTOS_GANADOR": 2035.0, "PCT_GANADOR": 41.2 }, "geometry": { "type": "Point", "coordinates": [ -74.09331633, 4.72274255 ] } },
{ "type": "Feature", "properties": { "LOCALIDAD": "Suba", "DIRECCION": "CRA 94 C # 129 A - 04", "SITIO": "Gerardo Paredes - IED", "NOMBRE": "Colegio Distrital Gerardo Paredes - Sede A", "ABELARDO DE LA ESPRIELLA": 3777.0, "CARLOS EDUARDO CAICEDO OMAR": 4.0, "CLAUDIA LÓPEZ": 400.0, "GUSTAVO MATAMOROS CAMACHO": 8.0, "IVÁN CEPEDA CASTRO": 5796.0, "LUIS GILBERTO MURILLO URRUTIA": 6.0, "MIGUEL URIBE LONDOÑO": 20.0, "PALOMA VALENCIA LASERNA": 901.0, "RAÚL SANTIAGO BOTERO JARAMILLO": 96.0, "ROY LEONARDO BARRERAS MONTEALEGRE": 4.0, "SERGIO FAJARDO VALDERRAMA": 476.0, "SONDRA MACOLLINS GARVIN PINTO": 10.0, "ÓSCAR MAURICIO LIZCANO ARANGO": 24.0, "TOTAL_VOTOS": 11522.0, "GANADOR": "IVÁN CEPEDA CASTRO", "VOTOS_GANADOR": 5796.0, "PCT_GANADOR": 50.3 }, "geometry": { "type": "Point", "coordinates": [ -74.09362809, 4.72587057 ] } },
{ "type": "Feature", "properties": { "LOCALIDAD": "Suba", "DIRECCION": "CRA 111 A # 139 - 88", "SITIO": "Alberto Lleras Camargo - IED", "NOMBRE": "Colegio Distrital Alberto Lleras Camargo", "ABELARDO DE LA ESPRIELLA": 3791.0, "CARLOS EDUARDO CAICEDO OMAR": 6.0, "CLAUDIA LÓPEZ": 333.0, "GUSTAVO MATAMOROS CAMACHO": 0.0, "IVÁN CEPEDA CASTRO": 3671.0, "LUIS GILBERTO MURILLO URRUTIA": 9.0, "MIGUEL URIBE LONDOÑO": 23.0, "PALOMA VALENCIA LASERNA": 955.0, "RAÚL SANTIAGO BOTERO JARAMILLO": 35.0, "ROY LEONARDO BARRERAS MONTEALEGRE": 1.0, "SERGIO FAJARDO VALDERRAMA": 434.0, "SONDRA MACOLLINS GARVIN PINTO": 13.0, "ÓSCAR MAURICIO LIZCANO ARANGO": 24.0, "TOTAL_VOTOS": 9295.0, "GANADOR": "ABELARDO DE LA ESPRIELLA", "VOTOS_GANADOR": 3791.0, "PCT_GANADOR": 40.8 }, "geometry": { "type": "Point", "coordinates": [ -74.10211915, 4.74408145 ] } },
{ "type": "Feature", "properties": { "LOCALIDAD": "Suba", "DIRECCION": "CRA 128 A # 139 - 13", "SITIO": "Tibabuyes Universal Sede A - IED", "NOMBRE": "Colegio Distrital Tibabuyes Universal", "ABELARDO DE LA ESPRIELLA": 2791.0, "CARLOS EDUARDO CAICEDO OMAR": 1.0, "CLAUDIA LÓPEZ": 271.0, "GUSTAVO MATAMOROS CAMACHO": 2.0, "IVÁN CEPEDA CASTRO": 3379.0, "LUIS GILBERTO MURILLO URRUTIA": 2.0, "MIGUEL URIBE LONDOÑO": 11.0, "PALOMA VALENCIA LASERNA": 729.0, "RAÚL SANTIAGO BOTERO JARAMILLO": 41.0, "ROY LEONARDO BARRERAS MONTEALEGRE": 4.0, "SERGIO FAJARDO VALDERRAMA": 404.0, "SONDRA MACOLLINS GARVIN PINTO": 7.0, "ÓSCAR MAURICIO LIZCANO ARANGO": 13.0, "TOTAL_VOTOS": 7655.0, "GANADOR": "IVÁN CEPEDA CASTRO", "VOTOS_GANADOR": 3379.0, "PCT_GANADOR": 44.1 }, "geometry": { "type": "Point", "coordinates": [ -74.11057587, 4.74623162 ] } },
{ "type": "Feature", "properties": { "LOCALIDAD": "Suba", "DIRECCION": "CLL 146 B # 78 - 51", "SITIO": "Casablanca Suba", "NOMBRE": "Parque Casablanca", "ABELARDO DE LA ESPRIELLA": 1057.0, "CARLOS EDUARDO CAICEDO OMAR": 0.0, "CLAUDIA LÓPEZ": 89.0, "GUSTAVO MATAMOROS CAMACHO": 2.0, "IVÁN CEPEDA CASTRO": 919.0, "LUIS GILBERTO MURILLO URRUTIA": 3.0, "MIGUEL URIBE LONDOÑO": 4.0, "PALOMA VALENCIA LASERNA": 198.0, "RAÚL SANTIAGO BOTERO JARAMILLO": 12.0, "ROY LEONARDO BARRERAS MONTEALEGRE": 0.0, "SERGIO FAJARDO VALDERRAMA": 117.0, "SONDRA MACOLLINS GARVIN PINTO": 3.0, "ÓSCAR MAURICIO LIZCANO ARANGO": 5.0, "TOTAL_VOTOS": 2409.0, "GANADOR": "ABELARDO DE LA ESPRIELLA", "VOTOS_GANADOR": 1057.0, "PCT_GANADOR": 43.9 }, "geometry": { "type": "Point", "coordinates": [ -74.07585599, 4.73804037 ] } },
{ "type": "Feature", "properties": { "LOCALIDAD": "Suba", "DIRECCION": "CLL 170 # 54 A - 10", "SITIO": "Villa Del Prado-Uni. Agraria", "NOMBRE": "UNIAGRARIA", "ABELARDO DE LA ESPRIELLA": 4717.0, "CARLOS EDUARDO CAICEDO OMAR": 3.0, "CLAUDIA LÓPEZ": 154.0, "GUSTAVO MATAMOROS CAMACHO": 4.0, "IVÁN CEPEDA CASTRO": 1728.0, "LUIS GILBERTO MURILLO URRUTIA": 3.0, "MIGUEL URIBE LONDOÑO": 7.0, "PALOMA VALENCIA LASERNA": 1140.0, "RAÚL SANTIAGO BOTERO JARAMILLO": 9.0, "ROY LEONARDO BARRERAS MONTEALEGRE": 2.0, "SERGIO FAJARDO VALDERRAMA": 509.0, "SONDRA MACOLLINS GARVIN PINTO": 6.0, "ÓSCAR MAURICIO LIZCANO ARANGO": 15.0, "TOTAL_VOTOS": 8297.0, "GANADOR": "ABELARDO DE LA ESPRIELLA", "VOTOS_GANADOR": 4717.0, "PCT_GANADOR": 56.9 }, "geometry": { "type": "Point", "coordinates": [ -74.05350404, 4.75345933 ] } },
{ "type": "Feature", "properties": { "LOCALIDAD": "Suba", "DIRECCION": "CRA 53 # 135 - 13", "SITIO": "Prado Pinzón", "NOMBRE": "Colegio Distrital Anibal Fernández de Soto", "ABELARDO DE LA ESPRIELLA": 2513.0, "CARLOS EDUARDO CAICEDO OMAR": 1.0, "CLAUDIA LÓPEZ": 101.0, "GUSTAVO MATAMOROS CAMACHO": 3.0, "IVÁN CEPEDA CASTRO": 1179.0, "LUIS GILBERTO MURILLO URRUTIA": 4.0, "MIGUEL URIBE LONDOÑO": 4.0, "PALOMA VALENCIA LASERNA": 570.0, "RAÚL SANTIAGO BOTERO JARAMILLO": 11.0, "ROY LEONARDO BARRERAS MONTEALEGRE": 1.0, "SERGIO FAJARDO VALDERRAMA": 307.0, "SONDRA MACOLLINS GARVIN PINTO": 3.0, "ÓSCAR MAURICIO LIZCANO ARANGO": 7.0, "TOTAL_VOTOS": 4704.0, "GANADOR": "ABELARDO DE LA ESPRIELLA", "VOTOS_GANADOR": 2513.0, "PCT_GANADOR": 53.4 }, "geometry": { "type": "Point", "coordinates": [ -74.05738754, 4.7229907 ] } },
{ "type": "Feature", "properties": { "LOCALIDAD": "Suba", "DIRECCION": "CLL 129 B # 58 B - 45", "SITIO": "Prado Ciudad Jardín", "NOMBRE": "Colegio Distrital Gustavo Morales Morales - Sede B", "ABELARDO DE LA ESPRIELLA": 2057.0, "CARLOS EDUARDO CAICEDO OMAR": 0.0, "CLAUDIA LÓPEZ": 162.0, "GUSTAVO MATAMOROS CAMACHO": 1.0, "IVÁN CEPEDA CASTRO": 1151.0, "LUIS GILBERTO MURILLO URRUTIA": 2.0, "MIGUEL URIBE LONDOÑO": 3.0, "PALOMA VALENCIA LASERNA": 441.0, "RAÚL SANTIAGO BOTERO JARAMILLO": 12.0, "ROY LEONARDO BARRERAS MONTEALEGRE": 2.0, "SERGIO FAJARDO VALDERRAMA": 213.0, "SONDRA MACOLLINS GARVIN PINTO": 3.0, "ÓSCAR MAURICIO LIZCANO ARANGO": 4.0, "TOTAL_VOTOS": 4051.0, "GANADOR": "ABELARDO DE LA ESPRIELLA", "VOTOS_GANADOR": 2057.0, "PCT_GANADOR": 50.8 }, "geometry": { "type": "Point", "coordinates": [ -74.06980868, 4.71928901 ] } },
{ "type": "Feature", "properties": { "LOCALIDAD": "Suba", "DIRECCION": "CLL 102 A # 70 - 40", "SITIO": "Pontevedra", "NOMBRE": "Colegio Distrital Santa Rosa - Sede A", "ABELARDO DE LA ESPRIELLA": 3526.0, "CARLOS EDUARDO CAICEDO OMAR": 0.0, "CLAUDIA LÓPEZ": 122.0, "GUSTAVO MATAMOROS CAMACHO": 0.0, "IVÁN CEPEDA CASTRO": 1295.0, "LUIS GILBERTO MURILLO URRUTIA": 0.0, "MIGUEL URIBE LONDOÑO": 3.0, "PALOMA VALENCIA LASERNA": 862.0, "RAÚL SANTIAGO BOTERO JARAMILLO": 5.0, "ROY LEONARDO BARRERAS MONTEALEGRE": 4.0, "SERGIO FAJARDO VALDERRAMA": 483.0, "SONDRA MACOLLINS GARVIN PINTO": 5.0, "ÓSCAR MAURICIO LIZCANO ARANGO": 7.0, "TOTAL_VOTOS": 6312.0, "GANADOR": "ABELARDO DE LA ESPRIELLA", "VOTOS_GANADOR": 3526.0, "PCT_GANADOR": 55.9 }, "geometry": { "type": "Point", "coordinates": [ -74.07401792, 4.69596725 ] } },
{ "type": "Feature", "properties": { "LOCALIDAD": "Suba", "DIRECCION": "CRA 70 C # 116 A - 12", "SITIO": "San Nicolás - Agustiniano Norte", "NOMBRE": "San Nicolás - Agustiniano Norte", "ABELARDO DE LA ESPRIELLA": 2828.0, "CARLOS EDUARDO CAICEDO OMAR": 0.0, "CLAUDIA LÓPEZ": 89.0, "GUSTAVO MATAMOROS CAMACHO": 0.0, "IVÁN CEPEDA CASTRO": 737.0, "LUIS GILBERTO MURILLO URRUTIA": 1.0, "MIGUEL URIBE LONDOÑO": 1.0, "PALOMA VALENCIA LASERNA": 782.0, "RAÚL SANTIAGO BOTERO JARAMILLO": 6.0, "ROY LEONARDO BARRERAS MONTEALEGRE": 1.0, "SERGIO FAJARDO VALDERRAMA": 344.0, "SONDRA MACOLLINS GARVIN PINTO": 1.0, "ÓSCAR MAURICIO LIZCANO ARANGO": 4.0, "TOTAL_VOTOS": 4794.0, "GANADOR": "ABELARDO DE LA ESPRIELLA", "VOTOS_GANADOR": 2828.0, "PCT_GANADOR": 59.0 }, "geometry": { "type": "Point", "coordinates": [ -74.07214129, 4.70029134 ] } },
{ "type": "Feature", "properties": { "LOCALIDAD": "Suba", "DIRECCION": "CRA 46 # 130 - 65", "SITIO": "Prado Veraniego", "NOMBRE": "Colegio Distrital Prado Veraniego I - Sede A", "ABELARDO DE LA ESPRIELLA": 2660.0, "CARLOS EDUARDO CAICEDO OMAR": 3.0, "CLAUDIA LÓPEZ": 124.0, "GUSTAVO MATAMOROS CAMACHO": 0.0, "IVÁN CEPEDA CASTRO": 1536.0, "LUIS GILBERTO MURILLO URRUTIA": 2.0, "MIGUEL URIBE LONDOÑO": 8.0, "PALOMA VALENCIA LASERNA": 618.0, "RAÚL SANTIAGO BOTERO JARAMILLO": 11.0, "ROY LEONARDO BARRERAS MONTEALEGRE": 2.0, "SERGIO FAJARDO VALDERRAMA": 293.0, "SONDRA MACOLLINS GARVIN PINTO": 4.0, "ÓSCAR MAURICIO LIZCANO ARANGO": 11.0, "TOTAL_VOTOS": 5272.0, "GANADOR": "ABELARDO DE LA ESPRIELLA", "VOTOS_GANADOR": 2660.0, "PCT_GANADOR": 50.5 }, "geometry": { "type": "Point", "coordinates": [ -74.05417374, 4.71715963 ] } },
{ "type": "Feature", "properties": { "LOCALIDAD": "Suba", "DIRECCION": "CRA 53 A # 128 - 51", "SITIO": "Niza IX", "NOMBRE": "Colegio Distrital Prado Veraniego II - Sede B", "ABELARDO DE LA ESPRIELLA": 2069.0, "CARLOS EDUARDO CAICEDO OMAR": 2.0, "CLAUDIA LÓPEZ": 66.0, "GUSTAVO MATAMOROS CAMACHO": 1.0, "IVÁN CEPEDA CASTRO": 898.0, "LUIS GILBERTO MURILLO URRUTIA": 4.0, "MIGUEL URIBE LONDOÑO": 2.0, "PALOMA VALENCIA LASERNA": 594.0, "RAÚL SANTIAGO BOTERO JARAMILLO": 16.0, "ROY LEONARDO BARRERAS MONTEALEGRE": 1.0, "SERGIO FAJARDO VALDERRAMA": 275.0, "SONDRA MACOLLINS GARVIN PINTO": 4.0, "ÓSCAR MAURICIO LIZCANO ARANGO": 4.0, "TOTAL_VOTOS": 3936.0, "GANADOR": "ABELARDO DE LA ESPRIELLA", "VOTOS_GANADOR": 2069.0, "PCT_GANADOR": 52.6 }, "geometry": { "type": "Point", "coordinates": [ -74.06067303, 4.71349587 ] } },
{ "type": "Feature", "properties": { "LOCALIDAD": "Suba", "DIRECCION": "CLL 114 A # 45 - 98", "SITIO": "La Alhambra - Carulla", "NOMBRE": "Parqueadero Carulla CLL 116", "ABELARDO DE LA ESPRIELLA": 5385.0, "CARLOS EDUARDO CAICEDO OMAR": 1.0, "CLAUDIA LÓPEZ": 94.0, "GUSTAVO MATAMOROS CAMACHO": 0.0, "IVÁN CEPEDA CASTRO": 852.0, "LUIS GILBERTO MURILLO URRUTIA": 0.0, "MIGUEL URIBE LONDOÑO": 1.0, "PALOMA VALENCIA LASERNA": 1496.0, "RAÚL SANTIAGO BOTERO JARAMILLO": 5.0, "ROY LEONARDO BARRERAS MONTEALEGRE": 1.0, "SERGIO FAJARDO VALDERRAMA": 451.0, "SONDRA MACOLLINS GARVIN PINTO": 1.0, "ÓSCAR MAURICIO LIZCANO ARANGO": 4.0, "TOTAL_VOTOS": 8291.0, "GANADOR": "ABELARDO DE LA ESPRIELLA", "VOTOS_GANADOR": 5385.0, "PCT_GANADOR": 64.9 }, "geometry": { "type": "Point", "coordinates": [ -74.05748507, 4.69887925 ] } },
{ "type": "Feature", "properties": { "LOCALIDAD": "Suba", "DIRECCION": "TRV 56 # 114 - 50", "SITIO": "Puente Largo - Emmanuel D'alzon", "NOMBRE": "Colegio Emmanuel D'alzon", "ABELARDO DE LA ESPRIELLA": 5476.0, "CARLOS EDUARDO CAICEDO OMAR": 3.0, "CLAUDIA LÓPEZ": 199.0, "GUSTAVO MATAMOROS CAMACHO": 0.0, "IVÁN CEPEDA CASTRO": 1642.0, "LUIS GILBERTO MURILLO URRUTIA": 1.0, "MIGUEL URIBE LONDOÑO": 6.0, "PALOMA VALENCIA LASERNA": 1721.0, "RAÚL SANTIAGO BOTERO JARAMILLO": 4.0, "ROY LEONARDO BARRERAS MONTEALEGRE": 4.0, "SERGIO FAJARDO VALDERRAMA": 1067.0, "SONDRA MACOLLINS GARVIN PINTO": 3.0, "ÓSCAR MAURICIO LIZCANO ARANGO": 11.0, "TOTAL_VOTOS": 10137.0, "GANADOR": "ABELARDO DE LA ESPRIELLA", "VOTOS_GANADOR": 5476.0, "PCT_GANADOR": 54.0 }, "geometry": { "type": "Point", "coordinates": [ -74.06724004, 4.69797057 ] } },
{ "type": "Feature", "properties": { "LOCALIDAD": "Suba", "DIRECCION": "CRA 68 B # 94 - 12", "SITIO": "Floresta Norte - Julio Flórez", "NOMBRE": "Colegio Instituto Técnico Distrital Julio Flórez - Sede B", "ABELARDO DE LA ESPRIELLA": 2365.0, "CARLOS EDUARDO CAICEDO OMAR": 0.0, "CLAUDIA LÓPEZ": 84.0, "GUSTAVO MATAMOROS CAMACHO": 0.0, "IVÁN CEPEDA CASTRO": 926.0, "LUIS GILBERTO MURILLO URRUTIA": 0.0, "MIGUEL URIBE LONDOÑO": 3.0, "PALOMA VALENCIA LASERNA": 651.0, "RAÚL SANTIAGO BOTERO JARAMILLO": 3.0, "ROY LEONARDO BARRERAS MONTEALEGRE": 3.0, "SERGIO FAJARDO VALDERRAMA": 336.0, "SONDRA MACOLLINS GARVIN PINTO": 2.0, "ÓSCAR MAURICIO LIZCANO ARANGO": 2.0, "TOTAL_VOTOS": 4375.0, "GANADOR": "ABELARDO DE LA ESPRIELLA", "VOTOS_GANADOR": 2365.0, "PCT_GANADOR": 54.1 }, "geometry": { "type": "Point", "coordinates": [ -74.07750307, 4.68716899 ] } },
{ "type": "Feature", "properties": { "LOCALIDAD": "Suba", "DIRECCION": "CRA 53 #102 A - 77", "SITIO": "Pasadena - Los Tres Elefantes", "NOMBRE": "Parqueadero los Tres Elefantes", "ABELARDO DE LA ESPRIELLA": 2872.0, "CARLOS EDUARDO CAICEDO OMAR": 0.0, "CLAUDIA LÓPEZ": 75.0, "GUSTAVO MATAMOROS CAMACHO": 0.0, "IVÁN CEPEDA CASTRO": 615.0, "LUIS GILBERTO MURILLO URRUTIA": 1.0, "MIGUEL URIBE LONDOÑO": 5.0, "PALOMA VALENCIA LASERNA": 822.0, "RAÚL SANTIAGO BOTERO JARAMILLO": 4.0, "ROY LEONARDO BARRERAS MONTEALEGRE": 2.0, "SERGIO FAJARDO VALDERRAMA": 278.0, "SONDRA MACOLLINS GARVIN PINTO": 0.0, "ÓSCAR MAURICIO LIZCANO ARANGO": 0.0, "TOTAL_VOTOS": 4674.0, "GANADOR": "ABELARDO DE LA ESPRIELLA", "VOTOS_GANADOR": 2872.0, "PCT_GANADOR": 61.4 }, "geometry": { "type": "Point", "coordinates": [ -74.06293148, 4.69108608 ] } },
{ "type": "Feature", "properties": { "LOCALIDAD": "Suba", "DIRECCION": "CLL 181 # 51 A - 31", "SITIO": "Nueva Zelandia", "NOMBRE": "Colegio Distrital Nueva Zelandia", "ABELARDO DE LA ESPRIELLA": 2565.0, "CARLOS EDUARDO CAICEDO OMAR": 2.0, "CLAUDIA LÓPEZ": 113.0, "GUSTAVO MATAMOROS CAMACHO": 0.0, "IVÁN CEPEDA CASTRO": 1491.0, "LUIS GILBERTO MURILLO URRUTIA": 4.0, "MIGUEL URIBE LONDOÑO": 3.0, "PALOMA VALENCIA LASERNA": 520.0, "RAÚL SANTIAGO BOTERO JARAMILLO": 16.0, "ROY LEONARDO BARRERAS MONTEALEGRE": 0.0, "SERGIO FAJARDO VALDERRAMA": 396.0, "SONDRA MACOLLINS GARVIN PINTO": 0.0, "ÓSCAR MAURICIO LIZCANO ARANGO": 7.0, "TOTAL_VOTOS": 5117.0, "GANADOR": "ABELARDO DE LA ESPRIELLA", "VOTOS_GANADOR": 2565.0, "PCT_GANADOR": 50.1 }, "geometry": { "type": "Point", "coordinates": [ -74.04953913, 4.75908562 ] } },
{ "type": "Feature", "properties": { "LOCALIDAD": "Suba", "DIRECCION": "CRA 92 # 152 A - 52", "SITIO": "El Salitre Sede C - IED", "NOMBRE": "Colegio Distrital El Salitre Suba - Sede C", "ABELARDO DE LA ESPRIELLA": 3289.0, "CARLOS EDUARDO CAICEDO OMAR": 0.0, "CLAUDIA LÓPEZ": 222.0, "GUSTAVO MATAMOROS CAMACHO": 1.0, "IVÁN CEPEDA CASTRO": 2278.0, "LUIS GILBERTO MURILLO URRUTIA": 6.0, "MIGUEL URIBE LONDOÑO": 12.0, "PALOMA VALENCIA LASERNA": 814.0, "RAÚL SANTIAGO BOTERO JARAMILLO": 25.0, "ROY LEONARDO BARRERAS MONTEALEGRE": 5.0, "SERGIO FAJARDO VALDERRAMA": 380.0, "SONDRA MACOLLINS GARVIN PINTO": 4.0, "ÓSCAR MAURICIO LIZCANO ARANGO": 17.0, "TOTAL_VOTOS": 7053.0, "GANADOR": "ABELARDO DE LA ESPRIELLA", "VOTOS_GANADOR": 3289.0, "PCT_GANADOR": 46.6 }, "geometry": { "type": "Point", "coordinates": [ -74.08305401, 4.74919249 ] } },
{ "type": "Feature", "properties": { "LOCALIDAD": "Suba", "DIRECCION": "CLL 166 Bis  # 54 C - 08 / CLL 166 # 54 C - 08", "SITIO": "San Cipriano", "NOMBRE": "Colegio Distrital Vista Bella - Sede B", "ABELARDO DE LA ESPRIELLA": 2396.0, "CARLOS EDUARDO CAICEDO OMAR": 2.0, "CLAUDIA LÓPEZ": 106.0, "GUSTAVO MATAMOROS CAMACHO": 1.0, "IVÁN CEPEDA CASTRO": 1136.0, "LUIS GILBERTO MURILLO URRUTIA": 4.0, "MIGUEL URIBE LONDOÑO": 8.0, "PALOMA VALENCIA LASERNA": 508.0, "RAÚL SANTIAGO BOTERO JARAMILLO": 9.0, "ROY LEONARDO BARRERAS MONTEALEGRE": 1.0, "SERGIO FAJARDO VALDERRAMA": 301.0, "SONDRA MACOLLINS GARVIN PINTO": 8.0, "ÓSCAR MAURICIO LIZCANO ARANGO": 13.0, "TOTAL_VOTOS": 4493.0, "GANADOR": "ABELARDO DE LA ESPRIELLA", "VOTOS_GANADOR": 2396.0, "PCT_GANADOR": 53.3 }, "geometry": { "type": "Point", "coordinates": [ -74.05503119, 4.74862904 ] } },
{ "type": "Feature", "properties": { "LOCALIDAD": "Suba", "DIRECCION": "TRV 60 # 128 A - 51", "SITIO": "Fundación Universi. Luis Amigó", "NOMBRE": "Fundación Universitaria Luis Amigó", "ABELARDO DE LA ESPRIELLA": 3033.0, "CARLOS EDUARDO CAICEDO OMAR": 0.0, "CLAUDIA LÓPEZ": 102.0, "GUSTAVO MATAMOROS CAMACHO": 0.0, "IVÁN CEPEDA CASTRO": 1139.0, "LUIS GILBERTO MURILLO URRUTIA": 2.0, "MIGUEL URIBE LONDOÑO": 6.0, "PALOMA VALENCIA LASERNA": 842.0, "RAÚL SANTIAGO BOTERO JARAMILLO": 8.0, "ROY LEONARDO BARRERAS MONTEALEGRE": 2.0, "SERGIO FAJARDO VALDERRAMA": 550.0, "SONDRA MACOLLINS GARVIN PINTO": 3.0, "ÓSCAR MAURICIO LIZCANO ARANGO": 3.0, "TOTAL_VOTOS": 5690.0, "GANADOR": "ABELARDO DE LA ESPRIELLA", "VOTOS_GANADOR": 3033.0, "PCT_GANADOR": 53.3 }, "geometry": { "type": "Point", "coordinates": [ -74.07402014, 4.71656025 ] } },
{ "type": "Feature", "properties": { "LOCALIDAD": "Suba", "DIRECCION": "CLL 143 A # 118 - 50", "SITIO": "Don Bosco - IED", "NOMBRE": "Centro Educativo Distrital Don Bosco V", "ABELARDO DE LA ESPRIELLA": 3981.0, "CARLOS EDUARDO CAICEDO OMAR": 5.0, "CLAUDIA LÓPEZ": 280.0, "GUSTAVO MATAMOROS CAMACHO": 2.0, "IVÁN CEPEDA CASTRO": 3481.0, "LUIS GILBERTO MURILLO URRUTIA": 9.0, "MIGUEL URIBE LONDOÑO": 14.0, "PALOMA VALENCIA LASERNA": 947.0, "RAÚL SANTIAGO BOTERO JARAMILLO": 30.0, "ROY LEONARDO BARRERAS MONTEALEGRE": 3.0, "SERGIO FAJARDO VALDERRAMA": 552.0, "SONDRA MACOLLINS GARVIN PINTO": 7.0, "ÓSCAR MAURICIO LIZCANO ARANGO": 21.0, "TOTAL_VOTOS": 9332.0, "GANADOR": "ABELARDO DE LA ESPRIELLA", "VOTOS_GANADOR": 3981.0, "PCT_GANADOR": 42.7 }, "geometry": { "type": "Point", "coordinates": [ -74.10748215, 4.7504136 ] } },
{ "type": "Feature", "properties": { "LOCALIDAD": "Suba", "DIRECCION": "AV CLL 138 # 58 D - 50", "SITIO": "Colegio - Hijas de Cristo Rey", "NOMBRE": "Colegio Hijas de Cristo Rey", "ABELARDO DE LA ESPRIELLA": 6838.0, "CARLOS EDUARDO CAICEDO OMAR": 0.0, "CLAUDIA LÓPEZ": 155.0, "GUSTAVO MATAMOROS CAMACHO": 0.0, "IVÁN CEPEDA CASTRO": 1369.0, "LUIS GILBERTO MURILLO URRUTIA": 4.0, "MIGUEL URIBE LONDOÑO": 3.0, "PALOMA VALENCIA LASERNA": 1677.0, "RAÚL SANTIAGO BOTERO JARAMILLO": 6.0, "ROY LEONARDO BARRERAS MONTEALEGRE": 6.0, "SERGIO FAJARDO VALDERRAMA": 718.0, "SONDRA MACOLLINS GARVIN PINTO": 5.0, "ÓSCAR MAURICIO LIZCANO ARANGO": 2.0, "TOTAL_VOTOS": 10783.0, "GANADOR": "ABELARDO DE LA ESPRIELLA", "VOTOS_GANADOR": 6838.0, "PCT_GANADOR": 63.4 }, "geometry": { "type": "Point", "coordinates": [ -74.06727899, 4.72944338 ] } },
{ "type": "Feature", "properties": { "LOCALIDAD": "Suba", "DIRECCION": "CRA 46 # 152 - 46", "SITIO": "Centro Comercial Mazurén", "NOMBRE": "Parqueadero Centro Comercial Mazurén", "ABELARDO DE LA ESPRIELLA": 6694.0, "CARLOS EDUARDO CAICEDO OMAR": 0.0, "CLAUDIA LÓPEZ": 186.0, "GUSTAVO MATAMOROS CAMACHO": 0.0, "IVÁN CEPEDA CASTRO": 2004.0, "LUIS GILBERTO MURILLO URRUTIA": 3.0, "MIGUEL URIBE LONDOÑO": 7.0, "PALOMA VALENCIA LASERNA": 1576.0, "RAÚL SANTIAGO BOTERO JARAMILLO": 10.0, "ROY LEONARDO BARRERAS MONTEALEGRE": 3.0, "SERGIO FAJARDO VALDERRAMA": 968.0, "SONDRA MACOLLINS GARVIN PINTO": 2.0, "ÓSCAR MAURICIO LIZCANO ARANGO": 11.0, "TOTAL_VOTOS": 11464.0, "GANADOR": "ABELARDO DE LA ESPRIELLA", "VOTOS_GANADOR": 6694.0, "PCT_GANADOR": 58.4 }, "geometry": { "type": "Point", "coordinates": [ -74.05005202, 4.73649034 ] } },
{ "type": "Feature", "properties": { "LOCALIDAD": "Suba", "DIRECCION": "CLL 183 # 54 D - 25", "SITIO": "Tejares Norte", "NOMBRE": "Universidad Pedagógica Nacional", "ABELARDO DE LA ESPRIELLA": 2807.0, "CARLOS EDUARDO CAICEDO OMAR": 1.0, "CLAUDIA LÓPEZ": 99.0, "GUSTAVO MATAMOROS CAMACHO": 0.0, "IVÁN CEPEDA CASTRO": 1032.0, "LUIS GILBERTO MURILLO URRUTIA": 1.0, "MIGUEL URIBE LONDOÑO": 4.0, "PALOMA VALENCIA LASERNA": 650.0, "RAÚL SANTIAGO BOTERO JARAMILLO": 5.0, "ROY LEONARDO BARRERAS MONTEALEGRE": 1.0, "SERGIO FAJARDO VALDERRAMA": 357.0, "SONDRA MACOLLINS GARVIN PINTO": 2.0, "ÓSCAR MAURICIO LIZCANO ARANGO": 0.0, "TOTAL_VOTOS": 4959.0, "GANADOR": "ABELARDO DE LA ESPRIELLA", "VOTOS_GANADOR": 2807.0, "PCT_GANADOR": 56.6 }, "geometry": { "type": "Point", "coordinates": [ -74.05026995, 4.76278287 ] } },
{ "type": "Feature", "properties": { "LOCALIDAD": "Suba", "DIRECCION": "CLL 136 # 136A - 12", "SITIO": "Colegio Celestin Freinet", "NOMBRE": "Colegio Celestin Freinet", "ABELARDO DE LA ESPRIELLA": 1814.0, "CARLOS EDUARDO CAICEDO OMAR": 1.0, "CLAUDIA LÓPEZ": 170.0, "GUSTAVO MATAMOROS CAMACHO": 1.0, "IVÁN CEPEDA CASTRO": 2172.0, "LUIS GILBERTO MURILLO URRUTIA": 2.0, "MIGUEL URIBE LONDOÑO": 4.0, "PALOMA VALENCIA LASERNA": 441.0, "RAÚL SANTIAGO BOTERO JARAMILLO": 31.0, "ROY LEONARDO BARRERAS MONTEALEGRE": 5.0, "SERGIO FAJARDO VALDERRAMA": 197.0, "SONDRA MACOLLINS GARVIN PINTO": 5.0, "ÓSCAR MAURICIO LIZCANO ARANGO": 15.0, "TOTAL_VOTOS": 4858.0, "GANADOR": "IVÁN CEPEDA CASTRO", "VOTOS_GANADOR": 2172.0, "PCT_GANADOR": 44.7 }, "geometry": { "type": "Point", "coordinates": [ -74.11433533, 4.74543379 ] } },
{ "type": "Feature", "properties": { "LOCALIDAD": "Suba", "DIRECCION": "CRA 100 A # 130 - 18", "SITIO": "Alvaro Gomez Hurtado Sede A - IED", "NOMBRE": "Colegio Distrital Álvaro Gómez Hurtado", "ABELARDO DE LA ESPRIELLA": 3973.0, "CARLOS EDUARDO CAICEDO OMAR": 4.0, "CLAUDIA LÓPEZ": 366.0, "GUSTAVO MATAMOROS CAMACHO": 3.0, "IVÁN CEPEDA CASTRO": 4341.0, "LUIS GILBERTO MURILLO URRUTIA": 15.0, "MIGUEL URIBE LONDOÑO": 13.0, "PALOMA VALENCIA LASERNA": 951.0, "RAÚL SANTIAGO BOTERO JARAMILLO": 47.0, "ROY LEONARDO BARRERAS MONTEALEGRE": 11.0, "SERGIO FAJARDO VALDERRAMA": 524.0, "SONDRA MACOLLINS GARVIN PINTO": 11.0, "ÓSCAR MAURICIO LIZCANO ARANGO": 21.0, "TOTAL_VOTOS": 10280.0, "GANADOR": "IVÁN CEPEDA CASTRO", "VOTOS_GANADOR": 4341.0, "PCT_GANADOR": 42.2 }, "geometry": { "type": "Point", "coordinates": [ -74.0968505, 4.7304445 ] } },
{ "type": "Feature", "properties": { "LOCALIDAD": "Suba", "DIRECCION": "CLL 144 C # 141 A - 51", "SITIO": "Delia Zapata Olivella - IED", "NOMBRE": "Colegio Distrital Delia Zapata Olivella", "ABELARDO DE LA ESPRIELLA": 3146.0, "CARLOS EDUARDO CAICEDO OMAR": 6.0, "CLAUDIA LÓPEZ": 336.0, "GUSTAVO MATAMOROS CAMACHO": 3.0, "IVÁN CEPEDA CASTRO": 4560.0, "LUIS GILBERTO MURILLO URRUTIA": 7.0, "MIGUEL URIBE LONDOÑO": 5.0, "PALOMA VALENCIA LASERNA": 708.0, "RAÚL SANTIAGO BOTERO JARAMILLO": 67.0, "ROY LEONARDO BARRERAS MONTEALEGRE": 6.0, "SERGIO FAJARDO VALDERRAMA": 482.0, "SONDRA MACOLLINS GARVIN PINTO": 5.0, "ÓSCAR MAURICIO LIZCANO ARANGO": 26.0, "TOTAL_VOTOS": 9357.0, "GANADOR": "IVÁN CEPEDA CASTRO", "VOTOS_GANADOR": 4560.0, "PCT_GANADOR": 48.7 }, "geometry": { "type": "Point", "coordinates": [ -74.11330965, 4.75313734 ] } },
{ "type": "Feature", "properties": { "LOCALIDAD": "Suba", "DIRECCION": "CLL 128 B # 87 D - 05", "SITIO": "Hunza Sede B - IED", "NOMBRE": "Colegio Distrital Hunza - Sede B", "ABELARDO DE LA ESPRIELLA": 771.0, "CARLOS EDUARDO CAICEDO OMAR": 0.0, "CLAUDIA LÓPEZ": 71.0, "GUSTAVO MATAMOROS CAMACHO": 0.0, "IVÁN CEPEDA CASTRO": 987.0, "LUIS GILBERTO MURILLO URRUTIA": 0.0, "MIGUEL URIBE LONDOÑO": 6.0, "PALOMA VALENCIA LASERNA": 203.0, "RAÚL SANTIAGO BOTERO JARAMILLO": 17.0, "ROY LEONARDO BARRERAS MONTEALEGRE": 0.0, "SERGIO FAJARDO VALDERRAMA": 65.0, "SONDRA MACOLLINS GARVIN PINTO": 4.0, "ÓSCAR MAURICIO LIZCANO ARANGO": 8.0, "TOTAL_VOTOS": 2132.0, "GANADOR": "IVÁN CEPEDA CASTRO", "VOTOS_GANADOR": 987.0, "PCT_GANADOR": 46.3 }, "geometry": { "type": "Point", "coordinates": [ -74.08725562, 4.72068616 ] } },
{ "type": "Feature", "properties": { "LOCALIDAD": "Suba", "DIRECCION": "CLL 132 C # 92 A - 71", "SITIO": "Villa Elisa Sede A - IED", "NOMBRE": "Colegio Distrital Villa Elisa - Sede A", "ABELARDO DE LA ESPRIELLA": 1397.0, "CARLOS EDUARDO CAICEDO OMAR": 1.0, "CLAUDIA LÓPEZ": 123.0, "GUSTAVO MATAMOROS CAMACHO": 1.0, "IVÁN CEPEDA CASTRO": 1197.0, "LUIS GILBERTO MURILLO URRUTIA": 2.0, "MIGUEL URIBE LONDOÑO": 7.0, "PALOMA VALENCIA LASERNA": 352.0, "RAÚL SANTIAGO BOTERO JARAMILLO": 28.0, "ROY LEONARDO BARRERAS MONTEALEGRE": 2.0, "SERGIO FAJARDO VALDERRAMA": 168.0, "SONDRA MACOLLINS GARVIN PINTO": 7.0, "ÓSCAR MAURICIO LIZCANO ARANGO": 11.0, "TOTAL_VOTOS": 3296.0, "GANADOR": "ABELARDO DE LA ESPRIELLA", "VOTOS_GANADOR": 1397.0, "PCT_GANADOR": 42.4 }, "geometry": { "type": "Point", "coordinates": [ -74.08785469, 4.73234393 ] } },
{ "type": "Feature", "properties": { "LOCALIDAD": "Suba", "DIRECCION": "CLL 131 A # 125 - 39", "SITIO": "República Dominicana Sede A - IED", "NOMBRE": "Colegio Distrital República Dominicana", "ABELARDO DE LA ESPRIELLA": 3010.0, "CARLOS EDUARDO CAICEDO OMAR": 3.0, "CLAUDIA LÓPEZ": 216.0, "GUSTAVO MATAMOROS CAMACHO": 2.0, "IVÁN CEPEDA CASTRO": 3957.0, "LUIS GILBERTO MURILLO URRUTIA": 0.0, "MIGUEL URIBE LONDOÑO": 9.0, "PALOMA VALENCIA LASERNA": 607.0, "RAÚL SANTIAGO BOTERO JARAMILLO": 39.0, "ROY LEONARDO BARRERAS MONTEALEGRE": 6.0, "SERGIO FAJARDO VALDERRAMA": 505.0, "SONDRA MACOLLINS GARVIN PINTO": 4.0, "ÓSCAR MAURICIO LIZCANO ARANGO": 7.0, "TOTAL_VOTOS": 8365.0, "GANADOR": "IVÁN CEPEDA CASTRO", "VOTOS_GANADOR": 3957.0, "PCT_GANADOR": 47.3 }, "geometry": { "type": "Point", "coordinates": [ -74.10899939, 4.73896439 ] } },
{ "type": "Feature", "properties": { "LOCALIDAD": "Suba", "DIRECCION": "CRA 151 A # 132 A - 16", "SITIO": "La Toscana Lisboa Sede B - IED", "NOMBRE": "Colegio Distrital Lisboa - Sede B", "ABELARDO DE LA ESPRIELLA": 2090.0, "CARLOS EDUARDO CAICEDO OMAR": 4.0, "CLAUDIA LÓPEZ": 242.0, "GUSTAVO MATAMOROS CAMACHO": 2.0, "IVÁN CEPEDA CASTRO": 2994.0, "LUIS GILBERTO MURILLO URRUTIA": 4.0, "MIGUEL URIBE LONDOÑO": 12.0, "PALOMA VALENCIA LASERNA": 536.0, "RAÚL SANTIAGO BOTERO JARAMILLO": 48.0, "ROY LEONARDO BARRERAS MONTEALEGRE": 1.0, "SERGIO FAJARDO VALDERRAMA": 244.0, "SONDRA MACOLLINS GARVIN PINTO": 4.0, "ÓSCAR MAURICIO LIZCANO ARANGO": 13.0, "TOTAL_VOTOS": 6194.0, "GANADOR": "IVÁN CEPEDA CASTRO", "VOTOS_GANADOR": 2994.0, "PCT_GANADOR": 48.3 }, "geometry": { "type": "Point", "coordinates": [ -74.12165519, 4.74331374 ] } },
{ "type": "Feature", "properties": { "LOCALIDAD": "Suba", "DIRECCION": "CLL 222 # 55 - 09", "SITIO": "Universidad UDCA", "NOMBRE": "Universidad UDCA", "ABELARDO DE LA ESPRIELLA": 457.0, "CARLOS EDUARDO CAICEDO OMAR": 0.0, "CLAUDIA LÓPEZ": 2.0, "GUSTAVO MATAMOROS CAMACHO": 0.0, "IVÁN CEPEDA CASTRO": 104.0, "LUIS GILBERTO MURILLO URRUTIA": 1.0, "MIGUEL URIBE LONDOÑO": 0.0, "PALOMA VALENCIA LASERNA": 101.0, "RAÚL SANTIAGO BOTERO JARAMILLO": 0.0, "ROY LEONARDO BARRERAS MONTEALEGRE": 0.0, "SERGIO FAJARDO VALDERRAMA": 48.0, "SONDRA MACOLLINS GARVIN PINTO": 0.0, "ÓSCAR MAURICIO LIZCANO ARANGO": 0.0, "TOTAL_VOTOS": 713.0, "GANADOR": "ABELARDO DE LA ESPRIELLA", "VOTOS_GANADOR": 457.0, "PCT_GANADOR": 64.1 }, "geometry": { "type": "Point", "coordinates": [ -74.04886565, 4.8002238 ] } },
{ "type": "Feature", "properties": { "LOCALIDAD": "Suba", "DIRECCION": "CLL 129 # 55 - 55", "SITIO": "Prado Sur", "NOMBRE": "Colegio Distrital Gustavo Morales Morales", "ABELARDO DE LA ESPRIELLA": 3474.0, "CARLOS EDUARDO CAICEDO OMAR": 1.0, "CLAUDIA LÓPEZ": 159.0, "GUSTAVO MATAMOROS CAMACHO": 1.0, "IVÁN CEPEDA CASTRO": 2263.0, "LUIS GILBERTO MURILLO URRUTIA": 0.0, "MIGUEL URIBE LONDOÑO": 4.0, "PALOMA VALENCIA LASERNA": 866.0, "RAÚL SANTIAGO BOTERO JARAMILLO": 24.0, "ROY LEONARDO BARRERAS MONTEALEGRE": 3.0, "SERGIO FAJARDO VALDERRAMA": 746.0, "SONDRA MACOLLINS GARVIN PINTO": 3.0, "ÓSCAR MAURICIO LIZCANO ARANGO": 11.0, "TOTAL_VOTOS": 7555.0, "GANADOR": "ABELARDO DE LA ESPRIELLA", "VOTOS_GANADOR": 3474.0, "PCT_GANADOR": 46.0 }, "geometry": { "type": "Point", "coordinates": [ -74.06435554, 4.71651067 ] } },
{ "type": "Feature", "properties": { "LOCALIDAD": "Suba", "DIRECCION": "AV CLL 145 # 103B - 90", "SITIO": "Supercade CAD Suba", "NOMBRE": "Vía Pública", "ABELARDO DE LA ESPRIELLA": 2630.0, "CARLOS EDUARDO CAICEDO OMAR": 2.0, "CLAUDIA LÓPEZ": 182.0, "GUSTAVO MATAMOROS CAMACHO": 1.0, "IVÁN CEPEDA CASTRO": 2935.0, "LUIS GILBERTO MURILLO URRUTIA": 7.0, "MIGUEL URIBE LONDOÑO": 9.0, "PALOMA VALENCIA LASERNA": 713.0, "RAÚL SANTIAGO BOTERO JARAMILLO": 32.0, "ROY LEONARDO BARRERAS MONTEALEGRE": 2.0, "SERGIO FAJARDO VALDERRAMA": 542.0, "SONDRA MACOLLINS GARVIN PINTO": 10.0, "ÓSCAR MAURICIO LIZCANO ARANGO": 10.0, "TOTAL_VOTOS": 7075.0, "GANADOR": "IVÁN CEPEDA CASTRO", "VOTOS_GANADOR": 2935.0, "PCT_GANADOR": 41.5 }, "geometry": { "type": "Point", "coordinates": [ -74.09570175, 4.74650214 ] } },
{ "type": "Feature", "properties": { "LOCALIDAD": "Suba", "DIRECCION": "CRA 103 B # 153 - 01", "SITIO": "Nicolás Buenaventura - IED", "NOMBRE": "Colegio Distrital Nicolás Buenaventura", "ABELARDO DE LA ESPRIELLA": 2535.0, "CARLOS EDUARDO CAICEDO OMAR": 0.0, "CLAUDIA LÓPEZ": 179.0, "GUSTAVO MATAMOROS CAMACHO": 1.0, "IVÁN CEPEDA CASTRO": 3070.0, "LUIS GILBERTO MURILLO URRUTIA": 5.0, "MIGUEL URIBE LONDOÑO": 10.0, "PALOMA VALENCIA LASERNA": 600.0, "RAÚL SANTIAGO BOTERO JARAMILLO": 32.0, "ROY LEONARDO BARRERAS MONTEALEGRE": 4.0, "SERGIO FAJARDO VALDERRAMA": 582.0, "SONDRA MACOLLINS GARVIN PINTO": 7.0, "ÓSCAR MAURICIO LIZCANO ARANGO": 14.0, "TOTAL_VOTOS": 7039.0, "GANADOR": "IVÁN CEPEDA CASTRO", "VOTOS_GANADOR": 3070.0, "PCT_GANADOR": 43.6 }, "geometry": { "type": "Point", "coordinates": [ -74.09060192, 4.75553748 ] } },
{ "type": "Feature", "properties": { "LOCALIDAD": "Barrios Unidos", "DIRECCION": "CRA 47 A con CLL 94 Cancha Parque / CRA 48 # 94 - 02", "SITIO": "La Castellana", "NOMBRE": "Cancha detrás de Olimpica", "ABELARDO DE LA ESPRIELLA": 2793.0, "CARLOS EDUARDO CAICEDO OMAR": 0.0, "CLAUDIA LÓPEZ": 56.0, "GUSTAVO MATAMOROS CAMACHO": 0.0, "IVÁN CEPEDA CASTRO": 804.0, "LUIS GILBERTO MURILLO URRUTIA": 1.0, "MIGUEL URIBE LONDOÑO": 4.0, "PALOMA VALENCIA LASERNA": 621.0, "RAÚL SANTIAGO BOTERO JARAMILLO": 10.0, "ROY LEONARDO BARRERAS MONTEALEGRE": 2.0, "SERGIO FAJARDO VALDERRAMA": 298.0, "SONDRA MACOLLINS GARVIN PINTO": 3.0, "ÓSCAR MAURICIO LIZCANO ARANGO": 4.0, "TOTAL_VOTOS": 4596.0, "GANADOR": "ABELARDO DE LA ESPRIELLA", "VOTOS_GANADOR": 2793.0, "PCT_GANADOR": 60.8 }, "geometry": { "type": "Point", "coordinates": [ -74.06048852, 4.68258983 ] } },
{ "type": "Feature", "properties": { "LOCALIDAD": "Barrios Unidos", "DIRECCION": "TRV 60 # 95 - 51", "SITIO": "Rionegro", "NOMBRE": "Colegio Distrital Faustino Sarmiento - Sede A", "ABELARDO DE LA ESPRIELLA": 2312.0, "CARLOS EDUARDO CAICEDO OMAR": 1.0, "CLAUDIA LÓPEZ": 153.0, "GUSTAVO MATAMOROS CAMACHO": 0.0, "IVÁN CEPEDA CASTRO": 1357.0, "LUIS GILBERTO MURILLO URRUTIA": 4.0, "MIGUEL URIBE LONDOÑO": 4.0, "PALOMA VALENCIA LASERNA": 524.0, "RAÚL SANTIAGO BOTERO JARAMILLO": 30.0, "ROY LEONARDO BARRERAS MONTEALEGRE": 0.0, "SERGIO FAJARDO VALDERRAMA": 323.0, "SONDRA MACOLLINS GARVIN PINTO": 6.0, "ÓSCAR MAURICIO LIZCANO ARANGO": 6.0, "TOTAL_VOTOS": 4720.0, "GANADOR": "ABELARDO DE LA ESPRIELLA", "VOTOS_GANADOR": 2312.0, "PCT_GANADOR": 49.0 }, "geometry": { "type": "Point", "coordinates": [ -74.06649725, 4.68497881 ] } },
{ "type": "Feature", "properties": { "LOCALIDAD": "Barrios Unidos", "DIRECCION": "CRA 50 # 90 - 50", "SITIO": "Patria", "NOMBRE": "Fundación Educativa Santa María", "ABELARDO DE LA ESPRIELLA": 750.0, "CARLOS EDUARDO CAICEDO OMAR": 0.0, "CLAUDIA LÓPEZ": 31.0, "GUSTAVO MATAMOROS CAMACHO": 0.0, "IVÁN CEPEDA CASTRO": 505.0, "LUIS GILBERTO MURILLO URRUTIA": 0.0, "MIGUEL URIBE LONDOÑO": 2.0, "PALOMA VALENCIA LASERNA": 173.0, "RAÚL SANTIAGO BOTERO JARAMILLO": 6.0, "ROY LEONARDO BARRERAS MONTEALEGRE": 0.0, "SERGIO FAJARDO VALDERRAMA": 120.0, "SONDRA MACOLLINS GARVIN PINTO": 1.0, "ÓSCAR MAURICIO LIZCANO ARANGO": 4.0, "TOTAL_VOTOS": 1592.0, "GANADOR": "ABELARDO DE LA ESPRIELLA", "VOTOS_GANADOR": 750.0, "PCT_GANADOR": 47.1 }, "geometry": { "type": "Point", "coordinates": [ -74.06517255, 4.67907565 ] } },
{ "type": "Feature", "properties": { "LOCALIDAD": "Barrios Unidos", "DIRECCION": "CRA 54 # 78 - 85", "SITIO": "Gaitán", "NOMBRE": "Colegio Distrital Rafaél Bernal Jiménez - Sede B", "ABELARDO DE LA ESPRIELLA": 1952.0, "CARLOS EDUARDO CAICEDO OMAR": 3.0, "CLAUDIA LÓPEZ": 108.0, "GUSTAVO MATAMOROS CAMACHO": 1.0, "IVÁN CEPEDA CASTRO": 1288.0, "LUIS GILBERTO MURILLO URRUTIA": 3.0, "MIGUEL URIBE LONDOÑO": 5.0, "PALOMA VALENCIA LASERNA": 324.0, "RAÚL SANTIAGO BOTERO JARAMILLO": 19.0, "ROY LEONARDO BARRERAS MONTEALEGRE": 0.0, "SERGIO FAJARDO VALDERRAMA": 212.0, "SONDRA MACOLLINS GARVIN PINTO": 2.0, "ÓSCAR MAURICIO LIZCANO ARANGO": 8.0, "TOTAL_VOTOS": 3925.0, "GANADOR": "ABELARDO DE LA ESPRIELLA", "VOTOS_GANADOR": 1952.0, "PCT_GANADOR": 49.7 }, "geometry": { "type": "Point", "coordinates": [ -74.07245198, 4.67422942 ] } },
{ "type": "Feature", "properties": { "LOCALIDAD": "Barrios Unidos", "DIRECCION": "CRA 62 # 83 - 02 / AV CLL 80 # 58 - 84 ", "SITIO": "Entre Ríos", "NOMBRE": "Parqueadero Conjunto Residencial Entre Ríos", "ABELARDO DE LA ESPRIELLA": 1683.0, "CARLOS EDUARDO CAICEDO OMAR": 0.0, "CLAUDIA LÓPEZ": 80.0, "GUSTAVO MATAMOROS CAMACHO": 0.0, "IVÁN CEPEDA CASTRO": 862.0, "LUIS GILBERTO MURILLO URRUTIA": 1.0, "MIGUEL URIBE LONDOÑO": 2.0, "PALOMA VALENCIA LASERNA": 485.0, "RAÚL SANTIAGO BOTERO JARAMILLO": 9.0, "ROY LEONARDO BARRERAS MONTEALEGRE": 1.0, "SERGIO FAJARDO VALDERRAMA": 314.0, "SONDRA MACOLLINS GARVIN PINTO": 2.0, "ÓSCAR MAURICIO LIZCANO ARANGO": 4.0, "TOTAL_VOTOS": 3443.0, "GANADOR": "ABELARDO DE LA ESPRIELLA", "VOTOS_GANADOR": 1683.0, "PCT_GANADOR": 48.9 }, "geometry": { "type": "Point", "coordinates": [ -74.07541462, 4.68030015 ] } },
{ "type": "Feature", "properties": { "LOCALIDAD": "Barrios Unidos", "DIRECCION": "AV CRA 68 # 75 A - 50", "SITIO": "Metrópolis", "NOMBRE": "Centro Comercial Metrópolis", "ABELARDO DE LA ESPRIELLA": 2632.0, "CARLOS EDUARDO CAICEDO OMAR": 0.0, "CLAUDIA LÓPEZ": 117.0, "GUSTAVO MATAMOROS CAMACHO": 2.0, "IVÁN CEPEDA CASTRO": 1389.0, "LUIS GILBERTO MURILLO URRUTIA": 4.0, "MIGUEL URIBE LONDOÑO": 5.0, "PALOMA VALENCIA LASERNA": 730.0, "RAÚL SANTIAGO BOTERO JARAMILLO": 11.0, "ROY LEONARDO BARRERAS MONTEALEGRE": 4.0, "SERGIO FAJARDO VALDERRAMA": 313.0, "SONDRA MACOLLINS GARVIN PINTO": 3.0, "ÓSCAR MAURICIO LIZCANO ARANGO": 6.0, "TOTAL_VOTOS": 5216.0, "GANADOR": "ABELARDO DE LA ESPRIELLA", "VOTOS_GANADOR": 2632.0, "PCT_GANADOR": 50.5 }, "geometry": { "type": "Point", "coordinates": [ -74.08229831, 4.68054473 ] } },
{ "type": "Feature", "properties": { "LOCALIDAD": "Barrios Unidos", "DIRECCION": "AV CLL 68 # 62 - 11", "SITIO": "José Joaquín Vargas", "NOMBRE": "Fundación Universitaria Monserrate - UNIMONSERRATE", "ABELARDO DE LA ESPRIELLA": 2605.0, "CARLOS EDUARDO CAICEDO OMAR": 0.0, "CLAUDIA LÓPEZ": 126.0, "GUSTAVO MATAMOROS CAMACHO": 0.0, "IVÁN CEPEDA CASTRO": 1799.0, "LUIS GILBERTO MURILLO URRUTIA": 5.0, "MIGUEL URIBE LONDOÑO": 3.0, "PALOMA VALENCIA LASERNA": 713.0, "RAÚL SANTIAGO BOTERO JARAMILLO": 11.0, "ROY LEONARDO BARRERAS MONTEALEGRE": 7.0, "SERGIO FAJARDO VALDERRAMA": 502.0, "SONDRA MACOLLINS GARVIN PINTO": 5.0, "ÓSCAR MAURICIO LIZCANO ARANGO": 8.0, "TOTAL_VOTOS": 5784.0, "GANADOR": "ABELARDO DE LA ESPRIELLA", "VOTOS_GANADOR": 2605.0, "PCT_GANADOR": 45.0 }, "geometry": { "type": "Point", "coordinates": [ -74.0831481, 4.6726826 ] } },
{ "type": "Feature", "properties": { "LOCALIDAD": "Barrios Unidos", "DIRECCION": "CRA 57 A # 74 A - 32", "SITIO": "San Fernando", "NOMBRE": "Colegio Distrital República de Panamá Sede A", "ABELARDO DE LA ESPRIELLA": 1932.0, "CARLOS EDUARDO CAICEDO OMAR": 3.0, "CLAUDIA LÓPEZ": 132.0, "GUSTAVO MATAMOROS CAMACHO": 2.0, "IVÁN CEPEDA CASTRO": 1900.0, "LUIS GILBERTO MURILLO URRUTIA": 1.0, "MIGUEL URIBE LONDOÑO": 3.0, "PALOMA VALENCIA LASERNA": 471.0, "RAÚL SANTIAGO BOTERO JARAMILLO": 24.0, "ROY LEONARDO BARRERAS MONTEALEGRE": 5.0, "SERGIO FAJARDO VALDERRAMA": 317.0, "SONDRA MACOLLINS GARVIN PINTO": 1.0, "ÓSCAR MAURICIO LIZCANO ARANGO": 3.0, "TOTAL_VOTOS": 4794.0, "GANADOR": "ABELARDO DE LA ESPRIELLA", "VOTOS_GANADOR": 1932.0, "PCT_GANADOR": 40.3 }, "geometry": { "type": "Point", "coordinates": [ -74.07670481, 4.67277772 ] } },
{ "type": "Feature", "properties": { "LOCALIDAD": "Barrios Unidos", "DIRECCION": "CLL 66 A # 56 B – 35 / CLL 66 A # 56 - 25", "SITIO": "Popular Modelo", "NOMBRE": "Colegio Distrital Jorge Eliecer Gaitán - Sede A", "ABELARDO DE LA ESPRIELLA": 2983.0, "CARLOS EDUARDO CAICEDO OMAR": 0.0, "CLAUDIA LÓPEZ": 153.0, "GUSTAVO MATAMOROS CAMACHO": 1.0, "IVÁN CEPEDA CASTRO": 1963.0, "LUIS GILBERTO MURILLO URRUTIA": 3.0, "MIGUEL URIBE LONDOÑO": 6.0, "PALOMA VALENCIA LASERNA": 814.0, "RAÚL SANTIAGO BOTERO JARAMILLO": 14.0, "ROY LEONARDO BARRERAS MONTEALEGRE": 4.0, "SERGIO FAJARDO VALDERRAMA": 461.0, "SONDRA MACOLLINS GARVIN PINTO": 6.0, "ÓSCAR MAURICIO LIZCANO ARANGO": 14.0, "TOTAL_VOTOS": 6422.0, "GANADOR": "ABELARDO DE LA ESPRIELLA", "VOTOS_GANADOR": 2983.0, "PCT_GANADOR": 46.4 }, "geometry": { "type": "Point", "coordinates": [ -74.08165929, 4.66545065 ] } },
{ "type": "Feature", "properties": { "LOCALIDAD": "Barrios Unidos", "DIRECCION": "CRA 29 C # 71 C - 11", "SITIO": "12 de Octubre", "NOMBRE": "Colegio Distrital  Francisco Primero Sede C", "ABELARDO DE LA ESPRIELLA": 1040.0, "CARLOS EDUARDO CAICEDO OMAR": 1.0, "CLAUDIA LÓPEZ": 49.0, "GUSTAVO MATAMOROS CAMACHO": 0.0, "IVÁN CEPEDA CASTRO": 869.0, "LUIS GILBERTO MURILLO URRUTIA": 2.0, "MIGUEL URIBE LONDOÑO": 1.0, "PALOMA VALENCIA LASERNA": 230.0, "RAÚL SANTIAGO BOTERO JARAMILLO": 5.0, "ROY LEONARDO BARRERAS MONTEALEGRE": 2.0, "SERGIO FAJARDO VALDERRAMA": 148.0, "SONDRA MACOLLINS GARVIN PINTO": 0.0, "ÓSCAR MAURICIO LIZCANO ARANGO": 2.0, "TOTAL_VOTOS": 2349.0, "GANADOR": "ABELARDO DE LA ESPRIELLA", "VOTOS_GANADOR": 1040.0, "PCT_GANADOR": 44.3 }, "geometry": { "type": "Point", "coordinates": [ -74.07335095, 4.66694194 ] } },
{ "type": "Feature", "properties": { "LOCALIDAD": "Barrios Unidos", "DIRECCION": "CRA 28 B # 78 - 40 / CRA 28 B # 78 - 30 ", "SITIO": "Santa Sofía", "NOMBRE": "Colegio Distrital Juan Francisco Berbeo - Sede A", "ABELARDO DE LA ESPRIELLA": 1338.0, "CARLOS EDUARDO CAICEDO OMAR": 2.0, "CLAUDIA LÓPEZ": 59.0, "GUSTAVO MATAMOROS CAMACHO": 1.0, "IVÁN CEPEDA CASTRO": 976.0, "LUIS GILBERTO MURILLO URRUTIA": 2.0, "MIGUEL URIBE LONDOÑO": 0.0, "PALOMA VALENCIA LASERNA": 248.0, "RAÚL SANTIAGO BOTERO JARAMILLO": 14.0, "ROY LEONARDO BARRERAS MONTEALEGRE": 2.0, "SERGIO FAJARDO VALDERRAMA": 193.0, "SONDRA MACOLLINS GARVIN PINTO": 4.0, "ÓSCAR MAURICIO LIZCANO ARANGO": 5.0, "TOTAL_VOTOS": 2844.0, "GANADOR": "ABELARDO DE LA ESPRIELLA", "VOTOS_GANADOR": 1338.0, "PCT_GANADOR": 47.0 }, "geometry": { "type": "Point", "coordinates": [ -74.06707618, 4.67067732 ] } },
{ "type": "Feature", "properties": { "LOCALIDAD": "Barrios Unidos", "DIRECCION": "AV CRA 20 (Autopista norte) # 81 - 55", "SITIO": "Polo Club", "NOMBRE": "Alianza Cristiana y Misionera Colombiana", "ABELARDO DE LA ESPRIELLA": 1391.0, "CARLOS EDUARDO CAICEDO OMAR": 0.0, "CLAUDIA LÓPEZ": 42.0, "GUSTAVO MATAMOROS CAMACHO": 0.0, "IVÁN CEPEDA CASTRO": 510.0, "LUIS GILBERTO MURILLO URRUTIA": 0.0, "MIGUEL URIBE LONDOÑO": 0.0, "PALOMA VALENCIA LASERNA": 425.0, "RAÚL SANTIAGO BOTERO JARAMILLO": 1.0, "ROY LEONARDO BARRERAS MONTEALEGRE": 2.0, "SERGIO FAJARDO VALDERRAMA": 156.0, "SONDRA MACOLLINS GARVIN PINTO": 2.0, "ÓSCAR MAURICIO LIZCANO ARANGO": 5.0, "TOTAL_VOTOS": 2534.0, "GANADOR": "ABELARDO DE LA ESPRIELLA", "VOTOS_GANADOR": 1391.0, "PCT_GANADOR": 54.9 }, "geometry": { "type": "Point", "coordinates": [ -74.06070017, 4.6691613 ] } },
{ "type": "Feature", "properties": { "LOCALIDAD": "Barrios Unidos", "DIRECCION": "CLL 77 # 22 - 66 / CLL 77 # 22 - 68", "SITIO": "San Felipe", "NOMBRE": "Colegio Distrital Juan Francisco Berbeo - Sede B", "ABELARDO DE LA ESPRIELLA": 856.0, "CARLOS EDUARDO CAICEDO OMAR": 0.0, "CLAUDIA LÓPEZ": 41.0, "GUSTAVO MATAMOROS CAMACHO": 0.0, "IVÁN CEPEDA CASTRO": 474.0, "LUIS GILBERTO MURILLO URRUTIA": 3.0, "MIGUEL URIBE LONDOÑO": 4.0, "PALOMA VALENCIA LASERNA": 184.0, "RAÚL SANTIAGO BOTERO JARAMILLO": 7.0, "ROY LEONARDO BARRERAS MONTEALEGRE": 0.0, "SERGIO FAJARDO VALDERRAMA": 86.0, "SONDRA MACOLLINS GARVIN PINTO": 2.0, "ÓSCAR MAURICIO LIZCANO ARANGO": 1.0, "TOTAL_VOTOS": 1658.0, "GANADOR": "ABELARDO DE LA ESPRIELLA", "VOTOS_GANADOR": 856.0, "PCT_GANADOR": 51.6 }, "geometry": { "type": "Point", "coordinates": [ -74.06340934, 4.66684597 ] } },
{ "type": "Feature", "properties": { "LOCALIDAD": "Barrios Unidos", "DIRECCION": "CRA 28 B # 65 - 80", "SITIO": "La Paz", "NOMBRE": "Colegio Distrital Francisco primero Sede Manuela Ayala", "ABELARDO DE LA ESPRIELLA": 856.0, "CARLOS EDUARDO CAICEDO OMAR": 1.0, "CLAUDIA LÓPEZ": 45.0, "GUSTAVO MATAMOROS CAMACHO": 0.0, "IVÁN CEPEDA CASTRO": 692.0, "LUIS GILBERTO MURILLO URRUTIA": 2.0, "MIGUEL URIBE LONDOÑO": 2.0, "PALOMA VALENCIA LASERNA": 148.0, "RAÚL SANTIAGO BOTERO JARAMILLO": 10.0, "ROY LEONARDO BARRERAS MONTEALEGRE": 0.0, "SERGIO FAJARDO VALDERRAMA": 72.0, "SONDRA MACOLLINS GARVIN PINTO": 2.0, "ÓSCAR MAURICIO LIZCANO ARANGO": 0.0, "TOTAL_VOTOS": 1830.0, "GANADOR": "ABELARDO DE LA ESPRIELLA", "VOTOS_GANADOR": 856.0, "PCT_GANADOR": 46.8 }, "geometry": { "type": "Point", "coordinates": [ -74.07520914, 4.66022017 ] } },
{ "type": "Feature", "properties": { "LOCALIDAD": "Barrios Unidos", "DIRECCION": "CLL 69 # 17 - 39", "SITIO": "Colombia", "NOMBRE": "Colegio Mercedario San Pedro", "ABELARDO DE LA ESPRIELLA": 980.0, "CARLOS EDUARDO CAICEDO OMAR": 1.0, "CLAUDIA LÓPEZ": 47.0, "GUSTAVO MATAMOROS CAMACHO": 0.0, "IVÁN CEPEDA CASTRO": 920.0, "LUIS GILBERTO MURILLO URRUTIA": 0.0, "MIGUEL URIBE LONDOÑO": 5.0, "PALOMA VALENCIA LASERNA": 213.0, "RAÚL SANTIAGO BOTERO JARAMILLO": 6.0, "ROY LEONARDO BARRERAS MONTEALEGRE": 0.0, "SERGIO FAJARDO VALDERRAMA": 123.0, "SONDRA MACOLLINS GARVIN PINTO": 3.0, "ÓSCAR MAURICIO LIZCANO ARANGO": 1.0, "TOTAL_VOTOS": 2299.0, "GANADOR": "ABELARDO DE LA ESPRIELLA", "VOTOS_GANADOR": 980.0, "PCT_GANADOR": 42.6 }, "geometry": { "type": "Point", "coordinates": [ -74.06551906, 4.65737587 ] } },
{ "type": "Feature", "properties": { "LOCALIDAD": "Barrios Unidos", "DIRECCION": "CLL 64 # 20 - 21", "SITIO": "La Muequeta", "NOMBRE": "Colegio Distrital Heladia Mejía - Sede B", "ABELARDO DE LA ESPRIELLA": 603.0, "CARLOS EDUARDO CAICEDO OMAR": 0.0, "CLAUDIA LÓPEZ": 22.0, "GUSTAVO MATAMOROS CAMACHO": 0.0, "IVÁN CEPEDA CASTRO": 374.0, "LUIS GILBERTO MURILLO URRUTIA": 0.0, "MIGUEL URIBE LONDOÑO": 0.0, "PALOMA VALENCIA LASERNA": 168.0, "RAÚL SANTIAGO BOTERO JARAMILLO": 7.0, "ROY LEONARDO BARRERAS MONTEALEGRE": 0.0, "SERGIO FAJARDO VALDERRAMA": 68.0, "SONDRA MACOLLINS GARVIN PINTO": 0.0, "ÓSCAR MAURICIO LIZCANO ARANGO": 1.0, "TOTAL_VOTOS": 1243.0, "GANADOR": "ABELARDO DE LA ESPRIELLA", "VOTOS_GANADOR": 603.0, "PCT_GANADOR": 48.5 }, "geometry": { "type": "Point", "coordinates": [ -74.06936125, 4.65447537 ] } },
{ "type": "Feature", "properties": { "LOCALIDAD": "Barrios Unidos", "DIRECCION": "CRA 24 # 63 C - 69", "SITIO": "Siete de Agosto", "NOMBRE": "Universidad del Rosario", "ABELARDO DE LA ESPRIELLA": 2049.0, "CARLOS EDUARDO CAICEDO OMAR": 0.0, "CLAUDIA LÓPEZ": 101.0, "GUSTAVO MATAMOROS CAMACHO": 2.0, "IVÁN CEPEDA CASTRO": 1738.0, "LUIS GILBERTO MURILLO URRUTIA": 1.0, "MIGUEL URIBE LONDOÑO": 5.0, "PALOMA VALENCIA LASERNA": 426.0, "RAÚL SANTIAGO BOTERO JARAMILLO": 25.0, "ROY LEONARDO BARRERAS MONTEALEGRE": 2.0, "SERGIO FAJARDO VALDERRAMA": 322.0, "SONDRA MACOLLINS GARVIN PINTO": 1.0, "ÓSCAR MAURICIO LIZCANO ARANGO": 4.0, "TOTAL_VOTOS": 4676.0, "GANADOR": "ABELARDO DE LA ESPRIELLA", "VOTOS_GANADOR": 2049.0, "PCT_GANADOR": 43.8 }, "geometry": { "type": "Point", "coordinates": [ -74.07208127, 4.65462356 ] } },
{ "type": "Feature", "properties": { "LOCALIDAD": "Barrios Unidos", "DIRECCION": "CRA 28 # 63 - 64", "SITIO": "Benjamín Herrera", "NOMBRE": "Colegio Distrital Francisco Primero Sede Alemania", "ABELARDO DE LA ESPRIELLA": 1099.0, "CARLOS EDUARDO CAICEDO OMAR": 1.0, "CLAUDIA LÓPEZ": 63.0, "GUSTAVO MATAMOROS CAMACHO": 0.0, "IVÁN CEPEDA CASTRO": 908.0, "LUIS GILBERTO MURILLO URRUTIA": 1.0, "MIGUEL URIBE LONDOÑO": 1.0, "PALOMA VALENCIA LASERNA": 228.0, "RAÚL SANTIAGO BOTERO JARAMILLO": 8.0, "ROY LEONARDO BARRERAS MONTEALEGRE": 1.0, "SERGIO FAJARDO VALDERRAMA": 158.0, "SONDRA MACOLLINS GARVIN PINTO": 2.0, "ÓSCAR MAURICIO LIZCANO ARANGO": 3.0, "TOTAL_VOTOS": 2473.0, "GANADOR": "ABELARDO DE LA ESPRIELLA", "VOTOS_GANADOR": 1099.0, "PCT_GANADOR": 44.4 }, "geometry": { "type": "Point", "coordinates": [ -74.0756793, 4.65227376 ] } },
{ "type": "Feature", "properties": { "LOCALIDAD": "Teusaquillo", "DIRECCION": "CRA 14 A # 57 - 28", "SITIO": "Divino Salvador", "NOMBRE": "Colegio Distrital Manuela Beltrán", "ABELARDO DE LA ESPRIELLA": 1260.0, "CARLOS EDUARDO CAICEDO OMAR": 1.0, "CLAUDIA LÓPEZ": 73.0, "GUSTAVO MATAMOROS CAMACHO": 0.0, "IVÁN CEPEDA CASTRO": 1463.0, "LUIS GILBERTO MURILLO URRUTIA": 2.0, "MIGUEL URIBE LONDOÑO": 2.0, "PALOMA VALENCIA LASERNA": 347.0, "RAÚL SANTIAGO BOTERO JARAMILLO": 15.0, "ROY LEONARDO BARRERAS MONTEALEGRE": 1.0, "SERGIO FAJARDO VALDERRAMA": 239.0, "SONDRA MACOLLINS GARVIN PINTO": 1.0, "ÓSCAR MAURICIO LIZCANO ARANGO": 6.0, "TOTAL_VOTOS": 3410.0, "GANADOR": "IVÁN CEPEDA CASTRO", "VOTOS_GANADOR": 1463.0, "PCT_GANADOR": 42.9 }, "geometry": { "type": "Point", "coordinates": [ -74.06639657, 4.64442705 ] } },
{ "type": "Feature", "properties": { "LOCALIDAD": "Teusaquillo", "DIRECCION": "CL 61 16 15", "SITIO": "San Luis", "NOMBRE": "Colegio Antonio Nariño", "ABELARDO DE LA ESPRIELLA": 1200.0, "CARLOS EDUARDO CAICEDO OMAR": 0.0, "CLAUDIA LÓPEZ": 64.0, "GUSTAVO MATAMOROS CAMACHO": 0.0, "IVÁN CEPEDA CASTRO": 1349.0, "LUIS GILBERTO MURILLO URRUTIA": 2.0, "MIGUEL URIBE LONDOÑO": 5.0, "PALOMA VALENCIA LASERNA": 396.0, "RAÚL SANTIAGO BOTERO JARAMILLO": 10.0, "ROY LEONARDO BARRERAS MONTEALEGRE": 1.0, "SERGIO FAJARDO VALDERRAMA": 265.0, "SONDRA MACOLLINS GARVIN PINTO": 2.0, "ÓSCAR MAURICIO LIZCANO ARANGO": 1.0, "TOTAL_VOTOS": 3295.0, "GANADOR": "IVÁN CEPEDA CASTRO", "VOTOS_GANADOR": 1349.0, "PCT_GANADOR": 40.9 }, "geometry": { "type": "Point", "coordinates": [ -74.06726195, 4.64830091 ] } },
{ "type": "Feature", "properties": { "LOCALIDAD": "Teusaquillo", "DIRECCION": "CLL 57 B # 37 - 34", "SITIO": "Nicolás de Federmán", "NOMBRE": "Colegio de la Contraloría", "ABELARDO DE LA ESPRIELLA": 2619.0, "CARLOS EDUARDO CAICEDO OMAR": 0.0, "CLAUDIA LÓPEZ": 110.0, "GUSTAVO MATAMOROS CAMACHO": 0.0, "IVÁN CEPEDA CASTRO": 1331.0, "LUIS GILBERTO MURILLO URRUTIA": 2.0, "MIGUEL URIBE LONDOÑO": 5.0, "PALOMA VALENCIA LASERNA": 795.0, "RAÚL SANTIAGO BOTERO JARAMILLO": 5.0, "ROY LEONARDO BARRERAS MONTEALEGRE": 1.0, "SERGIO FAJARDO VALDERRAMA": 504.0, "SONDRA MACOLLINS GARVIN PINTO": 4.0, "ÓSCAR MAURICIO LIZCANO ARANGO": 4.0, "TOTAL_VOTOS": 5380.0, "GANADOR": "ABELARDO DE LA ESPRIELLA", "VOTOS_GANADOR": 2619.0, "PCT_GANADOR": 48.7 }, "geometry": { "type": "Point", "coordinates": [ -74.08198888, 4.64823876 ] } },
{ "type": "Feature", "properties": { "LOCALIDAD": "Teusaquillo", "DIRECCION": "CRA 53 con CLL 57 B (Plazoleta) / CLL 57A # 53 - 21", "SITIO": "Pablo VI", "NOMBRE": "Plazoleta Pablo VI", "ABELARDO DE LA ESPRIELLA": 2419.0, "CARLOS EDUARDO CAICEDO OMAR": 0.0, "CLAUDIA LÓPEZ": 74.0, "GUSTAVO MATAMOROS CAMACHO": 1.0, "IVÁN CEPEDA CASTRO": 1344.0, "LUIS GILBERTO MURILLO URRUTIA": 0.0, "MIGUEL URIBE LONDOÑO": 3.0, "PALOMA VALENCIA LASERNA": 702.0, "RAÚL SANTIAGO BOTERO JARAMILLO": 5.0, "ROY LEONARDO BARRERAS MONTEALEGRE": 2.0, "SERGIO FAJARDO VALDERRAMA": 310.0, "SONDRA MACOLLINS GARVIN PINTO": 3.0, "ÓSCAR MAURICIO LIZCANO ARANGO": 4.0, "TOTAL_VOTOS": 4867.0, "GANADOR": "ABELARDO DE LA ESPRIELLA", "VOTOS_GANADOR": 2419.0, "PCT_GANADOR": 49.7 }, "geometry": { "type": "Point", "coordinates": [ -74.08685655, 4.64979288 ] } },
{ "type": "Feature", "properties": { "LOCALIDAD": "Teusaquillo", "DIRECCION": "CLL 46 # 67 A - 35", "SITIO": "El Salitre", "NOMBRE": "Salón Comunal Salitre Greco", "ABELARDO DE LA ESPRIELLA": 895.0, "CARLOS EDUARDO CAICEDO OMAR": 0.0, "CLAUDIA LÓPEZ": 44.0, "GUSTAVO MATAMOROS CAMACHO": 2.0, "IVÁN CEPEDA CASTRO": 449.0, "LUIS GILBERTO MURILLO URRUTIA": 1.0, "MIGUEL URIBE LONDOÑO": 0.0, "PALOMA VALENCIA LASERNA": 246.0, "RAÚL SANTIAGO BOTERO JARAMILLO": 2.0, "ROY LEONARDO BARRERAS MONTEALEGRE": 2.0, "SERGIO FAJARDO VALDERRAMA": 191.0, "SONDRA MACOLLINS GARVIN PINTO": 0.0, "ÓSCAR MAURICIO LIZCANO ARANGO": 2.0, "TOTAL_VOTOS": 1834.0, "GANADOR": "ABELARDO DE LA ESPRIELLA", "VOTOS_GANADOR": 895.0, "PCT_GANADOR": 48.8 }, "geometry": { "type": "Point", "coordinates": [ -74.10011002, 4.65593062 ] } },
{ "type": "Feature", "properties": { "LOCALIDAD": "Teusaquillo", "DIRECCION": "CLL 44 C # 55 - 50 /CLL 45 # 54 - 51", "SITIO": "La Esmeralda", "NOMBRE": "Colegio Calazanz Femenino", "ABELARDO DE LA ESPRIELLA": 2491.0, "CARLOS EDUARDO CAICEDO OMAR": 0.0, "CLAUDIA LÓPEZ": 118.0, "GUSTAVO MATAMOROS CAMACHO": 0.0, "IVÁN CEPEDA CASTRO": 1562.0, "LUIS GILBERTO MURILLO URRUTIA": 2.0, "MIGUEL URIBE LONDOÑO": 1.0, "PALOMA VALENCIA LASERNA": 728.0, "RAÚL SANTIAGO BOTERO JARAMILLO": 2.0, "ROY LEONARDO BARRERAS MONTEALEGRE": 1.0, "SERGIO FAJARDO VALDERRAMA": 532.0, "SONDRA MACOLLINS GARVIN PINTO": 0.0, "ÓSCAR MAURICIO LIZCANO ARANGO": 7.0, "TOTAL_VOTOS": 5444.0, "GANADOR": "ABELARDO DE LA ESPRIELLA", "VOTOS_GANADOR": 2491.0, "PCT_GANADOR": 45.8 }, "geometry": { "type": "Point", "coordinates": [ -74.09103471, 4.647254 ] } },
{ "type": "Feature", "properties": { "LOCALIDAD": "Teusaquillo", "DIRECCION": "CRA 16 # 51 - 20 / CRA 16 # 51 - 26 (Parqueadero)", "SITIO": "Cafam CLL 51", "NOMBRE": "Parqueadero Centro Médico Cafam", "ABELARDO DE LA ESPRIELLA": 1313.0, "CARLOS EDUARDO CAICEDO OMAR": 1.0, "CLAUDIA LÓPEZ": 84.0, "GUSTAVO MATAMOROS CAMACHO": 0.0, "IVÁN CEPEDA CASTRO": 1119.0, "LUIS GILBERTO MURILLO URRUTIA": 3.0, "MIGUEL URIBE LONDOÑO": 2.0, "PALOMA VALENCIA LASERNA": 336.0, "RAÚL SANTIAGO BOTERO JARAMILLO": 9.0, "ROY LEONARDO BARRERAS MONTEALEGRE": 0.0, "SERGIO FAJARDO VALDERRAMA": 206.0, "SONDRA MACOLLINS GARVIN PINTO": 3.0, "ÓSCAR MAURICIO LIZCANO ARANGO": 4.0, "TOTAL_VOTOS": 3080.0, "GANADOR": "ABELARDO DE LA ESPRIELLA", "VOTOS_GANADOR": 1313.0, "PCT_GANADOR": 42.6 }, "geometry": { "type": "Point", "coordinates": [ -74.06838479, 4.63902279 ] } },
{ "type": "Feature", "properties": { "LOCALIDAD": "Teusaquillo", "DIRECCION": "CRA 23 # 49 - 37", "SITIO": "Palermo", "NOMBRE": "Colegio Distrital Palermo", "ABELARDO DE LA ESPRIELLA": 2091.0, "CARLOS EDUARDO CAICEDO OMAR": 3.0, "CLAUDIA LÓPEZ": 79.0, "GUSTAVO MATAMOROS CAMACHO": 0.0, "IVÁN CEPEDA CASTRO": 1304.0, "LUIS GILBERTO MURILLO URRUTIA": 2.0, "MIGUEL URIBE LONDOÑO": 3.0, "PALOMA VALENCIA LASERNA": 543.0, "RAÚL SANTIAGO BOTERO JARAMILLO": 12.0, "ROY LEONARDO BARRERAS MONTEALEGRE": 5.0, "SERGIO FAJARDO VALDERRAMA": 256.0, "SONDRA MACOLLINS GARVIN PINTO": 1.0, "ÓSCAR MAURICIO LIZCANO ARANGO": 4.0, "TOTAL_VOTOS": 4303.0, "GANADOR": "ABELARDO DE LA ESPRIELLA", "VOTOS_GANADOR": 2091.0, "PCT_GANADOR": 48.6 }, "geometry": { "type": "Point", "coordinates": [ -74.07408781, 4.6380432 ] } },
{ "type": "Feature", "properties": { "LOCALIDAD": "Teusaquillo", "DIRECCION": "CRA 22 # 45 A - 51", "SITIO": "Colegio Americano", "NOMBRE": "Colegio Americano", "ABELARDO DE LA ESPRIELLA": 1785.0, "CARLOS EDUARDO CAICEDO OMAR": 0.0, "CLAUDIA LÓPEZ": 91.0, "GUSTAVO MATAMOROS CAMACHO": 0.0, "IVÁN CEPEDA CASTRO": 1567.0, "LUIS GILBERTO MURILLO URRUTIA": 0.0, "MIGUEL URIBE LONDOÑO": 5.0, "PALOMA VALENCIA LASERNA": 598.0, "RAÚL SANTIAGO BOTERO JARAMILLO": 5.0, "ROY LEONARDO BARRERAS MONTEALEGRE": 2.0, "SERGIO FAJARDO VALDERRAMA": 262.0, "SONDRA MACOLLINS GARVIN PINTO": 3.0, "ÓSCAR MAURICIO LIZCANO ARANGO": 5.0, "TOTAL_VOTOS": 4323.0, "GANADOR": "ABELARDO DE LA ESPRIELLA", "VOTOS_GANADOR": 1785.0, "PCT_GANADOR": 41.3 }, "geometry": { "type": "Point", "coordinates": [ -74.07409026, 4.63431056 ] } },
{ "type": "Feature", "properties": { "LOCALIDAD": "Teusaquillo", "DIRECCION": "CRA 27 # 45 A - 63", "SITIO": "Belalcazar", "NOMBRE": "Gimnasio Boyacá", "ABELARDO DE LA ESPRIELLA": 831.0, "CARLOS EDUARDO CAICEDO OMAR": 0.0, "CLAUDIA LÓPEZ": 59.0, "GUSTAVO MATAMOROS CAMACHO": 0.0, "IVÁN CEPEDA CASTRO": 990.0, "LUIS GILBERTO MURILLO URRUTIA": 0.0, "MIGUEL URIBE LONDOÑO": 1.0, "PALOMA VALENCIA LASERNA": 270.0, "RAÚL SANTIAGO BOTERO JARAMILLO": 2.0, "ROY LEONARDO BARRERAS MONTEALEGRE": 0.0, "SERGIO FAJARDO VALDERRAMA": 248.0, "SONDRA MACOLLINS GARVIN PINTO": 0.0, "ÓSCAR MAURICIO LIZCANO ARANGO": 0.0, "TOTAL_VOTOS": 2401.0, "GANADOR": "IVÁN CEPEDA CASTRO", "VOTOS_GANADOR": 990.0, "PCT_GANADOR": 41.2 }, "geometry": { "type": "Point", "coordinates": [ -74.07762639, 4.63541269 ] } },
{ "type": "Feature", "properties": { "LOCALIDAD": "Teusaquillo", "DIRECCION": "AV Dorado CLL 26 # 44 A - 40", "SITIO": "Quinta Paredes A", "NOMBRE": "Hemeroteca Nacional", "ABELARDO DE LA ESPRIELLA": 719.0, "CARLOS EDUARDO CAICEDO OMAR": 0.0, "CLAUDIA LÓPEZ": 50.0, "GUSTAVO MATAMOROS CAMACHO": 0.0, "IVÁN CEPEDA CASTRO": 748.0, "LUIS GILBERTO MURILLO URRUTIA": 0.0, "MIGUEL URIBE LONDOÑO": 1.0, "PALOMA VALENCIA LASERNA": 246.0, "RAÚL SANTIAGO BOTERO JARAMILLO": 7.0, "ROY LEONARDO BARRERAS MONTEALEGRE": 0.0, "SERGIO FAJARDO VALDERRAMA": 185.0, "SONDRA MACOLLINS GARVIN PINTO": 1.0, "ÓSCAR MAURICIO LIZCANO ARANGO": 5.0, "TOTAL_VOTOS": 1962.0, "GANADOR": "IVÁN CEPEDA CASTRO", "VOTOS_GANADOR": 748.0, "PCT_GANADOR": 38.1 }, "geometry": { "type": "Point", "coordinates": [ -74.09153301, 4.6361709 ] } },
{ "type": "Feature", "properties": { "LOCALIDAD": "Teusaquillo", "DIRECCION": "AV CLL 24 # 48 - 53", "SITIO": "Quinta Paredes B", "NOMBRE": "Gimnasio Mackinley", "ABELARDO DE LA ESPRIELLA": 2643.0, "CARLOS EDUARDO CAICEDO OMAR": 1.0, "CLAUDIA LÓPEZ": 127.0, "GUSTAVO MATAMOROS CAMACHO": 2.0, "IVÁN CEPEDA CASTRO": 1692.0, "LUIS GILBERTO MURILLO URRUTIA": 3.0, "MIGUEL URIBE LONDOÑO": 2.0, "PALOMA VALENCIA LASERNA": 886.0, "RAÚL SANTIAGO BOTERO JARAMILLO": 121.0, "ROY LEONARDO BARRERAS MONTEALEGRE": 4.0, "SERGIO FAJARDO VALDERRAMA": 565.0, "SONDRA MACOLLINS GARVIN PINTO": 5.0, "ÓSCAR MAURICIO LIZCANO ARANGO": 3.0, "TOTAL_VOTOS": 6054.0, "GANADOR": "ABELARDO DE LA ESPRIELLA", "VOTOS_GANADOR": 2643.0, "PCT_GANADOR": 43.7 }, "geometry": { "type": "Point", "coordinates": [ -74.09760864, 4.63701809 ] } },
{ "type": "Feature", "properties": { "LOCALIDAD": "Teusaquillo", "DIRECCION": "AV CLL 24 # 37 - 27", "SITIO": "Centro Nariño", "NOMBRE": "Acueducto", "ABELARDO DE LA ESPRIELLA": 1019.0, "CARLOS EDUARDO CAICEDO OMAR": 0.0, "CLAUDIA LÓPEZ": 61.0, "GUSTAVO MATAMOROS CAMACHO": 0.0, "IVÁN CEPEDA CASTRO": 1100.0, "LUIS GILBERTO MURILLO URRUTIA": 0.0, "MIGUEL URIBE LONDOÑO": 0.0, "PALOMA VALENCIA LASERNA": 288.0, "RAÚL SANTIAGO BOTERO JARAMILLO": 6.0, "ROY LEONARDO BARRERAS MONTEALEGRE": 0.0, "SERGIO FAJARDO VALDERRAMA": 180.0, "SONDRA MACOLLINS GARVIN PINTO": 2.0, "ÓSCAR MAURICIO LIZCANO ARANGO": 2.0, "TOTAL_VOTOS": 2658.0, "GANADOR": "IVÁN CEPEDA CASTRO", "VOTOS_GANADOR": 1100.0, "PCT_GANADOR": 41.4 }, "geometry": { "type": "Point", "coordinates": [ -74.09149145, 4.62847369 ] } },
{ "type": "Feature", "properties": { "LOCALIDAD": "Teusaquillo", "DIRECCION": "CRA 32 A # 27 - 18", "SITIO": "Residencias B.C.H.", "NOMBRE": "Instituto Distrital Manuela Beltrán", "ABELARDO DE LA ESPRIELLA": 755.0, "CARLOS EDUARDO CAICEDO OMAR": 1.0, "CLAUDIA LÓPEZ": 35.0, "GUSTAVO MATAMOROS CAMACHO": 0.0, "IVÁN CEPEDA CASTRO": 748.0, "LUIS GILBERTO MURILLO URRUTIA": 2.0, "MIGUEL URIBE LONDOÑO": 1.0, "PALOMA VALENCIA LASERNA": 218.0, "RAÚL SANTIAGO BOTERO JARAMILLO": 2.0, "ROY LEONARDO BARRERAS MONTEALEGRE": 1.0, "SERGIO FAJARDO VALDERRAMA": 116.0, "SONDRA MACOLLINS GARVIN PINTO": 1.0, "ÓSCAR MAURICIO LIZCANO ARANGO": 2.0, "TOTAL_VOTOS": 1882.0, "GANADOR": "ABELARDO DE LA ESPRIELLA", "VOTOS_GANADOR": 755.0, "PCT_GANADOR": 40.1 }, "geometry": { "type": "Point", "coordinates": [ -74.08162454, 4.62967291 ] } },
{ "type": "Feature", "properties": { "LOCALIDAD": "Teusaquillo", "DIRECCION": "DIAG 46 A # 15 - 21 /CRA 15 # 46 - 69", "SITIO": "Santa Teresita", "NOMBRE": "Liceo Universidad Católica", "ABELARDO DE LA ESPRIELLA": 448.0, "CARLOS EDUARDO CAICEDO OMAR": 0.0, "CLAUDIA LÓPEZ": 18.0, "GUSTAVO MATAMOROS CAMACHO": 1.0, "IVÁN CEPEDA CASTRO": 277.0, "LUIS GILBERTO MURILLO URRUTIA": 0.0, "MIGUEL URIBE LONDOÑO": 0.0, "PALOMA VALENCIA LASERNA": 114.0, "RAÚL SANTIAGO BOTERO JARAMILLO": 2.0, "ROY LEONARDO BARRERAS MONTEALEGRE": 1.0, "SERGIO FAJARDO VALDERRAMA": 57.0, "SONDRA MACOLLINS GARVIN PINTO": 3.0, "ÓSCAR MAURICIO LIZCANO ARANGO": 0.0, "TOTAL_VOTOS": 921.0, "GANADOR": "ABELARDO DE LA ESPRIELLA", "VOTOS_GANADOR": 448.0, "PCT_GANADOR": 48.6 }, "geometry": { "type": "Point", "coordinates": [ -74.06879446, 4.63429593 ] } },
{ "type": "Feature", "properties": { "LOCALIDAD": "Teusaquillo", "DIRECCION": "CRA 17 # 39 B - 51", "SITIO": "La Magdalena", "NOMBRE": "Colegio Champagnat", "ABELARDO DE LA ESPRIELLA": 784.0, "CARLOS EDUARDO CAICEDO OMAR": 0.0, "CLAUDIA LÓPEZ": 51.0, "GUSTAVO MATAMOROS CAMACHO": 1.0, "IVÁN CEPEDA CASTRO": 1093.0, "LUIS GILBERTO MURILLO URRUTIA": 1.0, "MIGUEL URIBE LONDOÑO": 0.0, "PALOMA VALENCIA LASERNA": 266.0, "RAÚL SANTIAGO BOTERO JARAMILLO": 6.0, "ROY LEONARDO BARRERAS MONTEALEGRE": 2.0, "SERGIO FAJARDO VALDERRAMA": 157.0, "SONDRA MACOLLINS GARVIN PINTO": 2.0, "ÓSCAR MAURICIO LIZCANO ARANGO": 3.0, "TOTAL_VOTOS": 2366.0, "GANADOR": "IVÁN CEPEDA CASTRO", "VOTOS_GANADOR": 1093.0, "PCT_GANADOR": 46.2 }, "geometry": { "type": "Point", "coordinates": [ -74.07105251, 4.62935096 ] } },
{ "type": "Feature", "properties": { "LOCALIDAD": "Teusaquillo", "DIRECCION": "CLL 32 A # 17 - 14", "SITIO": "Teusaquillo", "NOMBRE": "Fundación Universitaria Compensar (Sede K)", "ABELARDO DE LA ESPRIELLA": 1149.0, "CARLOS EDUARDO CAICEDO OMAR": 0.0, "CLAUDIA LÓPEZ": 73.0, "GUSTAVO MATAMOROS CAMACHO": 1.0, "IVÁN CEPEDA CASTRO": 1556.0, "LUIS GILBERTO MURILLO URRUTIA": 1.0, "MIGUEL URIBE LONDOÑO": 3.0, "PALOMA VALENCIA LASERNA": 307.0, "RAÚL SANTIAGO BOTERO JARAMILLO": 5.0, "ROY LEONARDO BARRERAS MONTEALEGRE": 4.0, "SERGIO FAJARDO VALDERRAMA": 286.0, "SONDRA MACOLLINS GARVIN PINTO": 1.0, "ÓSCAR MAURICIO LIZCANO ARANGO": 0.0, "TOTAL_VOTOS": 3386.0, "GANADOR": "IVÁN CEPEDA CASTRO", "VOTOS_GANADOR": 1556.0, "PCT_GANADOR": 46.0 }, "geometry": { "type": "Point", "coordinates": [ -74.07273436, 4.62128033 ] } },
{ "type": "Feature", "properties": { "LOCALIDAD": "Teusaquillo", "DIRECCION": "CRA 57 # 56 – 36", "SITIO": "Pablo VI - II Etapa", "NOMBRE": "Casa de la Cultura", "ABELARDO DE LA ESPRIELLA": 854.0, "CARLOS EDUARDO CAICEDO OMAR": 0.0, "CLAUDIA LÓPEZ": 34.0, "GUSTAVO MATAMOROS CAMACHO": 0.0, "IVÁN CEPEDA CASTRO": 455.0, "LUIS GILBERTO MURILLO URRUTIA": 0.0, "MIGUEL URIBE LONDOÑO": 1.0, "PALOMA VALENCIA LASERNA": 242.0, "RAÚL SANTIAGO BOTERO JARAMILLO": 0.0, "ROY LEONARDO BARRERAS MONTEALEGRE": 0.0, "SERGIO FAJARDO VALDERRAMA": 129.0, "SONDRA MACOLLINS GARVIN PINTO": 0.0, "ÓSCAR MAURICIO LIZCANO ARANGO": 1.0, "TOTAL_VOTOS": 1716.0, "GANADOR": "ABELARDO DE LA ESPRIELLA", "VOTOS_GANADOR": 854.0, "PCT_GANADOR": 49.8 }, "geometry": { "type": "Point", "coordinates": [ -74.08881136, 4.6507716 ] } },
{ "type": "Feature", "properties": { "LOCALIDAD": "Teusaquillo", "DIRECCION": "CLL 44 # 53 - 37", "SITIO": "Rafael Nuñez", "NOMBRE": "Escuela Superior de Administración Pública - ESAP", "ABELARDO DE LA ESPRIELLA": 2097.0, "CARLOS EDUARDO CAICEDO OMAR": 0.0, "CLAUDIA LÓPEZ": 122.0, "GUSTAVO MATAMOROS CAMACHO": 0.0, "IVÁN CEPEDA CASTRO": 1359.0, "LUIS GILBERTO MURILLO URRUTIA": 0.0, "MIGUEL URIBE LONDOÑO": 3.0, "PALOMA VALENCIA LASERNA": 684.0, "RAÚL SANTIAGO BOTERO JARAMILLO": 7.0, "ROY LEONARDO BARRERAS MONTEALEGRE": 7.0, "SERGIO FAJARDO VALDERRAMA": 534.0, "SONDRA MACOLLINS GARVIN PINTO": 3.0, "ÓSCAR MAURICIO LIZCANO ARANGO": 2.0, "TOTAL_VOTOS": 4818.0, "GANADOR": "ABELARDO DE LA ESPRIELLA", "VOTOS_GANADOR": 2097.0, "PCT_GANADOR": 43.5 }, "geometry": { "type": "Point", "coordinates": [ -74.09262937, 4.64462394 ] } },
{ "type": "Feature", "properties": { "LOCALIDAD": "Teusaquillo", "DIRECCION": "AV CLL 26 # 62 - 47 /AV CLL 26 # 60 - 61", "SITIO": "Ciudad Salitre", "NOMBRE": "Plazoleta Centro Comercial Gran Estación", "ABELARDO DE LA ESPRIELLA": 2760.0, "CARLOS EDUARDO CAICEDO OMAR": 0.0, "CLAUDIA LÓPEZ": 113.0, "GUSTAVO MATAMOROS CAMACHO": 1.0, "IVÁN CEPEDA CASTRO": 1065.0, "LUIS GILBERTO MURILLO URRUTIA": 0.0, "MIGUEL URIBE LONDOÑO": 3.0, "PALOMA VALENCIA LASERNA": 907.0, "RAÚL SANTIAGO BOTERO JARAMILLO": 3.0, "ROY LEONARDO BARRERAS MONTEALEGRE": 1.0, "SERGIO FAJARDO VALDERRAMA": 412.0, "SONDRA MACOLLINS GARVIN PINTO": 1.0, "ÓSCAR MAURICIO LIZCANO ARANGO": 5.0, "TOTAL_VOTOS": 5271.0, "GANADOR": "ABELARDO DE LA ESPRIELLA", "VOTOS_GANADOR": 2760.0, "PCT_GANADOR": 52.4 }, "geometry": { "type": "Point", "coordinates": [ -74.10117281, 4.64855878 ] } },
{ "type": "Feature", "properties": { "LOCALIDAD": "Mártires", "DIRECCION": "CLL 22 A # 18 B - 42", "SITIO": "Santa Fé", "NOMBRE": "Colegio Distrital República Bolivariana de Venezuela - Sede A", "ABELARDO DE LA ESPRIELLA": 1170.0, "CARLOS EDUARDO CAICEDO OMAR": 0.0, "CLAUDIA LÓPEZ": 71.0, "GUSTAVO MATAMOROS CAMACHO": 1.0, "IVÁN CEPEDA CASTRO": 1292.0, "LUIS GILBERTO MURILLO URRUTIA": 3.0, "MIGUEL URIBE LONDOÑO": 1.0, "PALOMA VALENCIA LASERNA": 223.0, "RAÚL SANTIAGO BOTERO JARAMILLO": 26.0, "ROY LEONARDO BARRERAS MONTEALEGRE": 3.0, "SERGIO FAJARDO VALDERRAMA": 92.0, "SONDRA MACOLLINS GARVIN PINTO": 0.0, "ÓSCAR MAURICIO LIZCANO ARANGO": 5.0, "TOTAL_VOTOS": 2887.0, "GANADOR": "IVÁN CEPEDA CASTRO", "VOTOS_GANADOR": 1292.0, "PCT_GANADOR": 44.8 }, "geometry": { "type": "Point", "coordinates": [ -74.07940438, 4.6151628 ] } },
{ "type": "Feature", "properties": { "LOCALIDAD": "Mártires", "DIRECCION": "CLL 22 A # 25 - 52", "SITIO": "IED República Bolivariana Sede B (Samper Mendoza)", "NOMBRE": "Colegio Distrital República Bolivariana de Venezuela - Sede B", "ABELARDO DE LA ESPRIELLA": 949.0, "CARLOS EDUARDO CAICEDO OMAR": 1.0, "CLAUDIA LÓPEZ": 51.0, "GUSTAVO MATAMOROS CAMACHO": 0.0, "IVÁN CEPEDA CASTRO": 942.0, "LUIS GILBERTO MURILLO URRUTIA": 3.0, "MIGUEL URIBE LONDOÑO": 6.0, "PALOMA VALENCIA LASERNA": 184.0, "RAÚL SANTIAGO BOTERO JARAMILLO": 19.0, "ROY LEONARDO BARRERAS MONTEALEGRE": 5.0, "SERGIO FAJARDO VALDERRAMA": 108.0, "SONDRA MACOLLINS GARVIN PINTO": 0.0, "ÓSCAR MAURICIO LIZCANO ARANGO": 2.0, "TOTAL_VOTOS": 2270.0, "GANADOR": "ABELARDO DE LA ESPRIELLA", "VOTOS_GANADOR": 949.0, "PCT_GANADOR": 41.8 }, "geometry": { "type": "Point", "coordinates": [ -74.08305314, 4.61837266 ] } },
{ "type": "Feature", "properties": { "LOCALIDAD": "Mártires", "DIRECCION": "AV CLL 22 C # 29 A - 47", "SITIO": "Colseguros", "NOMBRE": "Salón Comunal", "ABELARDO DE LA ESPRIELLA": 760.0, "CARLOS EDUARDO CAICEDO OMAR": 0.0, "CLAUDIA LÓPEZ": 48.0, "GUSTAVO MATAMOROS CAMACHO": 0.0, "IVÁN CEPEDA CASTRO": 633.0, "LUIS GILBERTO MURILLO URRUTIA": 1.0, "MIGUEL URIBE LONDOÑO": 0.0, "PALOMA VALENCIA LASERNA": 264.0, "RAÚL SANTIAGO BOTERO JARAMILLO": 6.0, "ROY LEONARDO BARRERAS MONTEALEGRE": 2.0, "SERGIO FAJARDO VALDERRAMA": 153.0, "SONDRA MACOLLINS GARVIN PINTO": 0.0, "ÓSCAR MAURICIO LIZCANO ARANGO": 2.0, "TOTAL_VOTOS": 1869.0, "GANADOR": "ABELARDO DE LA ESPRIELLA", "VOTOS_GANADOR": 760.0, "PCT_GANADOR": 40.7 }, "geometry": { "type": "Point", "coordinates": [ -74.08428457, 4.62169865 ] } },
{ "type": "Feature", "properties": { "LOCALIDAD": "Mártires", "DIRECCION": "CLL 13 # 18 - 24", "SITIO": "Estación de la Sabana", "NOMBRE": "Salones de la Estación", "ABELARDO DE LA ESPRIELLA": 1432.0, "CARLOS EDUARDO CAICEDO OMAR": 3.0, "CLAUDIA LÓPEZ": 84.0, "GUSTAVO MATAMOROS CAMACHO": 0.0, "IVÁN CEPEDA CASTRO": 1255.0, "LUIS GILBERTO MURILLO URRUTIA": 3.0, "MIGUEL URIBE LONDOÑO": 5.0, "PALOMA VALENCIA LASERNA": 259.0, "RAÚL SANTIAGO BOTERO JARAMILLO": 15.0, "ROY LEONARDO BARRERAS MONTEALEGRE": 1.0, "SERGIO FAJARDO VALDERRAMA": 134.0, "SONDRA MACOLLINS GARVIN PINTO": 2.0, "ÓSCAR MAURICIO LIZCANO ARANGO": 5.0, "TOTAL_VOTOS": 3198.0, "GANADOR": "ABELARDO DE LA ESPRIELLA", "VOTOS_GANADOR": 1432.0, "PCT_GANADOR": 44.8 }, "geometry": { "type": "Point", "coordinates": [ -74.08335137, 4.60702894 ] } },
{ "type": "Feature", "properties": { "LOCALIDAD": "Usaquén", "DIRECCION": "CRA 6A ENTRE CLL 119 Y 120A VIA PUBLICA", "SITIO": "Usaquén", "NOMBRE": "Vía Pública", "ABELARDO DE LA ESPRIELLA": 5730.0, "CARLOS EDUARDO CAICEDO OMAR": 1.0, "CLAUDIA LÓPEZ": 196.0, "GUSTAVO MATAMOROS CAMACHO": 0.0, "IVÁN CEPEDA CASTRO": 2502.0, "LUIS GILBERTO MURILLO URRUTIA": 4.0, "MIGUEL URIBE LONDOÑO": 11.0, "PALOMA VALENCIA LASERNA": 1795.0, "RAÚL SANTIAGO BOTERO JARAMILLO": 40.0, "ROY LEONARDO BARRERAS MONTEALEGRE": 10.0, "SERGIO FAJARDO VALDERRAMA": 709.0, "SONDRA MACOLLINS GARVIN PINTO": 7.0, "ÓSCAR MAURICIO LIZCANO ARANGO": 8.0, "TOTAL_VOTOS": 11013.0, "GANADOR": "ABELARDO DE LA ESPRIELLA", "VOTOS_GANADOR": 5730.0, "PCT_GANADOR": 52.0 }, "geometry": { "type": "Point", "coordinates": [ -74.03074328, 4.69628022 ] } },
{ "type": "Feature", "properties": { "LOCALIDAD": "Usaquén", "DIRECCION": "CRA 20 A # 173 A - 10 Entrada al Parqueadero", "SITIO": "Calasanz", "NOMBRE": "Colegio Calasanz - Sede Norte", "ABELARDO DE LA ESPRIELLA": 2728.0, "CARLOS EDUARDO CAICEDO OMAR": 1.0, "CLAUDIA LÓPEZ": 101.0, "GUSTAVO MATAMOROS CAMACHO": 0.0, "IVÁN CEPEDA CASTRO": 1300.0, "LUIS GILBERTO MURILLO URRUTIA": 5.0, "MIGUEL URIBE LONDOÑO": 1.0, "PALOMA VALENCIA LASERNA": 654.0, "RAÚL SANTIAGO BOTERO JARAMILLO": 17.0, "ROY LEONARDO BARRERAS MONTEALEGRE": 2.0, "SERGIO FAJARDO VALDERRAMA": 417.0, "SONDRA MACOLLINS GARVIN PINTO": 2.0, "ÓSCAR MAURICIO LIZCANO ARANGO": 4.0, "TOTAL_VOTOS": 5232.0, "GANADOR": "ABELARDO DE LA ESPRIELLA", "VOTOS_GANADOR": 2728.0, "PCT_GANADOR": 52.1 }, "geometry": { "type": "Point", "coordinates": [ -74.04243565, 4.75361694 ] } },
{ "type": "Feature", "properties": { "LOCALIDAD": "Usaquén", "DIRECCION": "CRA 18 A # 187 - 75 /CRA 18 A # 187 - 97", "SITIO": "Colegio Aquileo Parra sede Bachillerato", "NOMBRE": "Colegio Distrital Aquileo Parra", "ABELARDO DE LA ESPRIELLA": 3799.0, "CARLOS EDUARDO CAICEDO OMAR": 3.0, "CLAUDIA LÓPEZ": 226.0, "GUSTAVO MATAMOROS CAMACHO": 4.0, "IVÁN CEPEDA CASTRO": 2975.0, "LUIS GILBERTO MURILLO URRUTIA": 2.0, "MIGUEL URIBE LONDOÑO": 13.0, "PALOMA VALENCIA LASERNA": 931.0, "RAÚL SANTIAGO BOTERO JARAMILLO": 40.0, "ROY LEONARDO BARRERAS MONTEALEGRE": 6.0, "SERGIO FAJARDO VALDERRAMA": 569.0, "SONDRA MACOLLINS GARVIN PINTO": 7.0, "ÓSCAR MAURICIO LIZCANO ARANGO": 13.0, "TOTAL_VOTOS": 8588.0, "GANADOR": "ABELARDO DE LA ESPRIELLA", "VOTOS_GANADOR": 3799.0, "PCT_GANADOR": 44.2 }, "geometry": { "type": "Point", "coordinates": [ -74.03911765, 4.76625987 ] } },
{ "type": "Feature", "properties": { "LOCALIDAD": "Usaquén", "DIRECCION": "CLL 189 # 7 - 05", "SITIO": "Lijacá", "NOMBRE": "Colegio Distrital Unión Colombia - Sede B", "ABELARDO DE LA ESPRIELLA": 2693.0, "CARLOS EDUARDO CAICEDO OMAR": 5.0, "CLAUDIA LÓPEZ": 195.0, "GUSTAVO MATAMOROS CAMACHO": 2.0, "IVÁN CEPEDA CASTRO": 2309.0, "LUIS GILBERTO MURILLO URRUTIA": 2.0, "MIGUEL URIBE LONDOÑO": 14.0, "PALOMA VALENCIA LASERNA": 613.0, "RAÚL SANTIAGO BOTERO JARAMILLO": 39.0, "ROY LEONARDO BARRERAS MONTEALEGRE": 6.0, "SERGIO FAJARDO VALDERRAMA": 388.0, "SONDRA MACOLLINS GARVIN PINTO": 7.0, "ÓSCAR MAURICIO LIZCANO ARANGO": 9.0, "TOTAL_VOTOS": 6282.0, "GANADOR": "ABELARDO DE LA ESPRIELLA", "VOTOS_GANADOR": 2693.0, "PCT_GANADOR": 42.9 }, "geometry": { "type": "Point", "coordinates": [ -74.02799443, 4.76553742 ] } },
{ "type": "Feature", "properties": { "LOCALIDAD": "Usaquén", "DIRECCION": "CRA 7 A # 182 A - 07", "SITIO": "San Antonio Unión Colombia", "NOMBRE": "Colegio Distrital Unión Colombia - Sede A", "ABELARDO DE LA ESPRIELLA": 2930.0, "CARLOS EDUARDO CAICEDO OMAR": 2.0, "CLAUDIA LÓPEZ": 182.0, "GUSTAVO MATAMOROS CAMACHO": 1.0, "IVÁN CEPEDA CASTRO": 2411.0, "LUIS GILBERTO MURILLO URRUTIA": 5.0, "MIGUEL URIBE LONDOÑO": 6.0, "PALOMA VALENCIA LASERNA": 711.0, "RAÚL SANTIAGO BOTERO JARAMILLO": 31.0, "ROY LEONARDO BARRERAS MONTEALEGRE": 3.0, "SERGIO FAJARDO VALDERRAMA": 511.0, "SONDRA MACOLLINS GARVIN PINTO": 9.0, "ÓSCAR MAURICIO LIZCANO ARANGO": 15.0, "TOTAL_VOTOS": 6817.0, "GANADOR": "ABELARDO DE LA ESPRIELLA", "VOTOS_GANADOR": 2930.0, "PCT_GANADOR": 43.0 }, "geometry": { "type": "Point", "coordinates": [ -74.02751644, 4.75946183 ] } },
{ "type": "Feature", "properties": { "LOCALIDAD": "Usaquén", "DIRECCION": "CRA 7 # 155 - 20", "SITIO": "Colegio Agustín Fernández Sede A", "NOMBRE": "Colegio Distrital Agustín Fernández - Sede A", "ABELARDO DE LA ESPRIELLA": 3173.0, "CARLOS EDUARDO CAICEDO OMAR": 1.0, "CLAUDIA LÓPEZ": 159.0, "GUSTAVO MATAMOROS CAMACHO": 0.0, "IVÁN CEPEDA CASTRO": 2318.0, "LUIS GILBERTO MURILLO URRUTIA": 4.0, "MIGUEL URIBE LONDOÑO": 2.0, "PALOMA VALENCIA LASERNA": 666.0, "RAÚL SANTIAGO BOTERO JARAMILLO": 15.0, "ROY LEONARDO BARRERAS MONTEALEGRE": 2.0, "SERGIO FAJARDO VALDERRAMA": 482.0, "SONDRA MACOLLINS GARVIN PINTO": 4.0, "ÓSCAR MAURICIO LIZCANO ARANGO": 5.0, "TOTAL_VOTOS": 6831.0, "GANADOR": "ABELARDO DE LA ESPRIELLA", "VOTOS_GANADOR": 3173.0, "PCT_GANADOR": 46.5 }, "geometry": { "type": "Point", "coordinates": [ -74.02379498, 4.72954402 ] } },
{ "type": "Feature", "properties": { "LOCALIDAD": "Usaquén", "DIRECCION": "CLL 150 # 16 - 56", "SITIO": "Centro Comercial Cedritos 151", "NOMBRE": "Parqueadero Centro Comercial Cedritos 151", "ABELARDO DE LA ESPRIELLA": 7385.0, "CARLOS EDUARDO CAICEDO OMAR": 1.0, "CLAUDIA LÓPEZ": 163.0, "GUSTAVO MATAMOROS CAMACHO": 0.0, "IVÁN CEPEDA CASTRO": 1869.0, "LUIS GILBERTO MURILLO URRUTIA": 3.0, "MIGUEL URIBE LONDOÑO": 3.0, "PALOMA VALENCIA LASERNA": 1798.0, "RAÚL SANTIAGO BOTERO JARAMILLO": 7.0, "ROY LEONARDO BARRERAS MONTEALEGRE": 0.0, "SERGIO FAJARDO VALDERRAMA": 787.0, "SONDRA MACOLLINS GARVIN PINTO": 3.0, "ÓSCAR MAURICIO LIZCANO ARANGO": 8.0, "TOTAL_VOTOS": 12027.0, "GANADOR": "ABELARDO DE LA ESPRIELLA", "VOTOS_GANADOR": 7385.0, "PCT_GANADOR": 61.4 }, "geometry": { "type": "Point", "coordinates": [ -74.04181593, 4.73149009 ] } },
{ "type": "Feature", "properties": { "LOCALIDAD": "Usaquén", "DIRECCION": "AV CRA 9 # 131 A – 02", "SITIO": "Universidad El Bosque", "NOMBRE": "Universidad El Bosque", "ABELARDO DE LA ESPRIELLA": 5055.0, "CARLOS EDUARDO CAICEDO OMAR": 0.0, "CLAUDIA LÓPEZ": 96.0, "GUSTAVO MATAMOROS CAMACHO": 1.0, "IVÁN CEPEDA CASTRO": 1086.0, "LUIS GILBERTO MURILLO URRUTIA": 2.0, "MIGUEL URIBE LONDOÑO": 6.0, "PALOMA VALENCIA LASERNA": 1479.0, "RAÚL SANTIAGO BOTERO JARAMILLO": 5.0, "ROY LEONARDO BARRERAS MONTEALEGRE": 1.0, "SERGIO FAJARDO VALDERRAMA": 661.0, "SONDRA MACOLLINS GARVIN PINTO": 4.0, "ÓSCAR MAURICIO LIZCANO ARANGO": 4.0, "TOTAL_VOTOS": 8400.0, "GANADOR": "ABELARDO DE LA ESPRIELLA", "VOTOS_GANADOR": 5055.0, "PCT_GANADOR": 60.2 }, "geometry": { "type": "Point", "coordinates": [ -74.03238881, 4.71034076 ] } },
{ "type": "Feature", "properties": { "LOCALIDAD": "Usaquén", "DIRECCION": "AV CLL 127 # 11 - 20", "SITIO": "Instituto Pedagógico Nacional", "NOMBRE": "Instituto Pedagógico Nacional", "ABELARDO DE LA ESPRIELLA": 3915.0, "CARLOS EDUARDO CAICEDO OMAR": 2.0, "CLAUDIA LÓPEZ": 73.0, "GUSTAVO MATAMOROS CAMACHO": 0.0, "IVÁN CEPEDA CASTRO": 968.0, "LUIS GILBERTO MURILLO URRUTIA": 0.0, "MIGUEL URIBE LONDOÑO": 2.0, "PALOMA VALENCIA LASERNA": 1203.0, "RAÚL SANTIAGO BOTERO JARAMILLO": 9.0, "ROY LEONARDO BARRERAS MONTEALEGRE": 2.0, "SERGIO FAJARDO VALDERRAMA": 466.0, "SONDRA MACOLLINS GARVIN PINTO": 5.0, "ÓSCAR MAURICIO LIZCANO ARANGO": 2.0, "TOTAL_VOTOS": 6647.0, "GANADOR": "ABELARDO DE LA ESPRIELLA", "VOTOS_GANADOR": 3915.0, "PCT_GANADOR": 58.9 }, "geometry": { "type": "Point", "coordinates": [ -74.0344479, 4.70439298 ] } },
{ "type": "Feature", "properties": { "LOCALIDAD": "Usaquén", "DIRECCION": "AV CRA 15 # 124 - 30", "SITIO": "Centro Comercial Unicentro", "NOMBRE": "Parqueadero Unicentro", "ABELARDO DE LA ESPRIELLA": 11648.0, "CARLOS EDUARDO CAICEDO OMAR": 0.0, "CLAUDIA LÓPEZ": 165.0, "GUSTAVO MATAMOROS CAMACHO": 0.0, "IVÁN CEPEDA CASTRO": 1471.0, "LUIS GILBERTO MURILLO URRUTIA": 4.0, "MIGUEL URIBE LONDOÑO": 7.0, "PALOMA VALENCIA LASERNA": 3127.0, "RAÚL SANTIAGO BOTERO JARAMILLO": 16.0, "ROY LEONARDO BARRERAS MONTEALEGRE": 2.0, "SERGIO FAJARDO VALDERRAMA": 818.0, "SONDRA MACOLLINS GARVIN PINTO": 6.0, "ÓSCAR MAURICIO LIZCANO ARANGO": 6.0, "TOTAL_VOTOS": 17270.0, "GANADOR": "ABELARDO DE LA ESPRIELLA", "VOTOS_GANADOR": 11648.0, "PCT_GANADOR": 67.4 }, "geometry": { "type": "Point", "coordinates": [ -74.042625, 4.70237877 ] } },
{ "type": "Feature", "properties": { "LOCALIDAD": "Usaquén", "DIRECCION": "CRA 19 A con CLL 117", "SITIO": "Plaza México", "NOMBRE": "Parqueadero Plaza México", "ABELARDO DE LA ESPRIELLA": 4717.0, "CARLOS EDUARDO CAICEDO OMAR": 0.0, "CLAUDIA LÓPEZ": 73.0, "GUSTAVO MATAMOROS CAMACHO": 0.0, "IVÁN CEPEDA CASTRO": 557.0, "LUIS GILBERTO MURILLO URRUTIA": 0.0, "MIGUEL URIBE LONDOÑO": 3.0, "PALOMA VALENCIA LASERNA": 1464.0, "RAÚL SANTIAGO BOTERO JARAMILLO": 8.0, "ROY LEONARDO BARRERAS MONTEALEGRE": 1.0, "SERGIO FAJARDO VALDERRAMA": 397.0, "SONDRA MACOLLINS GARVIN PINTO": 0.0, "ÓSCAR MAURICIO LIZCANO ARANGO": 2.0, "TOTAL_VOTOS": 7222.0, "GANADOR": "ABELARDO DE LA ESPRIELLA", "VOTOS_GANADOR": 4717.0, "PCT_GANADOR": 65.3 }, "geometry": { "type": "Point", "coordinates": [ -74.05045574, 4.69934385 ] } },
{ "type": "Feature", "properties": { "LOCALIDAD": "Usaquén", "DIRECCION": "CRA 13 A # 107 A - 10", "SITIO": "Santa Paula", "NOMBRE": "Parqueadero", "ABELARDO DE LA ESPRIELLA": 3721.0, "CARLOS EDUARDO CAICEDO OMAR": 0.0, "CLAUDIA LÓPEZ": 68.0, "GUSTAVO MATAMOROS CAMACHO": 0.0, "IVÁN CEPEDA CASTRO": 429.0, "LUIS GILBERTO MURILLO URRUTIA": 0.0, "MIGUEL URIBE LONDOÑO": 4.0, "PALOMA VALENCIA LASERNA": 1291.0, "RAÚL SANTIAGO BOTERO JARAMILLO": 2.0, "ROY LEONARDO BARRERAS MONTEALEGRE": 1.0, "SERGIO FAJARDO VALDERRAMA": 360.0, "SONDRA MACOLLINS GARVIN PINTO": 2.0, "ÓSCAR MAURICIO LIZCANO ARANGO": 0.0, "TOTAL_VOTOS": 5878.0, "GANADOR": "ABELARDO DE LA ESPRIELLA", "VOTOS_GANADOR": 3721.0, "PCT_GANADOR": 63.3 }, "geometry": { "type": "Point", "coordinates": [ -74.04258362, 4.69048288 ] } },
{ "type": "Feature", "properties": { "LOCALIDAD": "Usaquén", "DIRECCION": "CLL 114 CRA 6 Entrada Zona C /CRA 6 # 115 - 65 Entrada F", "SITIO": "Centro Comercial Hacienda Santa Barbara", "NOMBRE": "Centro Comercial Hacienda Santa Bárbara", "ABELARDO DE LA ESPRIELLA": 4937.0, "CARLOS EDUARDO CAICEDO OMAR": 1.0, "CLAUDIA LÓPEZ": 87.0, "GUSTAVO MATAMOROS CAMACHO": 0.0, "IVÁN CEPEDA CASTRO": 750.0, "LUIS GILBERTO MURILLO URRUTIA": 0.0, "MIGUEL URIBE LONDOÑO": 2.0, "PALOMA VALENCIA LASERNA": 1749.0, "RAÚL SANTIAGO BOTERO JARAMILLO": 4.0, "ROY LEONARDO BARRERAS MONTEALEGRE": 4.0, "SERGIO FAJARDO VALDERRAMA": 526.0, "SONDRA MACOLLINS GARVIN PINTO": 2.0, "ÓSCAR MAURICIO LIZCANO ARANGO": 2.0, "TOTAL_VOTOS": 8064.0, "GANADOR": "ABELARDO DE LA ESPRIELLA", "VOTOS_GANADOR": 4937.0, "PCT_GANADOR": 61.2 }, "geometry": { "type": "Point", "coordinates": [ -74.03165673, 4.69259303 ] } },
{ "type": "Feature", "properties": { "LOCALIDAD": "Usaquén", "DIRECCION": "CLL 166 # 16 C - 15", "SITIO": "Colegio Distrital Toberín - Sede A", "NOMBRE": "Colegio Distrital Toberín - Sede A", "ABELARDO DE LA ESPRIELLA": 3899.0, "CARLOS EDUARDO CAICEDO OMAR": 1.0, "CLAUDIA LÓPEZ": 151.0, "GUSTAVO MATAMOROS CAMACHO": 1.0, "IVÁN CEPEDA CASTRO": 1967.0, "LUIS GILBERTO MURILLO URRUTIA": 2.0, "MIGUEL URIBE LONDOÑO": 2.0, "PALOMA VALENCIA LASERNA": 1001.0, "RAÚL SANTIAGO BOTERO JARAMILLO": 31.0, "ROY LEONARDO BARRERAS MONTEALEGRE": 2.0, "SERGIO FAJARDO VALDERRAMA": 529.0, "SONDRA MACOLLINS GARVIN PINTO": 9.0, "ÓSCAR MAURICIO LIZCANO ARANGO": 12.0, "TOTAL_VOTOS": 7607.0, "GANADOR": "ABELARDO DE LA ESPRIELLA", "VOTOS_GANADOR": 3899.0, "PCT_GANADOR": 51.3 }, "geometry": { "type": "Point", "coordinates": [ -74.0393839, 4.74539895 ] } },
{ "type": "Feature", "properties": { "LOCALIDAD": "Fontibon", "DIRECCION": "CRA 112 # 23 - 05", "SITIO": "Versalles", "NOMBRE": "Colegio Distrital Internacional", "ABELARDO DE LA ESPRIELLA": 3027.0, "CARLOS EDUARDO CAICEDO OMAR": 4.0, "CLAUDIA LÓPEZ": 309.0, "GUSTAVO MATAMOROS CAMACHO": 2.0, "IVÁN CEPEDA CASTRO": 4142.0, "LUIS GILBERTO MURILLO URRUTIA": 6.0, "MIGUEL URIBE LONDOÑO": 8.0, "PALOMA VALENCIA LASERNA": 684.0, "RAÚL SANTIAGO BOTERO JARAMILLO": 56.0, "ROY LEONARDO BARRERAS MONTEALEGRE": 5.0, "SERGIO FAJARDO VALDERRAMA": 438.0, "SONDRA MACOLLINS GARVIN PINTO": 3.0, "ÓSCAR MAURICIO LIZCANO ARANGO": 18.0, "TOTAL_VOTOS": 8702.0, "GANADOR": "IVÁN CEPEDA CASTRO", "VOTOS_GANADOR": 4142.0, "PCT_GANADOR": 47.6 }, "geometry": { "type": "Point", "coordinates": [ -74.14523522, 4.68683727 ] } },
{ "type": "Feature", "properties": { "LOCALIDAD": "Chapinero", "DIRECCION": "AV CLL 100 # 16 - 75", "SITIO": "Chicó Norte", "NOMBRE": "Parqueadero", "ABELARDO DE LA ESPRIELLA": 3743.0, "CARLOS EDUARDO CAICEDO OMAR": 1.0, "CLAUDIA LÓPEZ": 62.0, "GUSTAVO MATAMOROS CAMACHO": 1.0, "IVÁN CEPEDA CASTRO": 980.0, "LUIS GILBERTO MURILLO URRUTIA": 1.0, "MIGUEL URIBE LONDOÑO": 4.0, "PALOMA VALENCIA LASERNA": 930.0, "RAÚL SANTIAGO BOTERO JARAMILLO": 23.0, "ROY LEONARDO BARRERAS MONTEALEGRE": 2.0, "SERGIO FAJARDO VALDERRAMA": 254.0, "SONDRA MACOLLINS GARVIN PINTO": 1.0, "ÓSCAR MAURICIO LIZCANO ARANGO": 2.0, "TOTAL_VOTOS": 6004.0, "GANADOR": "ABELARDO DE LA ESPRIELLA", "VOTOS_GANADOR": 3743.0, "PCT_GANADOR": 62.3 }, "geometry": { "type": "Point", "coordinates": [ -74.04965464, 4.68507557 ] } },
{ "type": "Feature", "properties": { "LOCALIDAD": "Chapinero", "DIRECCION": "CLL 97 # 10 - 45", "SITIO": "Chicó Reservado", "NOMBRE": "Parqueadero Olímpica", "ABELARDO DE LA ESPRIELLA": 2698.0, "CARLOS EDUARDO CAICEDO OMAR": 0.0, "CLAUDIA LÓPEZ": 50.0, "GUSTAVO MATAMOROS CAMACHO": 1.0, "IVÁN CEPEDA CASTRO": 496.0, "LUIS GILBERTO MURILLO URRUTIA": 0.0, "MIGUEL URIBE LONDOÑO": 1.0, "PALOMA VALENCIA LASERNA": 1016.0, "RAÚL SANTIAGO BOTERO JARAMILLO": 2.0, "ROY LEONARDO BARRERAS MONTEALEGRE": 2.0, "SERGIO FAJARDO VALDERRAMA": 247.0, "SONDRA MACOLLINS GARVIN PINTO": 2.0, "ÓSCAR MAURICIO LIZCANO ARANGO": 2.0, "TOTAL_VOTOS": 4517.0, "GANADOR": "ABELARDO DE LA ESPRIELLA", "VOTOS_GANADOR": 2698.0, "PCT_GANADOR": 59.7 }, "geometry": { "type": "Point", "coordinates": [ -74.04422466, 4.67973371 ] } },
{ "type": "Feature", "properties": { "LOCALIDAD": "Chapinero", "DIRECCION": "CLL 86 # 7 - 40", "SITIO": "Chico Liceo Francés Louis Pasteur", "NOMBRE": "Liceo Francés Louis Pasteur", "ABELARDO DE LA ESPRIELLA": 4831.0, "CARLOS EDUARDO CAICEDO OMAR": 0.0, "CLAUDIA LÓPEZ": 73.0, "GUSTAVO MATAMOROS CAMACHO": 1.0, "IVÁN CEPEDA CASTRO": 570.0, "LUIS GILBERTO MURILLO URRUTIA": 2.0, "MIGUEL URIBE LONDOÑO": 4.0, "PALOMA VALENCIA LASERNA": 2468.0, "RAÚL SANTIAGO BOTERO JARAMILLO": 1.0, "ROY LEONARDO BARRERAS MONTEALEGRE": 4.0, "SERGIO FAJARDO VALDERRAMA": 516.0, "SONDRA MACOLLINS GARVIN PINTO": 5.0, "ÓSCAR MAURICIO LIZCANO ARANGO": 2.0, "TOTAL_VOTOS": 8477.0, "GANADOR": "ABELARDO DE LA ESPRIELLA", "VOTOS_GANADOR": 4831.0, "PCT_GANADOR": 57.0 }, "geometry": { "type": "Point", "coordinates": [ -74.04677356, 4.66671198 ] } },
{ "type": "Feature", "properties": { "LOCALIDAD": "Chapinero", "DIRECCION": "CRA 15 con CLL 85 Esquina", "SITIO": "Antiguo Country Plazoleta Carulla", "NOMBRE": "Carulla - Plazoleta", "ABELARDO DE LA ESPRIELLA": 3261.0, "CARLOS EDUARDO CAICEDO OMAR": 0.0, "CLAUDIA LÓPEZ": 82.0, "GUSTAVO MATAMOROS CAMACHO": 0.0, "IVÁN CEPEDA CASTRO": 688.0, "LUIS GILBERTO MURILLO URRUTIA": 0.0, "MIGUEL URIBE LONDOÑO": 1.0, "PALOMA VALENCIA LASERNA": 1344.0, "RAÚL SANTIAGO BOTERO JARAMILLO": 7.0, "ROY LEONARDO BARRERAS MONTEALEGRE": 0.0, "SERGIO FAJARDO VALDERRAMA": 344.0, "SONDRA MACOLLINS GARVIN PINTO": 3.0, "ÓSCAR MAURICIO LIZCANO ARANGO": 4.0, "TOTAL_VOTOS": 5734.0, "GANADOR": "ABELARDO DE LA ESPRIELLA", "VOTOS_GANADOR": 3261.0, "PCT_GANADOR": 56.9 }, "geometry": { "type": "Point", "coordinates": [ -74.05568487, 4.66990414 ] } },
{ "type": "Feature", "properties": { "LOCALIDAD": "Chapinero", "DIRECCION": "CLL 79 # 11 - 45 / CRA 11 # 78 - 47", "SITIO": "Universidad EAN", "NOMBRE": "Universidad EAN", "ABELARDO DE LA ESPRIELLA": 3548.0, "CARLOS EDUARDO CAICEDO OMAR": 1.0, "CLAUDIA LÓPEZ": 96.0, "GUSTAVO MATAMOROS CAMACHO": 1.0, "IVÁN CEPEDA CASTRO": 785.0, "LUIS GILBERTO MURILLO URRUTIA": 1.0, "MIGUEL URIBE LONDOÑO": 5.0, "PALOMA VALENCIA LASERNA": 1866.0, "RAÚL SANTIAGO BOTERO JARAMILLO": 5.0, "ROY LEONARDO BARRERAS MONTEALEGRE": 3.0, "SERGIO FAJARDO VALDERRAMA": 490.0, "SONDRA MACOLLINS GARVIN PINTO": 3.0, "ÓSCAR MAURICIO LIZCANO ARANGO": 4.0, "TOTAL_VOTOS": 6808.0, "GANADOR": "ABELARDO DE LA ESPRIELLA", "VOTOS_GANADOR": 3548.0, "PCT_GANADOR": 52.1 }, "geometry": { "type": "Point", "coordinates": [ -74.05480025, 4.66343108 ] } },
{ "type": "Feature", "properties": { "LOCALIDAD": "Chapinero", "DIRECCION": "CLL 74 # 14 - 14", "SITIO": "Universidad Sergio Arboleda", "NOMBRE": "Universidad Sergio Arboleda", "ABELARDO DE LA ESPRIELLA": 1910.0, "CARLOS EDUARDO CAICEDO OMAR": 0.0, "CLAUDIA LÓPEZ": 57.0, "GUSTAVO MATAMOROS CAMACHO": 0.0, "IVÁN CEPEDA CASTRO": 934.0, "LUIS GILBERTO MURILLO URRUTIA": 0.0, "MIGUEL URIBE LONDOÑO": 2.0, "PALOMA VALENCIA LASERNA": 664.0, "RAÚL SANTIAGO BOTERO JARAMILLO": 13.0, "ROY LEONARDO BARRERAS MONTEALEGRE": 2.0, "SERGIO FAJARDO VALDERRAMA": 309.0, "SONDRA MACOLLINS GARVIN PINTO": 3.0, "ÓSCAR MAURICIO LIZCANO ARANGO": 1.0, "TOTAL_VOTOS": 3895.0, "GANADOR": "ABELARDO DE LA ESPRIELLA", "VOTOS_GANADOR": 1910.0, "PCT_GANADOR": 49.0 }, "geometry": { "type": "Point", "coordinates": [ -74.05979579, 4.66089464 ] } },
{ "type": "Feature", "properties": { "LOCALIDAD": "Chapinero", "DIRECCION": "CLL 72 # 11 - 86", "SITIO": "Universidad Pedagógica Nacional", "NOMBRE": "Universidad Pedagógica Nacional", "ABELARDO DE LA ESPRIELLA": 1868.0, "CARLOS EDUARDO CAICEDO OMAR": 0.0, "CLAUDIA LÓPEZ": 93.0, "GUSTAVO MATAMOROS CAMACHO": 1.0, "IVÁN CEPEDA CASTRO": 1496.0, "LUIS GILBERTO MURILLO URRUTIA": 2.0, "MIGUEL URIBE LONDOÑO": 3.0, "PALOMA VALENCIA LASERNA": 742.0, "RAÚL SANTIAGO BOTERO JARAMILLO": 7.0, "ROY LEONARDO BARRERAS MONTEALEGRE": 2.0, "SERGIO FAJARDO VALDERRAMA": 332.0, "SONDRA MACOLLINS GARVIN PINTO": 2.0, "ÓSCAR MAURICIO LIZCANO ARANGO": 6.0, "TOTAL_VOTOS": 4554.0, "GANADOR": "ABELARDO DE LA ESPRIELLA", "VOTOS_GANADOR": 1868.0, "PCT_GANADOR": 41.0 }, "geometry": { "type": "Point", "coordinates": [ -74.05929989, 4.65786738 ] } },
{ "type": "Feature", "properties": { "LOCALIDAD": "Chapinero", "DIRECCION": "CRA 13 # 65 - 10 Entrada Parqueadero", "SITIO": "SENA CLL 65", "NOMBRE": "SENA", "ABELARDO DE LA ESPRIELLA": 1245.0, "CARLOS EDUARDO CAICEDO OMAR": 1.0, "CLAUDIA LÓPEZ": 65.0, "GUSTAVO MATAMOROS CAMACHO": 0.0, "IVÁN CEPEDA CASTRO": 973.0, "LUIS GILBERTO MURILLO URRUTIA": 4.0, "MIGUEL URIBE LONDOÑO": 2.0, "PALOMA VALENCIA LASERNA": 330.0, "RAÚL SANTIAGO BOTERO JARAMILLO": 5.0, "ROY LEONARDO BARRERAS MONTEALEGRE": 1.0, "SERGIO FAJARDO VALDERRAMA": 159.0, "SONDRA MACOLLINS GARVIN PINTO": 3.0, "ÓSCAR MAURICIO LIZCANO ARANGO": 7.0, "TOTAL_VOTOS": 2795.0, "GANADOR": "ABELARDO DE LA ESPRIELLA", "VOTOS_GANADOR": 1245.0, "PCT_GANADOR": 44.5 }, "geometry": { "type": "Point", "coordinates": [ -74.06288077, 4.65175626 ] } },
{ "type": "Feature", "properties": { "LOCALIDAD": "Chapinero", "DIRECCION": "CRA 9 Bis # 62 - 43", "SITIO": "Universidad Konrad Lorenz", "NOMBRE": "Fundación Universitaria Konrad Lorenz", "ABELARDO DE LA ESPRIELLA": 1846.0, "CARLOS EDUARDO CAICEDO OMAR": 1.0, "CLAUDIA LÓPEZ": 131.0, "GUSTAVO MATAMOROS CAMACHO": 0.0, "IVÁN CEPEDA CASTRO": 1277.0, "LUIS GILBERTO MURILLO URRUTIA": 1.0, "MIGUEL URIBE LONDOÑO": 3.0, "PALOMA VALENCIA LASERNA": 827.0, "RAÚL SANTIAGO BOTERO JARAMILLO": 2.0, "ROY LEONARDO BARRERAS MONTEALEGRE": 1.0, "SERGIO FAJARDO VALDERRAMA": 365.0, "SONDRA MACOLLINS GARVIN PINTO": 0.0, "ÓSCAR MAURICIO LIZCANO ARANGO": 4.0, "TOTAL_VOTOS": 4458.0, "GANADOR": "ABELARDO DE LA ESPRIELLA", "VOTOS_GANADOR": 1846.0, "PCT_GANADOR": 41.4 }, "geometry": { "type": "Point", "coordinates": [ -74.06145696, 4.64841756 ] } },
{ "type": "Feature", "properties": { "LOCALIDAD": "Chapinero", "DIRECCION": "CLL 52 # 13 - 65", "SITIO": "SENA CLL 52", "NOMBRE": "Parqueadero SENA", "ABELARDO DE LA ESPRIELLA": 1398.0, "CARLOS EDUARDO CAICEDO OMAR": 2.0, "CLAUDIA LÓPEZ": 82.0, "GUSTAVO MATAMOROS CAMACHO": 1.0, "IVÁN CEPEDA CASTRO": 1382.0, "LUIS GILBERTO MURILLO URRUTIA": 0.0, "MIGUEL URIBE LONDOÑO": 2.0, "PALOMA VALENCIA LASERNA": 498.0, "RAÚL SANTIAGO BOTERO JARAMILLO": 9.0, "ROY LEONARDO BARRERAS MONTEALEGRE": 1.0, "SERGIO FAJARDO VALDERRAMA": 303.0, "SONDRA MACOLLINS GARVIN PINTO": 3.0, "ÓSCAR MAURICIO LIZCANO ARANGO": 2.0, "TOTAL_VOTOS": 3683.0, "GANADOR": "ABELARDO DE LA ESPRIELLA", "VOTOS_GANADOR": 1398.0, "PCT_GANADOR": 38.0 }, "geometry": { "type": "Point", "coordinates": [ -74.06613584, 4.63902645 ] } },
{ "type": "Feature", "properties": { "LOCALIDAD": "Chapinero", "DIRECCION": "CRA 9 # 45 A - 25", "SITIO": "Universidad Piloto", "NOMBRE": "Universidad Piloto de Colombia", "ABELARDO DE LA ESPRIELLA": 983.0, "CARLOS EDUARDO CAICEDO OMAR": 1.0, "CLAUDIA LÓPEZ": 80.0, "GUSTAVO MATAMOROS CAMACHO": 0.0, "IVÁN CEPEDA CASTRO": 957.0, "LUIS GILBERTO MURILLO URRUTIA": 0.0, "MIGUEL URIBE LONDOÑO": 5.0, "PALOMA VALENCIA LASERNA": 343.0, "RAÚL SANTIAGO BOTERO JARAMILLO": 3.0, "ROY LEONARDO BARRERAS MONTEALEGRE": 1.0, "SERGIO FAJARDO VALDERRAMA": 122.0, "SONDRA MACOLLINS GARVIN PINTO": 3.0, "ÓSCAR MAURICIO LIZCANO ARANGO": 1.0, "TOTAL_VOTOS": 2499.0, "GANADOR": "ABELARDO DE LA ESPRIELLA", "VOTOS_GANADOR": 983.0, "PCT_GANADOR": 39.3 }, "geometry": { "type": "Point", "coordinates": [ -74.06547382, 4.63277236 ] } },
{ "type": "Feature", "properties": { "LOCALIDAD": "Chapinero", "DIRECCION": "CRA 5 C Este # 98 A - 55", "SITIO": "Colegio Campestre Monteverde San Luis", "NOMBRE": "Colegio Distrital Campestre Monteverde", "ABELARDO DE LA ESPRIELLA": 1107.0, "CARLOS EDUARDO CAICEDO OMAR": 3.0, "CLAUDIA LÓPEZ": 130.0, "GUSTAVO MATAMOROS CAMACHO": 1.0, "IVÁN CEPEDA CASTRO": 2256.0, "LUIS GILBERTO MURILLO URRUTIA": 5.0, "MIGUEL URIBE LONDOÑO": 5.0, "PALOMA VALENCIA LASERNA": 293.0, "RAÚL SANTIAGO BOTERO JARAMILLO": 39.0, "ROY LEONARDO BARRERAS MONTEALEGRE": 6.0, "SERGIO FAJARDO VALDERRAMA": 194.0, "SONDRA MACOLLINS GARVIN PINTO": 7.0, "ÓSCAR MAURICIO LIZCANO ARANGO": 17.0, "TOTAL_VOTOS": 4063.0, "GANADOR": "IVÁN CEPEDA CASTRO", "VOTOS_GANADOR": 2256.0, "PCT_GANADOR": 55.5 }, "geometry": { "type": "Point", "coordinates": [ -74.02153895, 4.67020974 ] } },
{ "type": "Feature", "properties": { "LOCALIDAD": "Santa Fe", "DIRECCION": "CRA 7 # 33 - 64", "SITIO": "Camilo Torres", "NOMBRE": "Colegio Distrital Externado Camilo Torres", "ABELARDO DE LA ESPRIELLA": 1292.0, "CARLOS EDUARDO CAICEDO OMAR": 1.0, "CLAUDIA LÓPEZ": 99.0, "GUSTAVO MATAMOROS CAMACHO": 2.0, "IVÁN CEPEDA CASTRO": 2249.0, "LUIS GILBERTO MURILLO URRUTIA": 4.0, "MIGUEL URIBE LONDOÑO": 1.0, "PALOMA VALENCIA LASERNA": 506.0, "RAÚL SANTIAGO BOTERO JARAMILLO": 12.0, "ROY LEONARDO BARRERAS MONTEALEGRE": 3.0, "SERGIO FAJARDO VALDERRAMA": 407.0, "SONDRA MACOLLINS GARVIN PINTO": 5.0, "ÓSCAR MAURICIO LIZCANO ARANGO": 10.0, "TOTAL_VOTOS": 4591.0, "GANADOR": "IVÁN CEPEDA CASTRO", "VOTOS_GANADOR": 2249.0, "PCT_GANADOR": 49.0 }, "geometry": { "type": "Point", "coordinates": [ -74.06658512, 4.62028845 ] } },
{ "type": "Feature", "properties": { "LOCALIDAD": "Santa Fe", "DIRECCION": "CLL 32 A # 3 C - 37", "SITIO": "La Perseverancia", "NOMBRE": "Colegio Distrital Manuel Elkin Patarroyo", "ABELARDO DE LA ESPRIELLA": 672.0, "CARLOS EDUARDO CAICEDO OMAR": 2.0, "CLAUDIA LÓPEZ": 92.0, "GUSTAVO MATAMOROS CAMACHO": 0.0, "IVÁN CEPEDA CASTRO": 1554.0, "LUIS GILBERTO MURILLO URRUTIA": 3.0, "MIGUEL URIBE LONDOÑO": 3.0, "PALOMA VALENCIA LASERNA": 206.0, "RAÚL SANTIAGO BOTERO JARAMILLO": 13.0, "ROY LEONARDO BARRERAS MONTEALEGRE": 3.0, "SERGIO FAJARDO VALDERRAMA": 112.0, "SONDRA MACOLLINS GARVIN PINTO": 2.0, "ÓSCAR MAURICIO LIZCANO ARANGO": 9.0, "TOTAL_VOTOS": 2671.0, "GANADOR": "IVÁN CEPEDA CASTRO", "VOTOS_GANADOR": 1554.0, "PCT_GANADOR": 58.2 }, "geometry": { "type": "Point", "coordinates": [ -74.06450467, 4.617778 ] } },
{ "type": "Feature", "properties": { "LOCALIDAD": "Santa Fe", "DIRECCION": "CLL 28 # 5 A - 06", "SITIO": "Policarpa Salavarrieta", "NOMBRE": "Colegio Distrital Popicarpa Salavarrieta - Sede A", "ABELARDO DE LA ESPRIELLA": 552.0, "CARLOS EDUARDO CAICEDO OMAR": 0.0, "CLAUDIA LÓPEZ": 44.0, "GUSTAVO MATAMOROS CAMACHO": 0.0, "IVÁN CEPEDA CASTRO": 1067.0, "LUIS GILBERTO MURILLO URRUTIA": 1.0, "MIGUEL URIBE LONDOÑO": 1.0, "PALOMA VALENCIA LASERNA": 222.0, "RAÚL SANTIAGO BOTERO JARAMILLO": 8.0, "ROY LEONARDO BARRERAS MONTEALEGRE": 4.0, "SERGIO FAJARDO VALDERRAMA": 158.0, "SONDRA MACOLLINS GARVIN PINTO": 1.0, "ÓSCAR MAURICIO LIZCANO ARANGO": 2.0, "TOTAL_VOTOS": 2060.0, "GANADOR": "IVÁN CEPEDA CASTRO", "VOTOS_GANADOR": 1067.0, "PCT_GANADOR": 51.8 }, "geometry": { "type": "Point", "coordinates": [ -74.06780815, 4.61491222 ] } },
{ "type": "Feature", "properties": { "LOCALIDAD": "Santa Fe", "DIRECCION": "CLL 13 (AV Jiménez) # 7 - 56", "SITIO": "Palacio San Francisco", "NOMBRE": "Palacio San Francisco", "ABELARDO DE LA ESPRIELLA": 1083.0, "CARLOS EDUARDO CAICEDO OMAR": 1.0, "CLAUDIA LÓPEZ": 78.0, "GUSTAVO MATAMOROS CAMACHO": 0.0, "IVÁN CEPEDA CASTRO": 1901.0, "LUIS GILBERTO MURILLO URRUTIA": 4.0, "MIGUEL URIBE LONDOÑO": 5.0, "PALOMA VALENCIA LASERNA": 301.0, "RAÚL SANTIAGO BOTERO JARAMILLO": 19.0, "ROY LEONARDO BARRERAS MONTEALEGRE": 4.0, "SERGIO FAJARDO VALDERRAMA": 129.0, "SONDRA MACOLLINS GARVIN PINTO": 3.0, "ÓSCAR MAURICIO LIZCANO ARANGO": 9.0, "TOTAL_VOTOS": 3537.0, "GANADOR": "IVÁN CEPEDA CASTRO", "VOTOS_GANADOR": 1901.0, "PCT_GANADOR": 53.7 }, "geometry": { "type": "Point", "coordinates": [ -74.07359544, 4.60196152 ] } },
{ "type": "Feature", "properties": { "LOCALIDAD": "Santa Fe", "DIRECCION": "CRA 13 # 14 - 69", "SITIO": "Facultad De Artes - ASAB", "NOMBRE": "Biblioteca Distrital Antonio Nariño", "ABELARDO DE LA ESPRIELLA": 609.0, "CARLOS EDUARDO CAICEDO OMAR": 1.0, "CLAUDIA LÓPEZ": 20.0, "GUSTAVO MATAMOROS CAMACHO": 1.0, "IVÁN CEPEDA CASTRO": 784.0, "LUIS GILBERTO MURILLO URRUTIA": 1.0, "MIGUEL URIBE LONDOÑO": 0.0, "PALOMA VALENCIA LASERNA": 110.0, "RAÚL SANTIAGO BOTERO JARAMILLO": 7.0, "ROY LEONARDO BARRERAS MONTEALEGRE": 0.0, "SERGIO FAJARDO VALDERRAMA": 52.0, "SONDRA MACOLLINS GARVIN PINTO": 0.0, "ÓSCAR MAURICIO LIZCANO ARANGO": 3.0, "TOTAL_VOTOS": 1588.0, "GANADOR": "IVÁN CEPEDA CASTRO", "VOTOS_GANADOR": 784.0, "PCT_GANADOR": 49.4 }, "geometry": { "type": "Point", "coordinates": [ -74.07837073, 4.60459885 ] } },
{ "type": "Feature", "properties": { "LOCALIDAD": "Santa Fe", "DIRECCION": "CRA 7 Este # 5 - 20", "SITIO": "Los Laches", "NOMBRE": "Colegio Distrital Efraín Cañavera - Sede B (Los Pinos)", "ABELARDO DE LA ESPRIELLA": 849.0, "CARLOS EDUARDO CAICEDO OMAR": 0.0, "CLAUDIA LÓPEZ": 113.0, "GUSTAVO MATAMOROS CAMACHO": 2.0, "IVÁN CEPEDA CASTRO": 3020.0, "LUIS GILBERTO MURILLO URRUTIA": 2.0, "MIGUEL URIBE LONDOÑO": 7.0, "PALOMA VALENCIA LASERNA": 256.0, "RAÚL SANTIAGO BOTERO JARAMILLO": 31.0, "ROY LEONARDO BARRERAS MONTEALEGRE": 3.0, "SERGIO FAJARDO VALDERRAMA": 182.0, "SONDRA MACOLLINS GARVIN PINTO": 2.0, "ÓSCAR MAURICIO LIZCANO ARANGO": 9.0, "TOTAL_VOTOS": 4476.0, "GANADOR": "IVÁN CEPEDA CASTRO", "VOTOS_GANADOR": 3020.0, "PCT_GANADOR": 67.5 }, "geometry": { "type": "Point", "coordinates": [ -74.06663597, 4.58746547 ] } },
{ "type": "Feature", "properties": { "LOCALIDAD": "Santa Fe", "DIRECCION": "CRA 2 # 4 - 10 /CRA 2 # 4 - 12", "SITIO": "Centro Oriente", "NOMBRE": "Centro Comunitario Lourdes", "ABELARDO DE LA ESPRIELLA": 497.0, "CARLOS EDUARDO CAICEDO OMAR": 3.0, "CLAUDIA LÓPEZ": 71.0, "GUSTAVO MATAMOROS CAMACHO": 0.0, "IVÁN CEPEDA CASTRO": 1112.0, "LUIS GILBERTO MURILLO URRUTIA": 3.0, "MIGUEL URIBE LONDOÑO": 6.0, "PALOMA VALENCIA LASERNA": 168.0, "RAÚL SANTIAGO BOTERO JARAMILLO": 18.0, "ROY LEONARDO BARRERAS MONTEALEGRE": 1.0, "SERGIO FAJARDO VALDERRAMA": 79.0, "SONDRA MACOLLINS GARVIN PINTO": 2.0, "ÓSCAR MAURICIO LIZCANO ARANGO": 2.0, "TOTAL_VOTOS": 1962.0, "GANADOR": "IVÁN CEPEDA CASTRO", "VOTOS_GANADOR": 1112.0, "PCT_GANADOR": 56.7 }, "geometry": { "type": "Point", "coordinates": [ -74.07394485, 4.58950447 ] } },
{ "type": "Feature", "properties": { "LOCALIDAD": "Santa Fe", "DIRECCION": "CLL 3 # 11 B - 40 / CRA 12 # 3 - 04", "SITIO": "San Bernardo", "NOMBRE": "Colegio Distrital Los Ángeles - Sede B (Santa Inés)", "ABELARDO DE LA ESPRIELLA": 810.0, "CARLOS EDUARDO CAICEDO OMAR": 2.0, "CLAUDIA LÓPEZ": 52.0, "GUSTAVO MATAMOROS CAMACHO": 0.0, "IVÁN CEPEDA CASTRO": 1108.0, "LUIS GILBERTO MURILLO URRUTIA": 2.0, "MIGUEL URIBE LONDOÑO": 3.0, "PALOMA VALENCIA LASERNA": 156.0, "RAÚL SANTIAGO BOTERO JARAMILLO": 16.0, "ROY LEONARDO BARRERAS MONTEALEGRE": 3.0, "SERGIO FAJARDO VALDERRAMA": 91.0, "SONDRA MACOLLINS GARVIN PINTO": 1.0, "ÓSCAR MAURICIO LIZCANO ARANGO": 5.0, "TOTAL_VOTOS": 2249.0, "GANADOR": "IVÁN CEPEDA CASTRO", "VOTOS_GANADOR": 1108.0, "PCT_GANADOR": 49.3 }, "geometry": { "type": "Point", "coordinates": [ -74.08471558, 4.59360814 ] } },
{ "type": "Feature", "properties": { "LOCALIDAD": "Santa Fe", "DIRECCION": "CLL 3 # 9 - 70", "SITIO": "Las Cruces", "NOMBRE": "Colegio Distrital Antonio José Uribe", "ABELARDO DE LA ESPRIELLA": 1021.0, "CARLOS EDUARDO CAICEDO OMAR": 1.0, "CLAUDIA LÓPEZ": 121.0, "GUSTAVO MATAMOROS CAMACHO": 1.0, "IVÁN CEPEDA CASTRO": 2046.0, "LUIS GILBERTO MURILLO URRUTIA": 3.0, "MIGUEL URIBE LONDOÑO": 7.0, "PALOMA VALENCIA LASERNA": 272.0, "RAÚL SANTIAGO BOTERO JARAMILLO": 28.0, "ROY LEONARDO BARRERAS MONTEALEGRE": 3.0, "SERGIO FAJARDO VALDERRAMA": 154.0, "SONDRA MACOLLINS GARVIN PINTO": 5.0, "ÓSCAR MAURICIO LIZCANO ARANGO": 12.0, "TOTAL_VOTOS": 3674.0, "GANADOR": "IVÁN CEPEDA CASTRO", "VOTOS_GANADOR": 2046.0, "PCT_GANADOR": 55.7 }, "geometry": { "type": "Point", "coordinates": [ -74.08225488, 4.59222008 ] } },
{ "type": "Feature", "properties": { "LOCALIDAD": "Santa Fe", "DIRECCION": "CLL 3 # 1 B - 09 Este /CLL 3 # 2 - 64 Este", "SITIO": "Girardot", "NOMBRE": "Colegio Distrital Jorge Soto del Corral - Sede A", "ABELARDO DE LA ESPRIELLA": 495.0, "CARLOS EDUARDO CAICEDO OMAR": 0.0, "CLAUDIA LÓPEZ": 81.0, "GUSTAVO MATAMOROS CAMACHO": 1.0, "IVÁN CEPEDA CASTRO": 1686.0, "LUIS GILBERTO MURILLO URRUTIA": 1.0, "MIGUEL URIBE LONDOÑO": 3.0, "PALOMA VALENCIA LASERNA": 158.0, "RAÚL SANTIAGO BOTERO JARAMILLO": 29.0, "ROY LEONARDO BARRERAS MONTEALEGRE": 1.0, "SERGIO FAJARDO VALDERRAMA": 102.0, "SONDRA MACOLLINS GARVIN PINTO": 2.0, "ÓSCAR MAURICIO LIZCANO ARANGO": 5.0, "TOTAL_VOTOS": 2564.0, "GANADOR": "IVÁN CEPEDA CASTRO", "VOTOS_GANADOR": 1686.0, "PCT_GANADOR": 65.8 }, "geometry": { "type": "Point", "coordinates": [ -74.0729962, 4.58758004 ] } },
{ "type": "Feature", "properties": { "LOCALIDAD": "Santa Fe", "DIRECCION": "CRA 12 A # 7 - 07", "SITIO": "Medicina Legal", "NOMBRE": "Antigua Escuela Santa Ines", "ABELARDO DE LA ESPRIELLA": 546.0, "CARLOS EDUARDO CAICEDO OMAR": 1.0, "CLAUDIA LÓPEZ": 18.0, "GUSTAVO MATAMOROS CAMACHO": 0.0, "IVÁN CEPEDA CASTRO": 978.0, "LUIS GILBERTO MURILLO URRUTIA": 2.0, "MIGUEL URIBE LONDOÑO": 3.0, "PALOMA VALENCIA LASERNA": 64.0, "RAÚL SANTIAGO BOTERO JARAMILLO": 8.0, "ROY LEONARDO BARRERAS MONTEALEGRE": 0.0, "SERGIO FAJARDO VALDERRAMA": 112.0, "SONDRA MACOLLINS GARVIN PINTO": 0.0, "ÓSCAR MAURICIO LIZCANO ARANGO": 0.0, "TOTAL_VOTOS": 1732.0, "GANADOR": "IVÁN CEPEDA CASTRO", "VOTOS_GANADOR": 978.0, "PCT_GANADOR": 56.5 }, "geometry": { "type": "Point", "coordinates": [ -74.08290338, 4.59753617 ] } },
{ "type": "Feature", "properties": { "LOCALIDAD": "Santa Fe", "DIRECCION": "CLL 21 # 1 - 20", "SITIO": "Las Aguas", "NOMBRE": "Parqueadero primer piso edificio Julio Mario Santo Domingo Universidad de los Andes", "ABELARDO DE LA ESPRIELLA": 499.0, "CARLOS EDUARDO CAICEDO OMAR": 1.0, "CLAUDIA LÓPEZ": 36.0, "GUSTAVO MATAMOROS CAMACHO": 0.0, "IVÁN CEPEDA CASTRO": 794.0, "LUIS GILBERTO MURILLO URRUTIA": 1.0, "MIGUEL URIBE LONDOÑO": 4.0, "PALOMA VALENCIA LASERNA": 192.0, "RAÚL SANTIAGO BOTERO JARAMILLO": 6.0, "ROY LEONARDO BARRERAS MONTEALEGRE": 0.0, "SERGIO FAJARDO VALDERRAMA": 131.0, "SONDRA MACOLLINS GARVIN PINTO": 1.0, "ÓSCAR MAURICIO LIZCANO ARANGO": 0.0, "TOTAL_VOTOS": 1665.0, "GANADOR": "IVÁN CEPEDA CASTRO", "VOTOS_GANADOR": 794.0, "PCT_GANADOR": 47.7 }, "geometry": { "type": "Point", "coordinates": [ -74.0659286, 4.60414564 ] } },
{ "type": "Feature", "properties": { "LOCALIDAD": "Santa Fe", "DIRECCION": "CLL 20 # 4 - 68", "SITIO": "Las Nieves", "NOMBRE": "Colegio Distrital República de Argentina - Sede B (Policarpa Salavarrieta)", "ABELARDO DE LA ESPRIELLA": 858.0, "CARLOS EDUARDO CAICEDO OMAR": 0.0, "CLAUDIA LÓPEZ": 35.0, "GUSTAVO MATAMOROS CAMACHO": 0.0, "IVÁN CEPEDA CASTRO": 1074.0, "LUIS GILBERTO MURILLO URRUTIA": 4.0, "MIGUEL URIBE LONDOÑO": 3.0, "PALOMA VALENCIA LASERNA": 249.0, "RAÚL SANTIAGO BOTERO JARAMILLO": 7.0, "ROY LEONARDO BARRERAS MONTEALEGRE": 1.0, "SERGIO FAJARDO VALDERRAMA": 107.0, "SONDRA MACOLLINS GARVIN PINTO": 3.0, "ÓSCAR MAURICIO LIZCANO ARANGO": 8.0, "TOTAL_VOTOS": 2349.0, "GANADOR": "IVÁN CEPEDA CASTRO", "VOTOS_GANADOR": 1074.0, "PCT_GANADOR": 45.7 }, "geometry": { "type": "Point", "coordinates": [ -74.0691309, 4.60501359 ] } },
{ "type": "Feature", "properties": { "LOCALIDAD": "San Cristóbal", "DIRECCION": "CLL 10 A Sur # 3 A - 61", "SITIO": "Santa Ana Sur", "NOMBRE": "Colegio Distrital José Félix Restrepo - Sede B", "ABELARDO DE LA ESPRIELLA": 924.0, "CARLOS EDUARDO CAICEDO OMAR": 0.0, "CLAUDIA LÓPEZ": 98.0, "GUSTAVO MATAMOROS CAMACHO": 0.0, "IVÁN CEPEDA CASTRO": 1445.0, "LUIS GILBERTO MURILLO URRUTIA": 4.0, "MIGUEL URIBE LONDOÑO": 3.0, "PALOMA VALENCIA LASERNA": 239.0, "RAÚL SANTIAGO BOTERO JARAMILLO": 18.0, "ROY LEONARDO BARRERAS MONTEALEGRE": 1.0, "SERGIO FAJARDO VALDERRAMA": 164.0, "SONDRA MACOLLINS GARVIN PINTO": 2.0, "ÓSCAR MAURICIO LIZCANO ARANGO": 4.0, "TOTAL_VOTOS": 2902.0, "GANADOR": "IVÁN CEPEDA CASTRO", "VOTOS_GANADOR": 1445.0, "PCT_GANADOR": 49.8 }, "geometry": { "type": "Point", "coordinates": [ -74.08415687, 4.57704149 ] } },
{ "type": "Feature", "properties": { "LOCALIDAD": "San Cristóbal", "DIRECCION": "CRA 9 A # 18 - 74 Sur", "SITIO": "Sosiego", "NOMBRE": "Colegio Distrital Rafael Nuñez", "ABELARDO DE LA ESPRIELLA": 916.0, "CARLOS EDUARDO CAICEDO OMAR": 1.0, "CLAUDIA LÓPEZ": 56.0, "GUSTAVO MATAMOROS CAMACHO": 0.0, "IVÁN CEPEDA CASTRO": 1112.0, "LUIS GILBERTO MURILLO URRUTIA": 0.0, "MIGUEL URIBE LONDOÑO": 2.0, "PALOMA VALENCIA LASERNA": 261.0, "RAÚL SANTIAGO BOTERO JARAMILLO": 12.0, "ROY LEONARDO BARRERAS MONTEALEGRE": 3.0, "SERGIO FAJARDO VALDERRAMA": 161.0, "SONDRA MACOLLINS GARVIN PINTO": 3.0, "ÓSCAR MAURICIO LIZCANO ARANGO": 6.0, "TOTAL_VOTOS": 2533.0, "GANADOR": "IVÁN CEPEDA CASTRO", "VOTOS_GANADOR": 1112.0, "PCT_GANADOR": 43.9 }, "geometry": { "type": "Point", "coordinates": [ -74.09301012, 4.57636159 ] } },
{ "type": "Feature", "properties": { "LOCALIDAD": "San Cristóbal", "DIRECCION": "CLL 27 Sur # 2 B - 59 / CLL 27 A Sur # 2 B - 59", "SITIO": "Juan del Rizzo", "NOMBRE": "Colegio privado Salesiano Juan del Rizzo Sede B", "ABELARDO DE LA ESPRIELLA": 2167.0, "CARLOS EDUARDO CAICEDO OMAR": 1.0, "CLAUDIA LÓPEZ": 192.0, "GUSTAVO MATAMOROS CAMACHO": 0.0, "IVÁN CEPEDA CASTRO": 3102.0, "LUIS GILBERTO MURILLO URRUTIA": 4.0, "MIGUEL URIBE LONDOÑO": 9.0, "PALOMA VALENCIA LASERNA": 586.0, "RAÚL SANTIAGO BOTERO JARAMILLO": 49.0, "ROY LEONARDO BARRERAS MONTEALEGRE": 2.0, "SERGIO FAJARDO VALDERRAMA": 284.0, "SONDRA MACOLLINS GARVIN PINTO": 7.0, "ÓSCAR MAURICIO LIZCANO ARANGO": 18.0, "TOTAL_VOTOS": 6421.0, "GANADOR": "IVÁN CEPEDA CASTRO", "VOTOS_GANADOR": 3102.0, "PCT_GANADOR": 48.3 }, "geometry": { "type": "Point", "coordinates": [ -74.09322579, 4.56702821 ] } },
{ "type": "Feature", "properties": { "LOCALIDAD": "San Cristóbal", "DIRECCION": "CLL 31 D Bis Sur # 2 - 24 Este /CLL 31 D Bis Sur # 2 - 25 Este", "SITIO": "Bello Horizonte", "NOMBRE": "Colegio Distrital José Castro Martínez - Sede A", "ABELARDO DE LA ESPRIELLA": 1344.0, "CARLOS EDUARDO CAICEDO OMAR": 4.0, "CLAUDIA LÓPEZ": 174.0, "GUSTAVO MATAMOROS CAMACHO": 4.0, "IVÁN CEPEDA CASTRO": 2918.0, "LUIS GILBERTO MURILLO URRUTIA": 5.0, "MIGUEL URIBE LONDOÑO": 15.0, "PALOMA VALENCIA LASERNA": 371.0, "RAÚL SANTIAGO BOTERO JARAMILLO": 27.0, "ROY LEONARDO BARRERAS MONTEALEGRE": 7.0, "SERGIO FAJARDO VALDERRAMA": 197.0, "SONDRA MACOLLINS GARVIN PINTO": 6.0, "ÓSCAR MAURICIO LIZCANO ARANGO": 16.0, "TOTAL_VOTOS": 5088.0, "GANADOR": "IVÁN CEPEDA CASTRO", "VOTOS_GANADOR": 2918.0, "PCT_GANADOR": 57.4 }, "geometry": { "type": "Point", "coordinates": [ -74.09247453, 4.55995649 ] } },
{ "type": "Feature", "properties": { "LOCALIDAD": "San Cristóbal", "DIRECCION": "CLL 34 Sur # 7 A - 88", "SITIO": "San Isidro", "NOMBRE": "Colegio Distrital San isidro Sur Oriental - Sede A", "ABELARDO DE LA ESPRIELLA": 2212.0, "CARLOS EDUARDO CAICEDO OMAR": 2.0, "CLAUDIA LÓPEZ": 186.0, "GUSTAVO MATAMOROS CAMACHO": 1.0, "IVÁN CEPEDA CASTRO": 3593.0, "LUIS GILBERTO MURILLO URRUTIA": 11.0, "MIGUEL URIBE LONDOÑO": 9.0, "PALOMA VALENCIA LASERNA": 557.0, "RAÚL SANTIAGO BOTERO JARAMILLO": 45.0, "ROY LEONARDO BARRERAS MONTEALEGRE": 1.0, "SERGIO FAJARDO VALDERRAMA": 325.0, "SONDRA MACOLLINS GARVIN PINTO": 9.0, "ÓSCAR MAURICIO LIZCANO ARANGO": 18.0, "TOTAL_VOTOS": 6969.0, "GANADOR": "IVÁN CEPEDA CASTRO", "VOTOS_GANADOR": 3593.0, "PCT_GANADOR": 51.6 }, "geometry": { "type": "Point", "coordinates": [ -74.10093586, 4.56590459 ] } },
{ "type": "Feature", "properties": { "LOCALIDAD": "San Cristóbal", "DIRECCION": "DIAG 39 Sur # 2 - 10 Este  /DIAG 39 Sur # 2 - 00 Este", "SITIO": "San Martín de Loba Sur", "NOMBRE": "Colegio Distrital Juán Evangelista Gómez", "ABELARDO DE LA ESPRIELLA": 1480.0, "CARLOS EDUARDO CAICEDO OMAR": 6.0, "CLAUDIA LÓPEZ": 211.0, "GUSTAVO MATAMOROS CAMACHO": 3.0, "IVÁN CEPEDA CASTRO": 3643.0, "LUIS GILBERTO MURILLO URRUTIA": 7.0, "MIGUEL URIBE LONDOÑO": 12.0, "PALOMA VALENCIA LASERNA": 362.0, "RAÚL SANTIAGO BOTERO JARAMILLO": 59.0, "ROY LEONARDO BARRERAS MONTEALEGRE": 4.0, "SERGIO FAJARDO VALDERRAMA": 235.0, "SONDRA MACOLLINS GARVIN PINTO": 10.0, "ÓSCAR MAURICIO LIZCANO ARANGO": 11.0, "TOTAL_VOTOS": 6043.0, "GANADOR": "IVÁN CEPEDA CASTRO", "VOTOS_GANADOR": 3643.0, "PCT_GANADOR": 60.3 }, "geometry": { "type": "Point", "coordinates": [ -74.09566885, 4.55208676 ] } },
{ "type": "Feature", "properties": { "LOCALIDAD": "San Cristóbal", "DIRECCION": "CLL 42 A Sur # 12 A - 27 Este", "SITIO": "Altamira", "NOMBRE": "Colegio Distrital Altamira Sur Oriental - Sede A", "ABELARDO DE LA ESPRIELLA": 1602.0, "CARLOS EDUARDO CAICEDO OMAR": 3.0, "CLAUDIA LÓPEZ": 260.0, "GUSTAVO MATAMOROS CAMACHO": 0.0, "IVÁN CEPEDA CASTRO": 3999.0, "LUIS GILBERTO MURILLO URRUTIA": 8.0, "MIGUEL URIBE LONDOÑO": 8.0, "PALOMA VALENCIA LASERNA": 410.0, "RAÚL SANTIAGO BOTERO JARAMILLO": 48.0, "ROY LEONARDO BARRERAS MONTEALEGRE": 3.0, "SERGIO FAJARDO VALDERRAMA": 218.0, "SONDRA MACOLLINS GARVIN PINTO": 7.0, "ÓSCAR MAURICIO LIZCANO ARANGO": 14.0, "TOTAL_VOTOS": 6580.0, "GANADOR": "IVÁN CEPEDA CASTRO", "VOTOS_GANADOR": 3999.0, "PCT_GANADOR": 60.8 }, "geometry": { "type": "Point", "coordinates": [ -74.08484396, 4.54538569 ] } },
{ "type": "Feature", "properties": { "LOCALIDAD": "San Cristóbal", "DIRECCION": "CLL 46 G Sur # 16 A - 01 Este", "SITIO": "El Quindío", "NOMBRE": "Colegio Distrital El Quindío - Sede B", "ABELARDO DE LA ESPRIELLA": 426.0, "CARLOS EDUARDO CAICEDO OMAR": 2.0, "CLAUDIA LÓPEZ": 83.0, "GUSTAVO MATAMOROS CAMACHO": 1.0, "IVÁN CEPEDA CASTRO": 1412.0, "LUIS GILBERTO MURILLO URRUTIA": 2.0, "MIGUEL URIBE LONDOÑO": 6.0, "PALOMA VALENCIA LASERNA": 116.0, "RAÚL SANTIAGO BOTERO JARAMILLO": 20.0, "ROY LEONARDO BARRERAS MONTEALEGRE": 1.0, "SERGIO FAJARDO VALDERRAMA": 63.0, "SONDRA MACOLLINS GARVIN PINTO": 4.0, "ÓSCAR MAURICIO LIZCANO ARANGO": 2.0, "TOTAL_VOTOS": 2138.0, "GANADOR": "IVÁN CEPEDA CASTRO", "VOTOS_GANADOR": 1412.0, "PCT_GANADOR": 66.0 }, "geometry": { "type": "Point", "coordinates": [ -74.08281202, 4.53739402 ] } },
{ "type": "Feature", "properties": { "LOCALIDAD": "San Cristóbal", "DIRECCION": "CLL 70 Sur # 13 B - 27 Este", "SITIO": "Juan Rey", "NOMBRE": "Colegio Distrital Juan Rey - Sede A", "ABELARDO DE LA ESPRIELLA": 926.0, "CARLOS EDUARDO CAICEDO OMAR": 2.0, "CLAUDIA LÓPEZ": 193.0, "GUSTAVO MATAMOROS CAMACHO": 2.0, "IVÁN CEPEDA CASTRO": 2871.0, "LUIS GILBERTO MURILLO URRUTIA": 5.0, "MIGUEL URIBE LONDOÑO": 2.0, "PALOMA VALENCIA LASERNA": 271.0, "RAÚL SANTIAGO BOTERO JARAMILLO": 45.0, "ROY LEONARDO BARRERAS MONTEALEGRE": 1.0, "SERGIO FAJARDO VALDERRAMA": 124.0, "SONDRA MACOLLINS GARVIN PINTO": 7.0, "ÓSCAR MAURICIO LIZCANO ARANGO": 9.0, "TOTAL_VOTOS": 4458.0, "GANADOR": "IVÁN CEPEDA CASTRO", "VOTOS_GANADOR": 2871.0, "PCT_GANADOR": 64.4 }, "geometry": { "type": "Point", "coordinates": [ -74.0899558, 4.52243383 ] } },
{ "type": "Feature", "properties": { "LOCALIDAD": "Usme", "DIRECCION": "CRA 1 A Este # 72 - 60 Sur / CRA 12 # 72 - 60 Sur ", "SITIO": "Santa Librada", "NOMBRE": "Colegio Distrital Orlando Fals Borda", "ABELARDO DE LA ESPRIELLA": 2217.0, "CARLOS EDUARDO CAICEDO OMAR": 6.0, "CLAUDIA LÓPEZ": 260.0, "GUSTAVO MATAMOROS CAMACHO": 5.0, "IVÁN CEPEDA CASTRO": 4302.0, "LUIS GILBERTO MURILLO URRUTIA": 2.0, "MIGUEL URIBE LONDOÑO": 15.0, "PALOMA VALENCIA LASERNA": 518.0, "RAÚL SANTIAGO BOTERO JARAMILLO": 75.0, "ROY LEONARDO BARRERAS MONTEALEGRE": 2.0, "SERGIO FAJARDO VALDERRAMA": 246.0, "SONDRA MACOLLINS GARVIN PINTO": 3.0, "ÓSCAR MAURICIO LIZCANO ARANGO": 10.0, "TOTAL_VOTOS": 7661.0, "GANADOR": "IVÁN CEPEDA CASTRO", "VOTOS_GANADOR": 4302.0, "PCT_GANADOR": 56.2 }, "geometry": { "type": "Point", "coordinates": [ -74.11594454, 4.51935766 ] } },
{ "type": "Feature", "properties": { "LOCALIDAD": "Usme", "DIRECCION": "CLL 76 A Sur # 8 D - 59 Este / CLL 76 A Sur # 8 D - 25", "SITIO": "Almirante Padilla", "NOMBRE": "Colegio Distrital Almirante Padilla", "ABELARDO DE LA ESPRIELLA": 2030.0, "CARLOS EDUARDO CAICEDO OMAR": 4.0, "CLAUDIA LÓPEZ": 275.0, "GUSTAVO MATAMOROS CAMACHO": 3.0, "IVÁN CEPEDA CASTRO": 3874.0, "LUIS GILBERTO MURILLO URRUTIA": 12.0, "MIGUEL URIBE LONDOÑO": 10.0, "PALOMA VALENCIA LASERNA": 525.0, "RAÚL SANTIAGO BOTERO JARAMILLO": 68.0, "ROY LEONARDO BARRERAS MONTEALEGRE": 7.0, "SERGIO FAJARDO VALDERRAMA": 203.0, "SONDRA MACOLLINS GARVIN PINTO": 5.0, "ÓSCAR MAURICIO LIZCANO ARANGO": 42.0, "TOTAL_VOTOS": 7058.0, "GANADOR": "IVÁN CEPEDA CASTRO", "VOTOS_GANADOR": 3874.0, "PCT_GANADOR": 54.9 }, "geometry": { "type": "Point", "coordinates": [ -74.11190314, 4.51226625 ] } },
{ "type": "Feature", "properties": { "LOCALIDAD": "Usme", "DIRECCION": "CLL 102 A Sur # 5 - 06", "SITIO": "Usminia", "NOMBRE": "Colegio Distrital Usminia - Sede B", "ABELARDO DE LA ESPRIELLA": 906.0, "CARLOS EDUARDO CAICEDO OMAR": 2.0, "CLAUDIA LÓPEZ": 120.0, "GUSTAVO MATAMOROS CAMACHO": 1.0, "IVÁN CEPEDA CASTRO": 2128.0, "LUIS GILBERTO MURILLO URRUTIA": 9.0, "MIGUEL URIBE LONDOÑO": 5.0, "PALOMA VALENCIA LASERNA": 268.0, "RAÚL SANTIAGO BOTERO JARAMILLO": 35.0, "ROY LEONARDO BARRERAS MONTEALEGRE": 4.0, "SERGIO FAJARDO VALDERRAMA": 84.0, "SONDRA MACOLLINS GARVIN PINTO": 1.0, "ÓSCAR MAURICIO LIZCANO ARANGO": 10.0, "TOTAL_VOTOS": 3573.0, "GANADOR": "IVÁN CEPEDA CASTRO", "VOTOS_GANADOR": 2128.0, "PCT_GANADOR": 59.6 }, "geometry": { "type": "Point", "coordinates": [ -74.1144873, 4.49543866 ] } },
{ "type": "Feature", "properties": { "LOCALIDAD": "Usme", "DIRECCION": "CRA 14 B # 76 - 33 Sur", "SITIO": "Marichuela", "NOMBRE": "Colegio Distrital Miguel de Cervantes Saavedra - Sede A", "ABELARDO DE LA ESPRIELLA": 1682.0, "CARLOS EDUARDO CAICEDO OMAR": 2.0, "CLAUDIA LÓPEZ": 217.0, "GUSTAVO MATAMOROS CAMACHO": 1.0, "IVÁN CEPEDA CASTRO": 3340.0, "LUIS GILBERTO MURILLO URRUTIA": 7.0, "MIGUEL URIBE LONDOÑO": 6.0, "PALOMA VALENCIA LASERNA": 441.0, "RAÚL SANTIAGO BOTERO JARAMILLO": 45.0, "ROY LEONARDO BARRERAS MONTEALEGRE": 4.0, "SERGIO FAJARDO VALDERRAMA": 230.0, "SONDRA MACOLLINS GARVIN PINTO": 7.0, "ÓSCAR MAURICIO LIZCANO ARANGO": 16.0, "TOTAL_VOTOS": 5998.0, "GANADOR": "IVÁN CEPEDA CASTRO", "VOTOS_GANADOR": 3340.0, "PCT_GANADOR": 55.7 }, "geometry": { "type": "Point", "coordinates": [ -74.11698188, 4.5124141 ] } },
{ "type": "Feature", "properties": { "LOCALIDAD": "Usme", "DIRECCION": "CRA 14 B Este # 76 - 59 Sur /CRA 14 Este # 76 - 79 Sur", "SITIO": "La Flora", "NOMBRE": "Colegio Distrital Nueva Esperanza", "ABELARDO DE LA ESPRIELLA": 768.0, "CARLOS EDUARDO CAICEDO OMAR": 1.0, "CLAUDIA LÓPEZ": 134.0, "GUSTAVO MATAMOROS CAMACHO": 2.0, "IVÁN CEPEDA CASTRO": 2128.0, "LUIS GILBERTO MURILLO URRUTIA": 2.0, "MIGUEL URIBE LONDOÑO": 11.0, "PALOMA VALENCIA LASERNA": 217.0, "RAÚL SANTIAGO BOTERO JARAMILLO": 41.0, "ROY LEONARDO BARRERAS MONTEALEGRE": 4.0, "SERGIO FAJARDO VALDERRAMA": 97.0, "SONDRA MACOLLINS GARVIN PINTO": 5.0, "ÓSCAR MAURICIO LIZCANO ARANGO": 13.0, "TOTAL_VOTOS": 3423.0, "GANADOR": "IVÁN CEPEDA CASTRO", "VOTOS_GANADOR": 2128.0, "PCT_GANADOR": 62.2 }, "geometry": { "type": "Point", "coordinates": [ -74.09039198, 4.51356435 ] } },
{ "type": "Feature", "properties": { "LOCALIDAD": "Usme", "DIRECCION": "CLL 91 C Sur # 2 A - 49", "SITIO": "Los Comuneros", "NOMBRE": "Colegio Distrital Los Comuneros", "ABELARDO DE LA ESPRIELLA": 1457.0, "CARLOS EDUARDO CAICEDO OMAR": 3.0, "CLAUDIA LÓPEZ": 189.0, "GUSTAVO MATAMOROS CAMACHO": 2.0, "IVÁN CEPEDA CASTRO": 3131.0, "LUIS GILBERTO MURILLO URRUTIA": 9.0, "MIGUEL URIBE LONDOÑO": 5.0, "PALOMA VALENCIA LASERNA": 336.0, "RAÚL SANTIAGO BOTERO JARAMILLO": 64.0, "ROY LEONARDO BARRERAS MONTEALEGRE": 5.0, "SERGIO FAJARDO VALDERRAMA": 155.0, "SONDRA MACOLLINS GARVIN PINTO": 6.0, "ÓSCAR MAURICIO LIZCANO ARANGO": 14.0, "TOTAL_VOTOS": 5376.0, "GANADOR": "IVÁN CEPEDA CASTRO", "VOTOS_GANADOR": 3131.0, "PCT_GANADOR": 58.2 }, "geometry": { "type": "Point", "coordinates": [ -74.10874844, 4.49858795 ] } },
{ "type": "Feature", "properties": { "LOCALIDAD": "Usme", "DIRECCION": "CLL 56 A Sur # 3 A - 14", "SITIO": "El Danubio Azul", "NOMBRE": "Colegio Distrital  Fabio Lozano Simonelli - Sede B", "ABELARDO DE LA ESPRIELLA": 1245.0, "CARLOS EDUARDO CAICEDO OMAR": 1.0, "CLAUDIA LÓPEZ": 171.0, "GUSTAVO MATAMOROS CAMACHO": 2.0, "IVÁN CEPEDA CASTRO": 2155.0, "LUIS GILBERTO MURILLO URRUTIA": 3.0, "MIGUEL URIBE LONDOÑO": 6.0, "PALOMA VALENCIA LASERNA": 313.0, "RAÚL SANTIAGO BOTERO JARAMILLO": 47.0, "ROY LEONARDO BARRERAS MONTEALEGRE": 2.0, "SERGIO FAJARDO VALDERRAMA": 125.0, "SONDRA MACOLLINS GARVIN PINTO": 3.0, "ÓSCAR MAURICIO LIZCANO ARANGO": 13.0, "TOTAL_VOTOS": 4086.0, "GANADOR": "IVÁN CEPEDA CASTRO", "VOTOS_GANADOR": 2155.0, "PCT_GANADOR": 52.7 }, "geometry": { "type": "Point", "coordinates": [ -74.11502144, 4.53776572 ] } },
{ "type": "Feature", "properties": { "LOCALIDAD": "Usme", "DIRECCION": "CLL 73B Sur # 14C - 16", "SITIO": "La Fortaleza", "NOMBRE": "Colegio Distrital El Cortijo Vianey Sede B", "ABELARDO DE LA ESPRIELLA": 963.0, "CARLOS EDUARDO CAICEDO OMAR": 2.0, "CLAUDIA LÓPEZ": 92.0, "GUSTAVO MATAMOROS CAMACHO": 1.0, "IVÁN CEPEDA CASTRO": 2125.0, "LUIS GILBERTO MURILLO URRUTIA": 4.0, "MIGUEL URIBE LONDOÑO": 4.0, "PALOMA VALENCIA LASERNA": 186.0, "RAÚL SANTIAGO BOTERO JARAMILLO": 24.0, "ROY LEONARDO BARRERAS MONTEALEGRE": 1.0, "SERGIO FAJARDO VALDERRAMA": 123.0, "SONDRA MACOLLINS GARVIN PINTO": 3.0, "ÓSCAR MAURICIO LIZCANO ARANGO": 6.0, "TOTAL_VOTOS": 3534.0, "GANADOR": "IVÁN CEPEDA CASTRO", "VOTOS_GANADOR": 2125.0, "PCT_GANADOR": 60.1 }, "geometry": { "type": "Point", "coordinates": [ -74.11916044, 4.51783087 ] } },
{ "type": "Feature", "properties": { "LOCALIDAD": "Usme", "DIRECCION": "CLL 81 A Sur # 6 - 40 Este / TRV 1 Este # 85 - 86 Sur", "SITIO": "El Bosque", "NOMBRE": "Colegio Distrital Ofelia Uribe de Acosta", "ABELARDO DE LA ESPRIELLA": 1168.0, "CARLOS EDUARDO CAICEDO OMAR": 7.0, "CLAUDIA LÓPEZ": 161.0, "GUSTAVO MATAMOROS CAMACHO": 6.0, "IVÁN CEPEDA CASTRO": 2422.0, "LUIS GILBERTO MURILLO URRUTIA": 2.0, "MIGUEL URIBE LONDOÑO": 11.0, "PALOMA VALENCIA LASERNA": 286.0, "RAÚL SANTIAGO BOTERO JARAMILLO": 37.0, "ROY LEONARDO BARRERAS MONTEALEGRE": 7.0, "SERGIO FAJARDO VALDERRAMA": 140.0, "SONDRA MACOLLINS GARVIN PINTO": 4.0, "ÓSCAR MAURICIO LIZCANO ARANGO": 12.0, "TOTAL_VOTOS": 4263.0, "GANADOR": "IVÁN CEPEDA CASTRO", "VOTOS_GANADOR": 2422.0, "PCT_GANADOR": 56.8 }, "geometry": { "type": "Point", "coordinates": [ -74.10311554, 4.50601832 ] } },
{ "type": "Feature", "properties": { "LOCALIDAD": "Usme", "DIRECCION": "CLL 97 F Sur # 6 F - 08 Este / CLL 97 Sur # 6 F - 08 Este *", "SITIO": "Villa Hermosa", "NOMBRE": "Colegio Distrital Villa Hermosa", "ABELARDO DE LA ESPRIELLA": 1116.0, "CARLOS EDUARDO CAICEDO OMAR": 4.0, "CLAUDIA LÓPEZ": 157.0, "GUSTAVO MATAMOROS CAMACHO": 0.0, "IVÁN CEPEDA CASTRO": 2334.0, "LUIS GILBERTO MURILLO URRUTIA": 6.0, "MIGUEL URIBE LONDOÑO": 10.0, "PALOMA VALENCIA LASERNA": 315.0, "RAÚL SANTIAGO BOTERO JARAMILLO": 38.0, "ROY LEONARDO BARRERAS MONTEALEGRE": 4.0, "SERGIO FAJARDO VALDERRAMA": 116.0, "SONDRA MACOLLINS GARVIN PINTO": 5.0, "ÓSCAR MAURICIO LIZCANO ARANGO": 13.0, "TOTAL_VOTOS": 4118.0, "GANADOR": "IVÁN CEPEDA CASTRO", "VOTOS_GANADOR": 2334.0, "PCT_GANADOR": 56.7 }, "geometry": { "type": "Point", "coordinates": [ -74.10232048, 4.49398625 ] } },
{ "type": "Feature", "properties": { "LOCALIDAD": "Usme", "DIRECCION": "CLL 92 Sur # 14 D - 87", "SITIO": "Valles de Cafam", "NOMBRE": "Colegio Distrital Atabanzha", "ABELARDO DE LA ESPRIELLA": 1109.0, "CARLOS EDUARDO CAICEDO OMAR": 3.0, "CLAUDIA LÓPEZ": 132.0, "GUSTAVO MATAMOROS CAMACHO": 3.0, "IVÁN CEPEDA CASTRO": 3038.0, "LUIS GILBERTO MURILLO URRUTIA": 7.0, "MIGUEL URIBE LONDOÑO": 3.0, "PALOMA VALENCIA LASERNA": 281.0, "RAÚL SANTIAGO BOTERO JARAMILLO": 35.0, "ROY LEONARDO BARRERAS MONTEALEGRE": 3.0, "SERGIO FAJARDO VALDERRAMA": 213.0, "SONDRA MACOLLINS GARVIN PINTO": 5.0, "ÓSCAR MAURICIO LIZCANO ARANGO": 12.0, "TOTAL_VOTOS": 4844.0, "GANADOR": "IVÁN CEPEDA CASTRO", "VOTOS_GANADOR": 3038.0, "PCT_GANADOR": 62.7 }, "geometry": { "type": "Point", "coordinates": [ -74.11805942, 4.5076536 ] } },
{ "type": "Feature", "properties": { "LOCALIDAD": "Tunjuelito", "DIRECCION": "CRA 11 B # 52 - 53 Sur /CRA 12 # 52 - 60 Sur", "SITIO": "Tunjuelito A", "NOMBRE": "Colegio Distrital Rufino José de Cuervo - Sede A", "ABELARDO DE LA ESPRIELLA": 1638.0, "CARLOS EDUARDO CAICEDO OMAR": 4.0, "CLAUDIA LÓPEZ": 175.0, "GUSTAVO MATAMOROS CAMACHO": 0.0, "IVÁN CEPEDA CASTRO": 2468.0, "LUIS GILBERTO MURILLO URRUTIA": 6.0, "MIGUEL URIBE LONDOÑO": 10.0, "PALOMA VALENCIA LASERNA": 399.0, "RAÚL SANTIAGO BOTERO JARAMILLO": 42.0, "ROY LEONARDO BARRERAS MONTEALEGRE": 5.0, "SERGIO FAJARDO VALDERRAMA": 171.0, "SONDRA MACOLLINS GARVIN PINTO": 5.0, "ÓSCAR MAURICIO LIZCANO ARANGO": 12.0, "TOTAL_VOTOS": 4935.0, "GANADOR": "IVÁN CEPEDA CASTRO", "VOTOS_GANADOR": 2468.0, "PCT_GANADOR": 50.0 }, "geometry": { "type": "Point", "coordinates": [ -74.1247815, 4.55947267 ] } },
{ "type": "Feature", "properties": { "LOCALIDAD": "Tunjuelito", "DIRECCION": "CRA 35 # 51 B - 87 Sur ", "SITIO": "Fátima \\\"A\\\"", "NOMBRE": "Instituto Técnico Industrial Piloto - Sede A", "ABELARDO DE LA ESPRIELLA": 2248.0, "CARLOS EDUARDO CAICEDO OMAR": 2.0, "CLAUDIA LÓPEZ": 215.0, "GUSTAVO MATAMOROS CAMACHO": 1.0, "IVÁN CEPEDA CASTRO": 2901.0, "LUIS GILBERTO MURILLO URRUTIA": 2.0, "MIGUEL URIBE LONDOÑO": 8.0, "PALOMA VALENCIA LASERNA": 506.0, "RAÚL SANTIAGO BOTERO JARAMILLO": 37.0, "ROY LEONARDO BARRERAS MONTEALEGRE": 2.0, "SERGIO FAJARDO VALDERRAMA": 295.0, "SONDRA MACOLLINS GARVIN PINTO": 6.0, "ÓSCAR MAURICIO LIZCANO ARANGO": 14.0, "TOTAL_VOTOS": 6237.0, "GANADOR": "IVÁN CEPEDA CASTRO", "VOTOS_GANADOR": 2901.0, "PCT_GANADOR": 46.5 }, "geometry": { "type": "Point", "coordinates": [ -74.13798927, 4.58552198 ] } },
{ "type": "Feature", "properties": { "LOCALIDAD": "Tunjuelito", "DIRECCION": "CRA 8 # 53 A - 44 Sur", "SITIO": "Abraham Lincoln", "NOMBRE": "Colegio Distrital Cecilia de la Fuente Lleras - Sede B (Rufino José de Cuervo)", "ABELARDO DE LA ESPRIELLA": 742.0, "CARLOS EDUARDO CAICEDO OMAR": 5.0, "CLAUDIA LÓPEZ": 57.0, "GUSTAVO MATAMOROS CAMACHO": 0.0, "IVÁN CEPEDA CASTRO": 1022.0, "LUIS GILBERTO MURILLO URRUTIA": 4.0, "MIGUEL URIBE LONDOÑO": 3.0, "PALOMA VALENCIA LASERNA": 176.0, "RAÚL SANTIAGO BOTERO JARAMILLO": 14.0, "ROY LEONARDO BARRERAS MONTEALEGRE": 1.0, "SERGIO FAJARDO VALDERRAMA": 89.0, "SONDRA MACOLLINS GARVIN PINTO": 3.0, "ÓSCAR MAURICIO LIZCANO ARANGO": 5.0, "TOTAL_VOTOS": 2121.0, "GANADOR": "IVÁN CEPEDA CASTRO", "VOTOS_GANADOR": 1022.0, "PCT_GANADOR": 48.2 }, "geometry": { "type": "Point", "coordinates": [ -74.12380751, 4.55532442 ] } },
{ "type": "Feature", "properties": { "LOCALIDAD": "Tunjuelito", "DIRECCION": "CRA 19 # 50 A - 37 Sur", "SITIO": "San Carlos", "NOMBRE": "Colegio Distrital San Carlos - Sede B", "ABELARDO DE LA ESPRIELLA": 2417.0, "CARLOS EDUARDO CAICEDO OMAR": 2.0, "CLAUDIA LÓPEZ": 207.0, "GUSTAVO MATAMOROS CAMACHO": 2.0, "IVÁN CEPEDA CASTRO": 2909.0, "LUIS GILBERTO MURILLO URRUTIA": 2.0, "MIGUEL URIBE LONDOÑO": 14.0, "PALOMA VALENCIA LASERNA": 562.0, "RAÚL SANTIAGO BOTERO JARAMILLO": 49.0, "ROY LEONARDO BARRERAS MONTEALEGRE": 3.0, "SERGIO FAJARDO VALDERRAMA": 271.0, "SONDRA MACOLLINS GARVIN PINTO": 4.0, "ÓSCAR MAURICIO LIZCANO ARANGO": 8.0, "TOTAL_VOTOS": 6450.0, "GANADOR": "IVÁN CEPEDA CASTRO", "VOTOS_GANADOR": 2909.0, "PCT_GANADOR": 45.1 }, "geometry": { "type": "Point", "coordinates": [ -74.12815741, 4.56946039 ] } },
{ "type": "Feature", "properties": { "LOCALIDAD": "Tunjuelito", "DIRECCION": "CRA 18 # 56 A - 45 Sur", "SITIO": "San Benito", "NOMBRE": "Colegio Distrital José Antonio Ricaurte", "ABELARDO DE LA ESPRIELLA": 2150.0, "CARLOS EDUARDO CAICEDO OMAR": 2.0, "CLAUDIA LÓPEZ": 137.0, "GUSTAVO MATAMOROS CAMACHO": 0.0, "IVÁN CEPEDA CASTRO": 2378.0, "LUIS GILBERTO MURILLO URRUTIA": 7.0, "MIGUEL URIBE LONDOÑO": 10.0, "PALOMA VALENCIA LASERNA": 379.0, "RAÚL SANTIAGO BOTERO JARAMILLO": 34.0, "ROY LEONARDO BARRERAS MONTEALEGRE": 0.0, "SERGIO FAJARDO VALDERRAMA": 203.0, "SONDRA MACOLLINS GARVIN PINTO": 5.0, "ÓSCAR MAURICIO LIZCANO ARANGO": 10.0, "TOTAL_VOTOS": 5315.0, "GANADOR": "IVÁN CEPEDA CASTRO", "VOTOS_GANADOR": 2378.0, "PCT_GANADOR": 44.7 }, "geometry": { "type": "Point", "coordinates": [ -74.13237462, 4.56441495 ] } },
{ "type": "Feature", "properties": { "LOCALIDAD": "Tunjuelito", "DIRECCION": "CRA 24 # 49 - 86 Sur / CRA 24 # 48 C - 86 Sur", "SITIO": "El Tunal \\\"A\\\"", "NOMBRE": "Colegio Distrital Santiago Pérez - Sede A", "ABELARDO DE LA ESPRIELLA": 2190.0, "CARLOS EDUARDO CAICEDO OMAR": 0.0, "CLAUDIA LÓPEZ": 156.0, "GUSTAVO MATAMOROS CAMACHO": 1.0, "IVÁN CEPEDA CASTRO": 2882.0, "LUIS GILBERTO MURILLO URRUTIA": 1.0, "MIGUEL URIBE LONDOÑO": 10.0, "PALOMA VALENCIA LASERNA": 543.0, "RAÚL SANTIAGO BOTERO JARAMILLO": 32.0, "ROY LEONARDO BARRERAS MONTEALEGRE": 3.0, "SERGIO FAJARDO VALDERRAMA": 343.0, "SONDRA MACOLLINS GARVIN PINTO": 4.0, "ÓSCAR MAURICIO LIZCANO ARANGO": 13.0, "TOTAL_VOTOS": 6178.0, "GANADOR": "IVÁN CEPEDA CASTRO", "VOTOS_GANADOR": 2882.0, "PCT_GANADOR": 46.6 }, "geometry": { "type": "Point", "coordinates": [ -74.13192148, 4.57592314 ] } },
{ "type": "Feature", "properties": { "LOCALIDAD": "Tunjuelito", "DIRECCION": "CLL 48 B Sur # 28 - 75 /CRA 29 # 48 B - 36 Sur", "SITIO": "El Carmen Sur \\\"A\\\"", "NOMBRE": "Colegio Distrital Rafaél Uribe Uribe - Sede B", "ABELARDO DE LA ESPRIELLA": 1621.0, "CARLOS EDUARDO CAICEDO OMAR": 0.0, "CLAUDIA LÓPEZ": 165.0, "GUSTAVO MATAMOROS CAMACHO": 3.0, "IVÁN CEPEDA CASTRO": 2398.0, "LUIS GILBERTO MURILLO URRUTIA": 2.0, "MIGUEL URIBE LONDOÑO": 13.0, "PALOMA VALENCIA LASERNA": 393.0, "RAÚL SANTIAGO BOTERO JARAMILLO": 31.0, "ROY LEONARDO BARRERAS MONTEALEGRE": 1.0, "SERGIO FAJARDO VALDERRAMA": 200.0, "SONDRA MACOLLINS GARVIN PINTO": 6.0, "ÓSCAR MAURICIO LIZCANO ARANGO": 14.0, "TOTAL_VOTOS": 4847.0, "GANADOR": "IVÁN CEPEDA CASTRO", "VOTOS_GANADOR": 2398.0, "PCT_GANADOR": 49.5 }, "geometry": { "type": "Point", "coordinates": [ -74.13231082, 4.58299685 ] } },
{ "type": "Feature", "properties": { "LOCALIDAD": "Tunjuelito", "DIRECCION": "CRA 25 # 53 B - 32 Sur", "SITIO": "San Vicente Ferrer", "NOMBRE": "Colegio Distrital Ciudad de Bogotá - Sede A", "ABELARDO DE LA ESPRIELLA": 2126.0, "CARLOS EDUARDO CAICEDO OMAR": 2.0, "CLAUDIA LÓPEZ": 240.0, "GUSTAVO MATAMOROS CAMACHO": 2.0, "IVÁN CEPEDA CASTRO": 3244.0, "LUIS GILBERTO MURILLO URRUTIA": 3.0, "MIGUEL URIBE LONDOÑO": 8.0, "PALOMA VALENCIA LASERNA": 548.0, "RAÚL SANTIAGO BOTERO JARAMILLO": 33.0, "ROY LEONARDO BARRERAS MONTEALEGRE": 5.0, "SERGIO FAJARDO VALDERRAMA": 296.0, "SONDRA MACOLLINS GARVIN PINTO": 8.0, "ÓSCAR MAURICIO LIZCANO ARANGO": 11.0, "TOTAL_VOTOS": 6526.0, "GANADOR": "IVÁN CEPEDA CASTRO", "VOTOS_GANADOR": 3244.0, "PCT_GANADOR": 49.7 }, "geometry": { "type": "Point", "coordinates": [ -74.13827659, 4.57718576 ] } },
{ "type": "Feature", "properties": { "LOCALIDAD": "Tunjuelito", "DIRECCION": "CRA 55 # 49 - 25 Sur /CRA 55 # 49 - 55 Sur", "SITIO": "Venecia \\\"A\\\"", "NOMBRE": "Colegio Distrital Venecia - Sede A", "ABELARDO DE LA ESPRIELLA": 2791.0, "CARLOS EDUARDO CAICEDO OMAR": 2.0, "CLAUDIA LÓPEZ": 229.0, "GUSTAVO MATAMOROS CAMACHO": 0.0, "IVÁN CEPEDA CASTRO": 2862.0, "LUIS GILBERTO MURILLO URRUTIA": 6.0, "MIGUEL URIBE LONDOÑO": 8.0, "PALOMA VALENCIA LASERNA": 594.0, "RAÚL SANTIAGO BOTERO JARAMILLO": 46.0, "ROY LEONARDO BARRERAS MONTEALEGRE": 4.0, "SERGIO FAJARDO VALDERRAMA": 340.0, "SONDRA MACOLLINS GARVIN PINTO": 6.0, "ÓSCAR MAURICIO LIZCANO ARANGO": 11.0, "TOTAL_VOTOS": 6899.0, "GANADOR": "IVÁN CEPEDA CASTRO", "VOTOS_GANADOR": 2862.0, "PCT_GANADOR": 41.5 }, "geometry": { "type": "Point", "coordinates": [ -74.14358301, 4.59223243 ] } },
{ "type": "Feature", "properties": { "LOCALIDAD": "Tunjuelito", "DIRECCION": "CRA 59 # 52 A - 30 Sur /CRA 61 B # 52 A - 20 Sur", "SITIO": "Nuevo Muzu \\\"A\\\"", "NOMBRE": "Colegio Distrital Venecia - Sede B", "ABELARDO DE LA ESPRIELLA": 1162.0, "CARLOS EDUARDO CAICEDO OMAR": 3.0, "CLAUDIA LÓPEZ": 75.0, "GUSTAVO MATAMOROS CAMACHO": 0.0, "IVÁN CEPEDA CASTRO": 1121.0, "LUIS GILBERTO MURILLO URRUTIA": 0.0, "MIGUEL URIBE LONDOÑO": 1.0, "PALOMA VALENCIA LASERNA": 261.0, "RAÚL SANTIAGO BOTERO JARAMILLO": 10.0, "ROY LEONARDO BARRERAS MONTEALEGRE": 0.0, "SERGIO FAJARDO VALDERRAMA": 155.0, "SONDRA MACOLLINS GARVIN PINTO": 2.0, "ÓSCAR MAURICIO LIZCANO ARANGO": 7.0, "TOTAL_VOTOS": 2797.0, "GANADOR": "ABELARDO DE LA ESPRIELLA", "VOTOS_GANADOR": 1162.0, "PCT_GANADOR": 41.5 }, "geometry": { "type": "Point", "coordinates": [ -74.14759958, 4.58612315 ] } },
{ "type": "Feature", "properties": { "LOCALIDAD": "Tunjuelito", "DIRECCION": "CLL 67 B Sur # 63 - 19", "SITIO": "Isla del Sol", "NOMBRE": "Colegio Distrital Isla del Sol", "ABELARDO DE LA ESPRIELLA": 1545.0, "CARLOS EDUARDO CAICEDO OMAR": 2.0, "CLAUDIA LÓPEZ": 106.0, "GUSTAVO MATAMOROS CAMACHO": 1.0, "IVÁN CEPEDA CASTRO": 1781.0, "LUIS GILBERTO MURILLO URRUTIA": 2.0, "MIGUEL URIBE LONDOÑO": 5.0, "PALOMA VALENCIA LASERNA": 263.0, "RAÚL SANTIAGO BOTERO JARAMILLO": 42.0, "ROY LEONARDO BARRERAS MONTEALEGRE": 2.0, "SERGIO FAJARDO VALDERRAMA": 142.0, "SONDRA MACOLLINS GARVIN PINTO": 3.0, "ÓSCAR MAURICIO LIZCANO ARANGO": 5.0, "TOTAL_VOTOS": 3899.0, "GANADOR": "IVÁN CEPEDA CASTRO", "VOTOS_GANADOR": 1781.0, "PCT_GANADOR": 45.7 }, "geometry": { "type": "Point", "coordinates": [ -74.1525068, 4.58921138 ] } },
{ "type": "Feature", "properties": { "LOCALIDAD": "Tunjuelito", "DIRECCION": "DIAG 49 Sur # 48 - 71 / DIAG 49 Sur # 51 D - 05", "SITIO": "Venecia \\\"B\\\"", "NOMBRE": "Colegio Nuestra Señora de Fátima Policía Nacional", "ABELARDO DE LA ESPRIELLA": 871.0, "CARLOS EDUARDO CAICEDO OMAR": 1.0, "CLAUDIA LÓPEZ": 59.0, "GUSTAVO MATAMOROS CAMACHO": 0.0, "IVÁN CEPEDA CASTRO": 1016.0, "LUIS GILBERTO MURILLO URRUTIA": 0.0, "MIGUEL URIBE LONDOÑO": 2.0, "PALOMA VALENCIA LASERNA": 150.0, "RAÚL SANTIAGO BOTERO JARAMILLO": 20.0, "ROY LEONARDO BARRERAS MONTEALEGRE": 0.0, "SERGIO FAJARDO VALDERRAMA": 127.0, "SONDRA MACOLLINS GARVIN PINTO": 0.0, "ÓSCAR MAURICIO LIZCANO ARANGO": 4.0, "TOTAL_VOTOS": 2250.0, "GANADOR": "IVÁN CEPEDA CASTRO", "VOTOS_GANADOR": 1016.0, "PCT_GANADOR": 45.2 }, "geometry": { "type": "Point", "coordinates": [ -74.13480057, 4.59130994 ] } },
{ "type": "Feature", "properties": { "LOCALIDAD": "Bosa", "DIRECCION": "CLL 63 Sur # 81 A - 30", "SITIO": "Bosa", "NOMBRE": "Colegio Distrital Argelia", "ABELARDO DE LA ESPRIELLA": 3605.0, "CARLOS EDUARDO CAICEDO OMAR": 8.0, "CLAUDIA LÓPEZ": 383.0, "GUSTAVO MATAMOROS CAMACHO": 4.0, "IVÁN CEPEDA CASTRO": 6286.0, "LUIS GILBERTO MURILLO URRUTIA": 13.0, "MIGUEL URIBE LONDOÑO": 13.0, "PALOMA VALENCIA LASERNA": 794.0, "RAÚL SANTIAGO BOTERO JARAMILLO": 80.0, "ROY LEONARDO BARRERAS MONTEALEGRE": 4.0, "SERGIO FAJARDO VALDERRAMA": 470.0, "SONDRA MACOLLINS GARVIN PINTO": 8.0, "ÓSCAR MAURICIO LIZCANO ARANGO": 23.0, "TOTAL_VOTOS": 11691.0, "GANADOR": "IVÁN CEPEDA CASTRO", "VOTOS_GANADOR": 6286.0, "PCT_GANADOR": 53.8 }, "geometry": { "type": "Point", "coordinates": [ -74.18578013, 4.61158504 ] } },
{ "type": "Feature", "properties": { "LOCALIDAD": "Bosa", "DIRECCION": "CLL 55 A # 66 - 50 Sur", "SITIO": "Villa del Río", "NOMBRE": "Salón Comunal Villa del Río", "ABELARDO DE LA ESPRIELLA": 2246.0, "CARLOS EDUARDO CAICEDO OMAR": 1.0, "CLAUDIA LÓPEZ": 173.0, "GUSTAVO MATAMOROS CAMACHO": 0.0, "IVÁN CEPEDA CASTRO": 2469.0, "LUIS GILBERTO MURILLO URRUTIA": 5.0, "MIGUEL URIBE LONDOÑO": 4.0, "PALOMA VALENCIA LASERNA": 479.0, "RAÚL SANTIAGO BOTERO JARAMILLO": 29.0, "ROY LEONARDO BARRERAS MONTEALEGRE": 4.0, "SERGIO FAJARDO VALDERRAMA": 297.0, "SONDRA MACOLLINS GARVIN PINTO": 2.0, "ÓSCAR MAURICIO LIZCANO ARANGO": 9.0, "TOTAL_VOTOS": 5718.0, "GANADOR": "IVÁN CEPEDA CASTRO", "VOTOS_GANADOR": 2469.0, "PCT_GANADOR": 43.2 }, "geometry": { "type": "Point", "coordinates": [ -74.15738737, 4.60222542 ] } },
{ "type": "Feature", "properties": { "LOCALIDAD": "Bosa", "DIRECCION": "CLL 72 Sur # 79 D - 33 / CLL 72 B Sur # 79 D - 06", "SITIO": "Carlos Albán", "NOMBRE": "Colegio Distrital Carlos Albán Holguín - Sede A", "ABELARDO DE LA ESPRIELLA": 2819.0, "CARLOS EDUARDO CAICEDO OMAR": 5.0, "CLAUDIA LÓPEZ": 306.0, "GUSTAVO MATAMOROS CAMACHO": 1.0, "IVÁN CEPEDA CASTRO": 4087.0, "LUIS GILBERTO MURILLO URRUTIA": 4.0, "MIGUEL URIBE LONDOÑO": 13.0, "PALOMA VALENCIA LASERNA": 627.0, "RAÚL SANTIAGO BOTERO JARAMILLO": 61.0, "ROY LEONARDO BARRERAS MONTEALEGRE": 2.0, "SERGIO FAJARDO VALDERRAMA": 243.0, "SONDRA MACOLLINS GARVIN PINTO": 5.0, "ÓSCAR MAURICIO LIZCANO ARANGO": 23.0, "TOTAL_VOTOS": 8196.0, "GANADOR": "IVÁN CEPEDA CASTRO", "VOTOS_GANADOR": 4087.0, "PCT_GANADOR": 49.9 }, "geometry": { "type": "Point", "coordinates": [ -74.19756533, 4.60571473 ] } },
{ "type": "Feature", "properties": { "LOCALIDAD": "Bosa", "DIRECCION": "CRA 88 C # 66 A - 03 Sur", "SITIO": "La Libertad", "NOMBRE": "Colegio Distrital José Francisco Socarrás", "ABELARDO DE LA ESPRIELLA": 3939.0, "CARLOS EDUARDO CAICEDO OMAR": 6.0, "CLAUDIA LÓPEZ": 475.0, "GUSTAVO MATAMOROS CAMACHO": 5.0, "IVÁN CEPEDA CASTRO": 6144.0, "LUIS GILBERTO MURILLO URRUTIA": 14.0, "MIGUEL URIBE LONDOÑO": 24.0, "PALOMA VALENCIA LASERNA": 925.0, "RAÚL SANTIAGO BOTERO JARAMILLO": 95.0, "ROY LEONARDO BARRERAS MONTEALEGRE": 6.0, "SERGIO FAJARDO VALDERRAMA": 392.0, "SONDRA MACOLLINS GARVIN PINTO": 5.0, "ÓSCAR MAURICIO LIZCANO ARANGO": 24.0, "TOTAL_VOTOS": 12054.0, "GANADOR": "IVÁN CEPEDA CASTRO", "VOTOS_GANADOR": 6144.0, "PCT_GANADOR": 51.0 }, "geometry": { "type": "Point", "coordinates": [ -74.19449058, 4.62512538 ] } },
{ "type": "Feature", "properties": { "LOCALIDAD": "Bosa", "DIRECCION": "CLL 68 A Sur # 80 H - 05", "SITIO": "Piamonte", "NOMBRE": "Colegio Distrital Fernando Mazuera Villegas", "ABELARDO DE LA ESPRIELLA": 2631.0, "CARLOS EDUARDO CAICEDO OMAR": 6.0, "CLAUDIA LÓPEZ": 227.0, "GUSTAVO MATAMOROS CAMACHO": 3.0, "IVÁN CEPEDA CASTRO": 4316.0, "LUIS GILBERTO MURILLO URRUTIA": 6.0, "MIGUEL URIBE LONDOÑO": 6.0, "PALOMA VALENCIA LASERNA": 636.0, "RAÚL SANTIAGO BOTERO JARAMILLO": 87.0, "ROY LEONARDO BARRERAS MONTEALEGRE": 6.0, "SERGIO FAJARDO VALDERRAMA": 291.0, "SONDRA MACOLLINS GARVIN PINTO": 7.0, "ÓSCAR MAURICIO LIZCANO ARANGO": 21.0, "TOTAL_VOTOS": 8243.0, "GANADOR": "IVÁN CEPEDA CASTRO", "VOTOS_GANADOR": 4316.0, "PCT_GANADOR": 52.4 }, "geometry": { "type": "Point", "coordinates": [ -74.1907486, 4.60686832 ] } },
{ "type": "Feature", "properties": { "LOCALIDAD": "Bosa", "DIRECCION": "CRA 78 ENTRE CLL 60A Sur Y CLL 63 Sur", "SITIO": "La Estación", "NOMBRE": "La Estación", "ABELARDO DE LA ESPRIELLA": 1888.0, "CARLOS EDUARDO CAICEDO OMAR": 4.0, "CLAUDIA LÓPEZ": 188.0, "GUSTAVO MATAMOROS CAMACHO": 0.0, "IVÁN CEPEDA CASTRO": 3153.0, "LUIS GILBERTO MURILLO URRUTIA": 6.0, "MIGUEL URIBE LONDOÑO": 10.0, "PALOMA VALENCIA LASERNA": 453.0, "RAÚL SANTIAGO BOTERO JARAMILLO": 43.0, "ROY LEONARDO BARRERAS MONTEALEGRE": 4.0, "SERGIO FAJARDO VALDERRAMA": 221.0, "SONDRA MACOLLINS GARVIN PINTO": 5.0, "ÓSCAR MAURICIO LIZCANO ARANGO": 15.0, "TOTAL_VOTOS": 5990.0, "GANADOR": "IVÁN CEPEDA CASTRO", "VOTOS_GANADOR": 3153.0, "PCT_GANADOR": 52.6 }, "geometry": { "type": "Point", "coordinates": [ -74.18069717, 4.60131729 ] } },
{ "type": "Feature", "properties": { "LOCALIDAD": "Bosa", "DIRECCION": "CRA 80 K # 73 F - 29 Sur", "SITIO": "Laureles", "NOMBRE": "Colegio Distrital Gran Colombiano - Sede B", "ABELARDO DE LA ESPRIELLA": 1643.0, "CARLOS EDUARDO CAICEDO OMAR": 3.0, "CLAUDIA LÓPEZ": 195.0, "GUSTAVO MATAMOROS CAMACHO": 1.0, "IVÁN CEPEDA CASTRO": 3531.0, "LUIS GILBERTO MURILLO URRUTIA": 4.0, "MIGUEL URIBE LONDOÑO": 5.0, "PALOMA VALENCIA LASERNA": 362.0, "RAÚL SANTIAGO BOTERO JARAMILLO": 55.0, "ROY LEONARDO BARRERAS MONTEALEGRE": 2.0, "SERGIO FAJARDO VALDERRAMA": 241.0, "SONDRA MACOLLINS GARVIN PINTO": 2.0, "ÓSCAR MAURICIO LIZCANO ARANGO": 21.0, "TOTAL_VOTOS": 6065.0, "GANADOR": "IVÁN CEPEDA CASTRO", "VOTOS_GANADOR": 3531.0, "PCT_GANADOR": 58.2 }, "geometry": { "type": "Point", "coordinates": [ -74.20015506, 4.60905901 ] } },
{ "type": "Feature", "properties": { "LOCALIDAD": "Bosa", "DIRECCION": "CLL 70 A Sur # 81 G - 13", "SITIO": "Palestina", "NOMBRE": "Colegio Distrital Porfilio Barba Jacob", "ABELARDO DE LA ESPRIELLA": 1271.0, "CARLOS EDUARDO CAICEDO OMAR": 1.0, "CLAUDIA LÓPEZ": 132.0, "GUSTAVO MATAMOROS CAMACHO": 2.0, "IVÁN CEPEDA CASTRO": 2846.0, "LUIS GILBERTO MURILLO URRUTIA": 3.0, "MIGUEL URIBE LONDOÑO": 5.0, "PALOMA VALENCIA LASERNA": 302.0, "RAÚL SANTIAGO BOTERO JARAMILLO": 31.0, "ROY LEONARDO BARRERAS MONTEALEGRE": 1.0, "SERGIO FAJARDO VALDERRAMA": 210.0, "SONDRA MACOLLINS GARVIN PINTO": 5.0, "ÓSCAR MAURICIO LIZCANO ARANGO": 12.0, "TOTAL_VOTOS": 4821.0, "GANADOR": "IVÁN CEPEDA CASTRO", "VOTOS_GANADOR": 2846.0, "PCT_GANADOR": 59.0 }, "geometry": { "type": "Point", "coordinates": [ -74.1936458, 4.61187183 ] } },
{ "type": "Feature", "properties": { "LOCALIDAD": "Bosa", "DIRECCION": "CLL 57 Sur # 87 H - 03 / CLL 57 Sur # 87 G - 35", "SITIO": "Orlando Higuita", "NOMBRE": "Colegio Distrital Orlando Higuita Rojas", "ABELARDO DE LA ESPRIELLA": 2665.0, "CARLOS EDUARDO CAICEDO OMAR": 7.0, "CLAUDIA LÓPEZ": 279.0, "GUSTAVO MATAMOROS CAMACHO": 2.0, "IVÁN CEPEDA CASTRO": 3446.0, "LUIS GILBERTO MURILLO URRUTIA": 7.0, "MIGUEL URIBE LONDOÑO": 12.0, "PALOMA VALENCIA LASERNA": 624.0, "RAÚL SANTIAGO BOTERO JARAMILLO": 41.0, "ROY LEONARDO BARRERAS MONTEALEGRE": 6.0, "SERGIO FAJARDO VALDERRAMA": 245.0, "SONDRA MACOLLINS GARVIN PINTO": 3.0, "ÓSCAR MAURICIO LIZCANO ARANGO": 21.0, "TOTAL_VOTOS": 7358.0, "GANADOR": "IVÁN CEPEDA CASTRO", "VOTOS_GANADOR": 3446.0, "PCT_GANADOR": 46.8 }, "geometry": { "type": "Point", "coordinates": [ -74.18696812, 4.6254451 ] } },
{ "type": "Feature", "properties": { "LOCALIDAD": "Bosa", "DIRECCION": "CLL 71 Bis Sur # 77 I - 21", "SITIO": "Bosa Paulo VI", "NOMBRE": "Colegio Distrital Paulo de Tarso - Sede B", "ABELARDO DE LA ESPRIELLA": 1334.0, "CARLOS EDUARDO CAICEDO OMAR": 3.0, "CLAUDIA LÓPEZ": 134.0, "GUSTAVO MATAMOROS CAMACHO": 1.0, "IVÁN CEPEDA CASTRO": 2113.0, "LUIS GILBERTO MURILLO URRUTIA": 9.0, "MIGUEL URIBE LONDOÑO": 3.0, "PALOMA VALENCIA LASERNA": 290.0, "RAÚL SANTIAGO BOTERO JARAMILLO": 44.0, "ROY LEONARDO BARRERAS MONTEALEGRE": 2.0, "SERGIO FAJARDO VALDERRAMA": 140.0, "SONDRA MACOLLINS GARVIN PINTO": 3.0, "ÓSCAR MAURICIO LIZCANO ARANGO": 10.0, "TOTAL_VOTOS": 4086.0, "GANADOR": "IVÁN CEPEDA CASTRO", "VOTOS_GANADOR": 2113.0, "PCT_GANADOR": 51.7 }, "geometry": { "type": "Point", "coordinates": [ -74.19443339, 4.59935029 ] } },
{ "type": "Feature", "properties": { "LOCALIDAD": "Bosa", "DIRECCION": "CLL 52 A Sur # 87 D - 45", "SITIO": "Bosa Brasilia", "NOMBRE": "Colegio Distrital Brasilia", "ABELARDO DE LA ESPRIELLA": 2290.0, "CARLOS EDUARDO CAICEDO OMAR": 2.0, "CLAUDIA LÓPEZ": 241.0, "GUSTAVO MATAMOROS CAMACHO": 0.0, "IVÁN CEPEDA CASTRO": 3364.0, "LUIS GILBERTO MURILLO URRUTIA": 6.0, "MIGUEL URIBE LONDOÑO": 11.0, "PALOMA VALENCIA LASERNA": 591.0, "RAÚL SANTIAGO BOTERO JARAMILLO": 55.0, "ROY LEONARDO BARRERAS MONTEALEGRE": 4.0, "SERGIO FAJARDO VALDERRAMA": 295.0, "SONDRA MACOLLINS GARVIN PINTO": 8.0, "ÓSCAR MAURICIO LIZCANO ARANGO": 14.0, "TOTAL_VOTOS": 6881.0, "GANADOR": "IVÁN CEPEDA CASTRO", "VOTOS_GANADOR": 3364.0, "PCT_GANADOR": 48.9 }, "geometry": { "type": "Point", "coordinates": [ -74.18158177, 4.62795813 ] } },
{ "type": "Feature", "properties": { "LOCALIDAD": "Bosa", "DIRECCION": "CRA 86 # 74 - 00 Sur", "SITIO": "Islandia", "NOMBRE": "Colegio Distrital Alfonso Reyes EchandíaAlfonso Reyes Echandía", "ABELARDO DE LA ESPRIELLA": 1067.0, "CARLOS EDUARDO CAICEDO OMAR": 1.0, "CLAUDIA LÓPEZ": 109.0, "GUSTAVO MATAMOROS CAMACHO": 1.0, "IVÁN CEPEDA CASTRO": 2708.0, "LUIS GILBERTO MURILLO URRUTIA": 2.0, "MIGUEL URIBE LONDOÑO": 4.0, "PALOMA VALENCIA LASERNA": 243.0, "RAÚL SANTIAGO BOTERO JARAMILLO": 43.0, "ROY LEONARDO BARRERAS MONTEALEGRE": 0.0, "SERGIO FAJARDO VALDERRAMA": 168.0, "SONDRA MACOLLINS GARVIN PINTO": 4.0, "ÓSCAR MAURICIO LIZCANO ARANGO": 8.0, "TOTAL_VOTOS": 4358.0, "GANADOR": "IVÁN CEPEDA CASTRO", "VOTOS_GANADOR": 2708.0, "PCT_GANADOR": 62.1 }, "geometry": { "type": "Point", "coordinates": [ -74.20035773, 4.61616277 ] } },
{ "type": "Feature", "properties": { "LOCALIDAD": "Engativá", "DIRECCION": "DIAG 74 B # 87 - 40", "SITIO": "Florencia", "NOMBRE": "Colegio Distrital Nidia Quintero de Turbay - Sede B", "ABELARDO DE LA ESPRIELLA": 1168.0, "CARLOS EDUARDO CAICEDO OMAR": 0.0, "CLAUDIA LÓPEZ": 105.0, "GUSTAVO MATAMOROS CAMACHO": 0.0, "IVÁN CEPEDA CASTRO": 1097.0, "LUIS GILBERTO MURILLO URRUTIA": 5.0, "MIGUEL URIBE LONDOÑO": 3.0, "PALOMA VALENCIA LASERNA": 286.0, "RAÚL SANTIAGO BOTERO JARAMILLO": 12.0, "ROY LEONARDO BARRERAS MONTEALEGRE": 1.0, "SERGIO FAJARDO VALDERRAMA": 196.0, "SONDRA MACOLLINS GARVIN PINTO": 2.0, "ÓSCAR MAURICIO LIZCANO ARANGO": 5.0, "TOTAL_VOTOS": 2880.0, "GANADOR": "ABELARDO DE LA ESPRIELLA", "VOTOS_GANADOR": 1168.0, "PCT_GANADOR": 40.6 }, "geometry": { "type": "Point", "coordinates": [ -74.10526332, 4.69956811 ] } },
{ "type": "Feature", "properties": { "LOCALIDAD": "Rafael Uribe Uribe", "DIRECCION": "CLL 37 Sur # 23 - 51", "SITIO": "Central Quiroga", "NOMBRE": "Colegio Distrital Bravo Páez", "ABELARDO DE LA ESPRIELLA": 1084.0, "CARLOS EDUARDO CAICEDO OMAR": 2.0, "CLAUDIA LÓPEZ": 78.0, "GUSTAVO MATAMOROS CAMACHO": 2.0, "IVÁN CEPEDA CASTRO": 1525.0, "LUIS GILBERTO MURILLO URRUTIA": 2.0, "MIGUEL URIBE LONDOÑO": 4.0, "PALOMA VALENCIA LASERNA": 241.0, "RAÚL SANTIAGO BOTERO JARAMILLO": 61.0, "ROY LEONARDO BARRERAS MONTEALEGRE": 0.0, "SERGIO FAJARDO VALDERRAMA": 236.0, "SONDRA MACOLLINS GARVIN PINTO": 2.0, "ÓSCAR MAURICIO LIZCANO ARANGO": 8.0, "TOTAL_VOTOS": 3245.0, "GANADOR": "IVÁN CEPEDA CASTRO", "VOTOS_GANADOR": 1525.0, "PCT_GANADOR": 47.0 }, "geometry": { "type": "Point", "coordinates": [ -74.1190882, 4.57988502 ] } },
{ "type": "Feature", "properties": { "LOCALIDAD": "Rafael Uribe Uribe", "DIRECCION": "DIAG 32 B Sur # 15 C - 25 / DIAG 32 B Sur # 13 B - 17", "SITIO": "Las Colinas", "NOMBRE": "Colegio Distrital José Marti - Sede B", "ABELARDO DE LA ESPRIELLA": 645.0, "CARLOS EDUARDO CAICEDO OMAR": 1.0, "CLAUDIA LÓPEZ": 100.0, "GUSTAVO MATAMOROS CAMACHO": 0.0, "IVÁN CEPEDA CASTRO": 1444.0, "LUIS GILBERTO MURILLO URRUTIA": 6.0, "MIGUEL URIBE LONDOÑO": 6.0, "PALOMA VALENCIA LASERNA": 182.0, "RAÚL SANTIAGO BOTERO JARAMILLO": 27.0, "ROY LEONARDO BARRERAS MONTEALEGRE": 4.0, "SERGIO FAJARDO VALDERRAMA": 75.0, "SONDRA MACOLLINS GARVIN PINTO": 3.0, "ÓSCAR MAURICIO LIZCANO ARANGO": 10.0, "TOTAL_VOTOS": 2503.0, "GANADOR": "IVÁN CEPEDA CASTRO", "VOTOS_GANADOR": 1444.0, "PCT_GANADOR": 57.7 }, "geometry": { "type": "Point", "coordinates": [ -74.11286774, 4.57436931 ] } },
{ "type": "Feature", "properties": { "LOCALIDAD": "Rafael Uribe Uribe", "DIRECCION": "CRA 10 # 31 - 29 Sur", "SITIO": "Country Sur", "NOMBRE": "Colegio Distrital Enrique Olaya Herrera", "ABELARDO DE LA ESPRIELLA": 3273.0, "CARLOS EDUARDO CAICEDO OMAR": 7.0, "CLAUDIA LÓPEZ": 215.0, "GUSTAVO MATAMOROS CAMACHO": 2.0, "IVÁN CEPEDA CASTRO": 4302.0, "LUIS GILBERTO MURILLO URRUTIA": 7.0, "MIGUEL URIBE LONDOÑO": 7.0, "PALOMA VALENCIA LASERNA": 752.0, "RAÚL SANTIAGO BOTERO JARAMILLO": 40.0, "ROY LEONARDO BARRERAS MONTEALEGRE": 1.0, "SERGIO FAJARDO VALDERRAMA": 634.0, "SONDRA MACOLLINS GARVIN PINTO": 4.0, "ÓSCAR MAURICIO LIZCANO ARANGO": 10.0, "TOTAL_VOTOS": 9254.0, "GANADOR": "IVÁN CEPEDA CASTRO", "VOTOS_GANADOR": 4302.0, "PCT_GANADOR": 46.5 }, "geometry": { "type": "Point", "coordinates": [ -74.10245541, 4.56817299 ] } },
{ "type": "Feature", "properties": { "LOCALIDAD": "Engativá", "DIRECCION": "CLL 75 # 90 - 75", "SITIO": "Santa Rosita", "NOMBRE": "Colegio Distrital Nidia Quintero de Turbay - Sede A", "ABELARDO DE LA ESPRIELLA": 4934.0, "CARLOS EDUARDO CAICEDO OMAR": 5.0, "CLAUDIA LÓPEZ": 307.0, "GUSTAVO MATAMOROS CAMACHO": 2.0, "IVÁN CEPEDA CASTRO": 4102.0, "LUIS GILBERTO MURILLO URRUTIA": 5.0, "MIGUEL URIBE LONDOÑO": 11.0, "PALOMA VALENCIA LASERNA": 1035.0, "RAÚL SANTIAGO BOTERO JARAMILLO": 57.0, "ROY LEONARDO BARRERAS MONTEALEGRE": 8.0, "SERGIO FAJARDO VALDERRAMA": 869.0, "SONDRA MACOLLINS GARVIN PINTO": 5.0, "ÓSCAR MAURICIO LIZCANO ARANGO": 16.0, "TOTAL_VOTOS": 11356.0, "GANADOR": "ABELARDO DE LA ESPRIELLA", "VOTOS_GANADOR": 4934.0, "PCT_GANADOR": 43.4 }, "geometry": { "type": "Point", "coordinates": [ -74.10789106, 4.70172764 ] } },
{ "type": "Feature", "properties": { "LOCALIDAD": "Engativá", "DIRECCION": "CRA 92 # 82 - 20", "SITIO": "Quirigua", "NOMBRE": "Colegio Distrital República de China", "ABELARDO DE LA ESPRIELLA": 3255.0, "CARLOS EDUARDO CAICEDO OMAR": 6.0, "CLAUDIA LÓPEZ": 247.0, "GUSTAVO MATAMOROS CAMACHO": 2.0, "IVÁN CEPEDA CASTRO": 2769.0, "LUIS GILBERTO MURILLO URRUTIA": 8.0, "MIGUEL URIBE LONDOÑO": 9.0, "PALOMA VALENCIA LASERNA": 761.0, "RAÚL SANTIAGO BOTERO JARAMILLO": 20.0, "ROY LEONARDO BARRERAS MONTEALEGRE": 4.0, "SERGIO FAJARDO VALDERRAMA": 407.0, "SONDRA MACOLLINS GARVIN PINTO": 4.0, "ÓSCAR MAURICIO LIZCANO ARANGO": 24.0, "TOTAL_VOTOS": 7516.0, "GANADOR": "ABELARDO DE LA ESPRIELLA", "VOTOS_GANADOR": 3255.0, "PCT_GANADOR": 43.3 }, "geometry": { "type": "Point", "coordinates": [ -74.10385844, 4.70761207 ] } },
{ "type": "Feature", "properties": { "LOCALIDAD": "Engativá", "DIRECCION": "CRA 82 A # 82 D - 34 / CRA 82 A # 82 D - 40", "SITIO": "La Española", "NOMBRE": "Colegio Distrital Jorge Gaitán Cortés - Sede A", "ABELARDO DE LA ESPRIELLA": 1674.0, "CARLOS EDUARDO CAICEDO OMAR": 2.0, "CLAUDIA LÓPEZ": 118.0, "GUSTAVO MATAMOROS CAMACHO": 1.0, "IVÁN CEPEDA CASTRO": 1352.0, "LUIS GILBERTO MURILLO URRUTIA": 3.0, "MIGUEL URIBE LONDOÑO": 2.0, "PALOMA VALENCIA LASERNA": 428.0, "RAÚL SANTIAGO BOTERO JARAMILLO": 10.0, "ROY LEONARDO BARRERAS MONTEALEGRE": 2.0, "SERGIO FAJARDO VALDERRAMA": 299.0, "SONDRA MACOLLINS GARVIN PINTO": 2.0, "ÓSCAR MAURICIO LIZCANO ARANGO": 7.0, "TOTAL_VOTOS": 3900.0, "GANADOR": "ABELARDO DE LA ESPRIELLA", "VOTOS_GANADOR": 1674.0, "PCT_GANADOR": 42.9 }, "geometry": { "type": "Point", "coordinates": [ -74.09653855, 4.70337586 ] } },
{ "type": "Feature", "properties": { "LOCALIDAD": "Engativá", "DIRECCION": "TRV 74 # 81 C - 05", "SITIO": "Minuto de Dios", "NOMBRE": "Colegio Minuto de Dios", "ABELARDO DE LA ESPRIELLA": 3182.0, "CARLOS EDUARDO CAICEDO OMAR": 0.0, "CLAUDIA LÓPEZ": 197.0, "GUSTAVO MATAMOROS CAMACHO": 1.0, "IVÁN CEPEDA CASTRO": 2150.0, "LUIS GILBERTO MURILLO URRUTIA": 3.0, "MIGUEL URIBE LONDOÑO": 3.0, "PALOMA VALENCIA LASERNA": 858.0, "RAÚL SANTIAGO BOTERO JARAMILLO": 20.0, "ROY LEONARDO BARRERAS MONTEALEGRE": 3.0, "SERGIO FAJARDO VALDERRAMA": 511.0, "SONDRA MACOLLINS GARVIN PINTO": 4.0, "ÓSCAR MAURICIO LIZCANO ARANGO": 6.0, "TOTAL_VOTOS": 6938.0, "GANADOR": "ABELARDO DE LA ESPRIELLA", "VOTOS_GANADOR": 3182.0, "PCT_GANADOR": 45.9 }, "geometry": { "type": "Point", "coordinates": [ -74.09033768, 4.69812925 ] } },
{ "type": "Feature", "properties": { "LOCALIDAD": "Engativá", "DIRECCION": "CRA 85 # 88 - 99 / CRA 85 # 88 - 91", "SITIO": "La Serena", "NOMBRE": "Colegio Distrital Simón Bolívar - Sede B", "ABELARDO DE LA ESPRIELLA": 1542.0, "CARLOS EDUARDO CAICEDO OMAR": 0.0, "CLAUDIA LÓPEZ": 126.0, "GUSTAVO MATAMOROS CAMACHO": 1.0, "IVÁN CEPEDA CASTRO": 1114.0, "LUIS GILBERTO MURILLO URRUTIA": 2.0, "MIGUEL URIBE LONDOÑO": 2.0, "PALOMA VALENCIA LASERNA": 347.0, "RAÚL SANTIAGO BOTERO JARAMILLO": 8.0, "ROY LEONARDO BARRERAS MONTEALEGRE": 2.0, "SERGIO FAJARDO VALDERRAMA": 219.0, "SONDRA MACOLLINS GARVIN PINTO": 3.0, "ÓSCAR MAURICIO LIZCANO ARANGO": 6.0, "TOTAL_VOTOS": 3372.0, "GANADOR": "ABELARDO DE LA ESPRIELLA", "VOTOS_GANADOR": 1542.0, "PCT_GANADOR": 45.7 }, "geometry": { "type": "Point", "coordinates": [ -74.09499903, 4.70863188 ] } },
{ "type": "Feature", "properties": { "LOCALIDAD": "Engativá", "DIRECCION": "CLL 90 A # 95 D - 56", "SITIO": "Bachue", "NOMBRE": "Colegio Técnico Distrital Laureano Gómez - Sede B", "ABELARDO DE LA ESPRIELLA": 3413.0, "CARLOS EDUARDO CAICEDO OMAR": 2.0, "CLAUDIA LÓPEZ": 342.0, "GUSTAVO MATAMOROS CAMACHO": 1.0, "IVÁN CEPEDA CASTRO": 4981.0, "LUIS GILBERTO MURILLO URRUTIA": 6.0, "MIGUEL URIBE LONDOÑO": 6.0, "PALOMA VALENCIA LASERNA": 851.0, "RAÚL SANTIAGO BOTERO JARAMILLO": 71.0, "ROY LEONARDO BARRERAS MONTEALEGRE": 4.0, "SERGIO FAJARDO VALDERRAMA": 709.0, "SONDRA MACOLLINS GARVIN PINTO": 6.0, "ÓSCAR MAURICIO LIZCANO ARANGO": 24.0, "TOTAL_VOTOS": 10416.0, "GANADOR": "IVÁN CEPEDA CASTRO", "VOTOS_GANADOR": 4981.0, "PCT_GANADOR": 47.8 }, "geometry": { "type": "Point", "coordinates": [ -74.10182823, 4.71863563 ] } },
{ "type": "Feature", "properties": { "LOCALIDAD": "Engativá", "DIRECCION": "CLL 83 # 95 D - 04", "SITIO": "Bachue II - Bochica I", "NOMBRE": "Sede Social Edificio Comunal Bochica 1", "ABELARDO DE LA ESPRIELLA": 1933.0, "CARLOS EDUARDO CAICEDO OMAR": 2.0, "CLAUDIA LÓPEZ": 140.0, "GUSTAVO MATAMOROS CAMACHO": 0.0, "IVÁN CEPEDA CASTRO": 1868.0, "LUIS GILBERTO MURILLO URRUTIA": 6.0, "MIGUEL URIBE LONDOÑO": 7.0, "PALOMA VALENCIA LASERNA": 451.0, "RAÚL SANTIAGO BOTERO JARAMILLO": 14.0, "ROY LEONARDO BARRERAS MONTEALEGRE": 0.0, "SERGIO FAJARDO VALDERRAMA": 323.0, "SONDRA MACOLLINS GARVIN PINTO": 7.0, "ÓSCAR MAURICIO LIZCANO ARANGO": 8.0, "TOTAL_VOTOS": 4759.0, "GANADOR": "ABELARDO DE LA ESPRIELLA", "VOTOS_GANADOR": 1933.0, "PCT_GANADOR": 40.6 }, "geometry": { "type": "Point", "coordinates": [ -74.10589613, 4.71239578 ] } },
{ "type": "Feature", "properties": { "LOCALIDAD": "Engativá", "DIRECCION": "CLL 65 # 112 A - 39", "SITIO": "Villa Gladys", "NOMBRE": "Colegio Distrital Antonio Villavicencio - Sede A", "ABELARDO DE LA ESPRIELLA": 2168.0, "CARLOS EDUARDO CAICEDO OMAR": 2.0, "CLAUDIA LÓPEZ": 200.0, "GUSTAVO MATAMOROS CAMACHO": 4.0, "IVÁN CEPEDA CASTRO": 2395.0, "LUIS GILBERTO MURILLO URRUTIA": 1.0, "MIGUEL URIBE LONDOÑO": 10.0, "PALOMA VALENCIA LASERNA": 470.0, "RAÚL SANTIAGO BOTERO JARAMILLO": 33.0, "ROY LEONARDO BARRERAS MONTEALEGRE": 2.0, "SERGIO FAJARDO VALDERRAMA": 281.0, "SONDRA MACOLLINS GARVIN PINTO": 6.0, "ÓSCAR MAURICIO LIZCANO ARANGO": 13.0, "TOTAL_VOTOS": 5585.0, "GANADOR": "IVÁN CEPEDA CASTRO", "VOTOS_GANADOR": 2395.0, "PCT_GANADOR": 42.9 }, "geometry": { "type": "Point", "coordinates": [ -74.13430698, 4.70506745 ] } },
{ "type": "Feature", "properties": { "LOCALIDAD": "Engativá", "DIRECCION": "CRA 116 # 80 A - 69 /CLL 80 A # 116 B - 10", "SITIO": "Cortijo", "NOMBRE": "Parqueadero Supermanzana D - Portería 1", "ABELARDO DE LA ESPRIELLA": 4259.0, "CARLOS EDUARDO CAICEDO OMAR": 0.0, "CLAUDIA LÓPEZ": 234.0, "GUSTAVO MATAMOROS CAMACHO": 1.0, "IVÁN CEPEDA CASTRO": 2728.0, "LUIS GILBERTO MURILLO URRUTIA": 2.0, "MIGUEL URIBE LONDOÑO": 6.0, "PALOMA VALENCIA LASERNA": 1167.0, "RAÚL SANTIAGO BOTERO JARAMILLO": 13.0, "ROY LEONARDO BARRERAS MONTEALEGRE": 0.0, "SERGIO FAJARDO VALDERRAMA": 813.0, "SONDRA MACOLLINS GARVIN PINTO": 1.0, "ÓSCAR MAURICIO LIZCANO ARANGO": 11.0, "TOTAL_VOTOS": 9235.0, "GANADOR": "ABELARDO DE LA ESPRIELLA", "VOTOS_GANADOR": 4259.0, "PCT_GANADOR": 46.1 }, "geometry": { "type": "Point", "coordinates": [ -74.12238074, 4.7256716 ] } },
{ "type": "Feature", "properties": { "LOCALIDAD": "Engativá", "DIRECCION": "CRA 77 A # 67 - 17", "SITIO": "San Marcos", "NOMBRE": "Colegio Distrital Antonio Nariño - Sede A", "ABELARDO DE LA ESPRIELLA": 3193.0, "CARLOS EDUARDO CAICEDO OMAR": 2.0, "CLAUDIA LÓPEZ": 237.0, "GUSTAVO MATAMOROS CAMACHO": 4.0, "IVÁN CEPEDA CASTRO": 2853.0, "LUIS GILBERTO MURILLO URRUTIA": 7.0, "MIGUEL URIBE LONDOÑO": 10.0, "PALOMA VALENCIA LASERNA": 719.0, "RAÚL SANTIAGO BOTERO JARAMILLO": 29.0, "ROY LEONARDO BARRERAS MONTEALEGRE": 3.0, "SERGIO FAJARDO VALDERRAMA": 494.0, "SONDRA MACOLLINS GARVIN PINTO": 3.0, "ÓSCAR MAURICIO LIZCANO ARANGO": 16.0, "TOTAL_VOTOS": 7570.0, "GANADOR": "ABELARDO DE LA ESPRIELLA", "VOTOS_GANADOR": 3193.0, "PCT_GANADOR": 42.2 }, "geometry": { "type": "Point", "coordinates": [ -74.10397213, 4.68596151 ] } },
{ "type": "Feature", "properties": { "LOCALIDAD": "Engativá", "DIRECCION": "TRV 76 B # 51 A - 57 /CRA 75 # 51 A - 69", "SITIO": "San Ignacio", "NOMBRE": "Colegio Distrital Marco Tulio Fernández - Sede D", "ABELARDO DE LA ESPRIELLA": 821.0, "CARLOS EDUARDO CAICEDO OMAR": 1.0, "CLAUDIA LÓPEZ": 40.0, "GUSTAVO MATAMOROS CAMACHO": 0.0, "IVÁN CEPEDA CASTRO": 473.0, "LUIS GILBERTO MURILLO URRUTIA": 1.0, "MIGUEL URIBE LONDOÑO": 5.0, "PALOMA VALENCIA LASERNA": 167.0, "RAÚL SANTIAGO BOTERO JARAMILLO": 3.0, "ROY LEONARDO BARRERAS MONTEALEGRE": 2.0, "SERGIO FAJARDO VALDERRAMA": 96.0, "SONDRA MACOLLINS GARVIN PINTO": 1.0, "ÓSCAR MAURICIO LIZCANO ARANGO": 2.0, "TOTAL_VOTOS": 1612.0, "GANADOR": "ABELARDO DE LA ESPRIELLA", "VOTOS_GANADOR": 821.0, "PCT_GANADOR": 50.9 }, "geometry": { "type": "Point", "coordinates": [ -74.11170781, 4.67393804 ] } },
{ "type": "Feature", "properties": { "LOCALIDAD": "Engativá", "DIRECCION": "CRA 77 B # 74 A - 02 / CRA 77 B # 74 - 02", "SITIO": "Tabora", "NOMBRE": "Colegio Distrital Tabora - Sede A", "ABELARDO DE LA ESPRIELLA": 3261.0, "CARLOS EDUARDO CAICEDO OMAR": 5.0, "CLAUDIA LÓPEZ": 222.0, "GUSTAVO MATAMOROS CAMACHO": 3.0, "IVÁN CEPEDA CASTRO": 3197.0, "LUIS GILBERTO MURILLO URRUTIA": 2.0, "MIGUEL URIBE LONDOÑO": 8.0, "PALOMA VALENCIA LASERNA": 804.0, "RAÚL SANTIAGO BOTERO JARAMILLO": 38.0, "ROY LEONARDO BARRERAS MONTEALEGRE": 2.0, "SERGIO FAJARDO VALDERRAMA": 636.0, "SONDRA MACOLLINS GARVIN PINTO": 4.0, "ÓSCAR MAURICIO LIZCANO ARANGO": 16.0, "TOTAL_VOTOS": 8198.0, "GANADOR": "ABELARDO DE LA ESPRIELLA", "VOTOS_GANADOR": 3261.0, "PCT_GANADOR": 39.8 }, "geometry": { "type": "Point", "coordinates": [ -74.09808773, 4.69378944 ] } },
{ "type": "Feature", "properties": { "LOCALIDAD": "Engativá", "DIRECCION": "TRV 87 A # 83 A - 48", "SITIO": "Los Cerezos", "NOMBRE": "Polideportivo", "ABELARDO DE LA ESPRIELLA": 1306.0, "CARLOS EDUARDO CAICEDO OMAR": 2.0, "CLAUDIA LÓPEZ": 100.0, "GUSTAVO MATAMOROS CAMACHO": 4.0, "IVÁN CEPEDA CASTRO": 1515.0, "LUIS GILBERTO MURILLO URRUTIA": 3.0, "MIGUEL URIBE LONDOÑO": 6.0, "PALOMA VALENCIA LASERNA": 331.0, "RAÚL SANTIAGO BOTERO JARAMILLO": 9.0, "ROY LEONARDO BARRERAS MONTEALEGRE": 1.0, "SERGIO FAJARDO VALDERRAMA": 197.0, "SONDRA MACOLLINS GARVIN PINTO": 3.0, "ÓSCAR MAURICIO LIZCANO ARANGO": 7.0, "TOTAL_VOTOS": 3484.0, "GANADOR": "IVÁN CEPEDA CASTRO", "VOTOS_GANADOR": 1515.0, "PCT_GANADOR": 43.5 }, "geometry": { "type": "Point", "coordinates": [ -74.10015044, 4.70639036 ] } },
{ "type": "Feature", "properties": { "LOCALIDAD": "Engativá", "DIRECCION": "CLL 83 # 110 - 58", "SITIO": "Ciudadela Colsubsidio", "NOMBRE": "Colegio Centro Educativo Integral Colsubsidio", "ABELARDO DE LA ESPRIELLA": 4800.0, "CARLOS EDUARDO CAICEDO OMAR": 0.0, "CLAUDIA LÓPEZ": 287.0, "GUSTAVO MATAMOROS CAMACHO": 2.0, "IVÁN CEPEDA CASTRO": 3352.0, "LUIS GILBERTO MURILLO URRUTIA": 6.0, "MIGUEL URIBE LONDOÑO": 8.0, "PALOMA VALENCIA LASERNA": 1261.0, "RAÚL SANTIAGO BOTERO JARAMILLO": 24.0, "ROY LEONARDO BARRERAS MONTEALEGRE": 4.0, "SERGIO FAJARDO VALDERRAMA": 855.0, "SONDRA MACOLLINS GARVIN PINTO": 1.0, "ÓSCAR MAURICIO LIZCANO ARANGO": 22.0, "TOTAL_VOTOS": 10622.0, "GANADOR": "ABELARDO DE LA ESPRIELLA", "VOTOS_GANADOR": 4800.0, "PCT_GANADOR": 45.2 }, "geometry": { "type": "Point", "coordinates": [ -74.11391557, 4.72081141 ] } },
{ "type": "Feature", "properties": { "LOCALIDAD": "Engativá", "DIRECCION": "CRA 69 B # 79 A - 42", "SITIO": "Ferias II", "NOMBRE": "Colegio Distrital Juán del Corral - Sede A", "ABELARDO DE LA ESPRIELLA": 1886.0, "CARLOS EDUARDO CAICEDO OMAR": 2.0, "CLAUDIA LÓPEZ": 106.0, "GUSTAVO MATAMOROS CAMACHO": 0.0, "IVÁN CEPEDA CASTRO": 2046.0, "LUIS GILBERTO MURILLO URRUTIA": 0.0, "MIGUEL URIBE LONDOÑO": 2.0, "PALOMA VALENCIA LASERNA": 461.0, "RAÚL SANTIAGO BOTERO JARAMILLO": 26.0, "ROY LEONARDO BARRERAS MONTEALEGRE": 1.0, "SERGIO FAJARDO VALDERRAMA": 400.0, "SONDRA MACOLLINS GARVIN PINTO": 4.0, "ÓSCAR MAURICIO LIZCANO ARANGO": 5.0, "TOTAL_VOTOS": 4939.0, "GANADOR": "IVÁN CEPEDA CASTRO", "VOTOS_GANADOR": 2046.0, "PCT_GANADOR": 41.4 }, "geometry": { "type": "Point", "coordinates": [ -74.08190081, 4.68696149 ] } },
{ "type": "Feature", "properties": { "LOCALIDAD": "Engativá", "DIRECCION": "CRA 105 D # 66 A - 15 /CRA 105 F # 66 - 33", "SITIO": "El Muelle", "NOMBRE": "Colegio Colsubsidio Las Mercedes", "ABELARDO DE LA ESPRIELLA": 3949.0, "CARLOS EDUARDO CAICEDO OMAR": 5.0, "CLAUDIA LÓPEZ": 283.0, "GUSTAVO MATAMOROS CAMACHO": 2.0, "IVÁN CEPEDA CASTRO": 4580.0, "LUIS GILBERTO MURILLO URRUTIA": 4.0, "MIGUEL URIBE LONDOÑO": 12.0, "PALOMA VALENCIA LASERNA": 798.0, "RAÚL SANTIAGO BOTERO JARAMILLO": 70.0, "ROY LEONARDO BARRERAS MONTEALEGRE": 3.0, "SERGIO FAJARDO VALDERRAMA": 590.0, "SONDRA MACOLLINS GARVIN PINTO": 6.0, "ÓSCAR MAURICIO LIZCANO ARANGO": 26.0, "TOTAL_VOTOS": 10328.0, "GANADOR": "IVÁN CEPEDA CASTRO", "VOTOS_GANADOR": 4580.0, "PCT_GANADOR": 44.3 }, "geometry": { "type": "Point", "coordinates": [ -74.12521384, 4.70028914 ] } },
{ "type": "Feature", "properties": { "LOCALIDAD": "Engativá", "DIRECCION": "CLL 63 B # 71 A - 16", "SITIO": "La Cabaña", "NOMBRE": "Colegio Distrital Marco Tulio Fernández - Sede A", "ABELARDO DE LA ESPRIELLA": 1405.0, "CARLOS EDUARDO CAICEDO OMAR": 0.0, "CLAUDIA LÓPEZ": 101.0, "GUSTAVO MATAMOROS CAMACHO": 0.0, "IVÁN CEPEDA CASTRO": 1431.0, "LUIS GILBERTO MURILLO URRUTIA": 3.0, "MIGUEL URIBE LONDOÑO": 6.0, "PALOMA VALENCIA LASERNA": 335.0, "RAÚL SANTIAGO BOTERO JARAMILLO": 12.0, "ROY LEONARDO BARRERAS MONTEALEGRE": 7.0, "SERGIO FAJARDO VALDERRAMA": 261.0, "SONDRA MACOLLINS GARVIN PINTO": 3.0, "ÓSCAR MAURICIO LIZCANO ARANGO": 4.0, "TOTAL_VOTOS": 3568.0, "GANADOR": "IVÁN CEPEDA CASTRO", "VOTOS_GANADOR": 1431.0, "PCT_GANADOR": 40.1 }, "geometry": { "type": "Point", "coordinates": [ -74.10219663, 4.67429616 ] } },
{ "type": "Feature", "properties": { "LOCALIDAD": "Engativá", "DIRECCION": "CLL 52 A Bis # 78 - 35 /TRV 85 # 52 A - 70", "SITIO": "Santa Cecilia", "NOMBRE": "Salón Comunal", "ABELARDO DE LA ESPRIELLA": 1010.0, "CARLOS EDUARDO CAICEDO OMAR": 0.0, "CLAUDIA LÓPEZ": 55.0, "GUSTAVO MATAMOROS CAMACHO": 0.0, "IVÁN CEPEDA CASTRO": 564.0, "LUIS GILBERTO MURILLO URRUTIA": 1.0, "MIGUEL URIBE LONDOÑO": 0.0, "PALOMA VALENCIA LASERNA": 289.0, "RAÚL SANTIAGO BOTERO JARAMILLO": 2.0, "ROY LEONARDO BARRERAS MONTEALEGRE": 0.0, "SERGIO FAJARDO VALDERRAMA": 115.0, "SONDRA MACOLLINS GARVIN PINTO": 0.0, "ÓSCAR MAURICIO LIZCANO ARANGO": 2.0, "TOTAL_VOTOS": 2038.0, "GANADOR": "ABELARDO DE LA ESPRIELLA", "VOTOS_GANADOR": 1010.0, "PCT_GANADOR": 49.6 }, "geometry": { "type": "Point", "coordinates": [ -74.11305605, 4.67724862 ] } },
{ "type": "Feature", "properties": { "LOCALIDAD": "Engativá", "DIRECCION": "CRA 110 B # 71 C - 45 /CLL 71 C # 110 B - 21", "SITIO": "Villa Amalia", "NOMBRE": "Colegio Distrital Villa Amalia", "ABELARDO DE LA ESPRIELLA": 2930.0, "CARLOS EDUARDO CAICEDO OMAR": 1.0, "CLAUDIA LÓPEZ": 228.0, "GUSTAVO MATAMOROS CAMACHO": 1.0, "IVÁN CEPEDA CASTRO": 3077.0, "LUIS GILBERTO MURILLO URRUTIA": 9.0, "MIGUEL URIBE LONDOÑO": 9.0, "PALOMA VALENCIA LASERNA": 664.0, "RAÚL SANTIAGO BOTERO JARAMILLO": 36.0, "ROY LEONARDO BARRERAS MONTEALEGRE": 4.0, "SERGIO FAJARDO VALDERRAMA": 479.0, "SONDRA MACOLLINS GARVIN PINTO": 5.0, "ÓSCAR MAURICIO LIZCANO ARANGO": 20.0, "TOTAL_VOTOS": 7463.0, "GANADOR": "IVÁN CEPEDA CASTRO", "VOTOS_GANADOR": 3077.0, "PCT_GANADOR": 41.2 }, "geometry": { "type": "Point", "coordinates": [ -74.12630135, 4.71059849 ] } },
{ "type": "Feature", "properties": { "LOCALIDAD": "Engativá", "DIRECCION": "CRA 92 # 89 - 79 /CLL 89 Bis # 91 - 20", "SITIO": "Quirigua Plaza de mercado", "NOMBRE": "Colegio Distrital José Asunción Silva - Sede A", "ABELARDO DE LA ESPRIELLA": 2291.0, "CARLOS EDUARDO CAICEDO OMAR": 2.0, "CLAUDIA LÓPEZ": 183.0, "GUSTAVO MATAMOROS CAMACHO": 1.0, "IVÁN CEPEDA CASTRO": 2689.0, "LUIS GILBERTO MURILLO URRUTIA": 9.0, "MIGUEL URIBE LONDOÑO": 9.0, "PALOMA VALENCIA LASERNA": 511.0, "RAÚL SANTIAGO BOTERO JARAMILLO": 39.0, "ROY LEONARDO BARRERAS MONTEALEGRE": 3.0, "SERGIO FAJARDO VALDERRAMA": 378.0, "SONDRA MACOLLINS GARVIN PINTO": 1.0, "ÓSCAR MAURICIO LIZCANO ARANGO": 20.0, "TOTAL_VOTOS": 6136.0, "GANADOR": "IVÁN CEPEDA CASTRO", "VOTOS_GANADOR": 2689.0, "PCT_GANADOR": 43.8 }, "geometry": { "type": "Point", "coordinates": [ -74.09834882, 4.71270819 ] } },
{ "type": "Feature", "properties": { "LOCALIDAD": "Engativá", "DIRECCION": "DIAG 83 # 73 - 12 / DIAG 83 # 73 A - 12 ", "SITIO": "El Morisco", "NOMBRE": "Colegio Distrital Morisco", "ABELARDO DE LA ESPRIELLA": 1896.0, "CARLOS EDUARDO CAICEDO OMAR": 1.0, "CLAUDIA LÓPEZ": 126.0, "GUSTAVO MATAMOROS CAMACHO": 0.0, "IVÁN CEPEDA CASTRO": 1720.0, "LUIS GILBERTO MURILLO URRUTIA": 2.0, "MIGUEL URIBE LONDOÑO": 3.0, "PALOMA VALENCIA LASERNA": 431.0, "RAÚL SANTIAGO BOTERO JARAMILLO": 12.0, "ROY LEONARDO BARRERAS MONTEALEGRE": 2.0, "SERGIO FAJARDO VALDERRAMA": 361.0, "SONDRA MACOLLINS GARVIN PINTO": 1.0, "ÓSCAR MAURICIO LIZCANO ARANGO": 8.0, "TOTAL_VOTOS": 4563.0, "GANADOR": "ABELARDO DE LA ESPRIELLA", "VOTOS_GANADOR": 1896.0, "PCT_GANADOR": 41.6 }, "geometry": { "type": "Point", "coordinates": [ -74.09038497, 4.70515559 ] } },
{ "type": "Feature", "properties": { "LOCALIDAD": "Engativá", "DIRECCION": "DIAG 82 B # 79 - 10", "SITIO": "Tisquesusa", "NOMBRE": "Salón Comunal", "ABELARDO DE LA ESPRIELLA": 566.0, "CARLOS EDUARDO CAICEDO OMAR": 0.0, "CLAUDIA LÓPEZ": 32.0, "GUSTAVO MATAMOROS CAMACHO": 0.0, "IVÁN CEPEDA CASTRO": 350.0, "LUIS GILBERTO MURILLO URRUTIA": 0.0, "MIGUEL URIBE LONDOÑO": 0.0, "PALOMA VALENCIA LASERNA": 122.0, "RAÚL SANTIAGO BOTERO JARAMILLO": 3.0, "ROY LEONARDO BARRERAS MONTEALEGRE": 0.0, "SERGIO FAJARDO VALDERRAMA": 70.0, "SONDRA MACOLLINS GARVIN PINTO": 0.0, "ÓSCAR MAURICIO LIZCANO ARANGO": 2.0, "TOTAL_VOTOS": 1145.0, "GANADOR": "ABELARDO DE LA ESPRIELLA", "VOTOS_GANADOR": 566.0, "PCT_GANADOR": 49.4 }, "geometry": { "type": "Point", "coordinates": [ -74.09468949, 4.70230746 ] } },
{ "type": "Feature", "properties": { "LOCALIDAD": "Engativá", "DIRECCION": "CLL 71 B # 88 - 35", "SITIO": "Zarzamora", "NOMBRE": "Sede Social Conjunto Zarzamora CAFAM", "ABELARDO DE LA ESPRIELLA": 1767.0, "CARLOS EDUARDO CAICEDO OMAR": 1.0, "CLAUDIA LÓPEZ": 137.0, "GUSTAVO MATAMOROS CAMACHO": 1.0, "IVÁN CEPEDA CASTRO": 1171.0, "LUIS GILBERTO MURILLO URRUTIA": 1.0, "MIGUEL URIBE LONDOÑO": 2.0, "PALOMA VALENCIA LASERNA": 421.0, "RAÚL SANTIAGO BOTERO JARAMILLO": 1.0, "ROY LEONARDO BARRERAS MONTEALEGRE": 1.0, "SERGIO FAJARDO VALDERRAMA": 283.0, "SONDRA MACOLLINS GARVIN PINTO": 4.0, "ÓSCAR MAURICIO LIZCANO ARANGO": 11.0, "TOTAL_VOTOS": 3801.0, "GANADOR": "ABELARDO DE LA ESPRIELLA", "VOTOS_GANADOR": 1767.0, "PCT_GANADOR": 46.5 }, "geometry": { "type": "Point", "coordinates": [ -74.10797802, 4.69628194 ] } },
{ "type": "Feature", "properties": { "LOCALIDAD": "Suba", "DIRECCION": "CLL 129 # 88B - 35", "SITIO": "Colegio San José de Calasanz", "NOMBRE": "Colegio San José de Calasanz", "ABELARDO DE LA ESPRIELLA": 2184.0, "CARLOS EDUARDO CAICEDO OMAR": 4.0, "CLAUDIA LÓPEZ": 185.0, "GUSTAVO MATAMOROS CAMACHO": 2.0, "IVÁN CEPEDA CASTRO": 2170.0, "LUIS GILBERTO MURILLO URRUTIA": 4.0, "MIGUEL URIBE LONDOÑO": 10.0, "PALOMA VALENCIA LASERNA": 527.0, "RAÚL SANTIAGO BOTERO JARAMILLO": 24.0, "ROY LEONARDO BARRERAS MONTEALEGRE": 1.0, "SERGIO FAJARDO VALDERRAMA": 249.0, "SONDRA MACOLLINS GARVIN PINTO": 6.0, "ÓSCAR MAURICIO LIZCANO ARANGO": 10.0, "TOTAL_VOTOS": 5376.0, "GANADOR": "ABELARDO DE LA ESPRIELLA", "VOTOS_GANADOR": 2184.0, "PCT_GANADOR": 40.6 }, "geometry": { "type": "Point", "coordinates": [ -74.08824496, 4.72303026 ] } },
{ "type": "Feature", "properties": { "LOCALIDAD": "Kennedy", "DIRECCION": "CLL 51 C Sur # 82 A - 09", "SITIO": "Santa Maria de Kennedy", "NOMBRE": "Salón Comunal Urbanización Villa Andrea", "ABELARDO DE LA ESPRIELLA": 1642.0, "CARLOS EDUARDO CAICEDO OMAR": 3.0, "CLAUDIA LÓPEZ": 169.0, "GUSTAVO MATAMOROS CAMACHO": 2.0, "IVÁN CEPEDA CASTRO": 1949.0, "LUIS GILBERTO MURILLO URRUTIA": 4.0, "MIGUEL URIBE LONDOÑO": 4.0, "PALOMA VALENCIA LASERNA": 357.0, "RAÚL SANTIAGO BOTERO JARAMILLO": 29.0, "ROY LEONARDO BARRERAS MONTEALEGRE": 1.0, "SERGIO FAJARDO VALDERRAMA": 195.0, "SONDRA MACOLLINS GARVIN PINTO": 2.0, "ÓSCAR MAURICIO LIZCANO ARANGO": 8.0, "TOTAL_VOTOS": 4365.0, "GANADOR": "IVÁN CEPEDA CASTRO", "VOTOS_GANADOR": 1949.0, "PCT_GANADOR": 44.7 }, "geometry": { "type": "Point", "coordinates": [ -74.17647344, 4.62250183 ] } },
{ "type": "Feature", "properties": { "LOCALIDAD": "Mártires", "DIRECCION": "CLL 10 # 29 - 64", "SITIO": "Ricaurte", "NOMBRE": "Colegio Distrital Antonio Ricaurte - Sede B", "ABELARDO DE LA ESPRIELLA": 2026.0, "CARLOS EDUARDO CAICEDO OMAR": 1.0, "CLAUDIA LÓPEZ": 91.0, "GUSTAVO MATAMOROS CAMACHO": 0.0, "IVÁN CEPEDA CASTRO": 1731.0, "LUIS GILBERTO MURILLO URRUTIA": 2.0, "MIGUEL URIBE LONDOÑO": 2.0, "PALOMA VALENCIA LASERNA": 311.0, "RAÚL SANTIAGO BOTERO JARAMILLO": 34.0, "ROY LEONARDO BARRERAS MONTEALEGRE": 3.0, "SERGIO FAJARDO VALDERRAMA": 229.0, "SONDRA MACOLLINS GARVIN PINTO": 4.0, "ÓSCAR MAURICIO LIZCANO ARANGO": 3.0, "TOTAL_VOTOS": 4437.0, "GANADOR": "ABELARDO DE LA ESPRIELLA", "VOTOS_GANADOR": 2026.0, "PCT_GANADOR": 45.7 }, "geometry": { "type": "Point", "coordinates": [ -74.09447962, 4.6101124 ] } },
{ "type": "Feature", "properties": { "LOCALIDAD": "Mártires", "DIRECCION": "CRA 22 # 12 - 49", "SITIO": "La Estanzuela - IED Antonia Santos ", "NOMBRE": "La Estanzuela - IED Antonia Santos ", "ABELARDO DE LA ESPRIELLA": 2970.0, "CARLOS EDUARDO CAICEDO OMAR": 1.0, "CLAUDIA LÓPEZ": 84.0, "GUSTAVO MATAMOROS CAMACHO": 0.0, "IVÁN CEPEDA CASTRO": 1503.0, "LUIS GILBERTO MURILLO URRUTIA": 3.0, "MIGUEL URIBE LONDOÑO": 7.0, "PALOMA VALENCIA LASERNA": 294.0, "RAÚL SANTIAGO BOTERO JARAMILLO": 39.0, "ROY LEONARDO BARRERAS MONTEALEGRE": 2.0, "SERGIO FAJARDO VALDERRAMA": 169.0, "SONDRA MACOLLINS GARVIN PINTO": 3.0, "ÓSCAR MAURICIO LIZCANO ARANGO": 4.0, "TOTAL_VOTOS": 5079.0, "GANADOR": "ABELARDO DE LA ESPRIELLA", "VOTOS_GANADOR": 2970.0, "PCT_GANADOR": 58.5 }, "geometry": { "type": "Point", "coordinates": [ -74.08799466, 4.60830311 ] } },
{ "type": "Feature", "properties": { "LOCALIDAD": "Mártires", "DIRECCION": "CLL 5 A # 26 A - 39", "SITIO": "Veraguas", "NOMBRE": "Salón Comunal Barrio El Progreso", "ABELARDO DE LA ESPRIELLA": 1105.0, "CARLOS EDUARDO CAICEDO OMAR": 1.0, "CLAUDIA LÓPEZ": 39.0, "GUSTAVO MATAMOROS CAMACHO": 0.0, "IVÁN CEPEDA CASTRO": 714.0, "LUIS GILBERTO MURILLO URRUTIA": 3.0, "MIGUEL URIBE LONDOÑO": 0.0, "PALOMA VALENCIA LASERNA": 222.0, "RAÚL SANTIAGO BOTERO JARAMILLO": 7.0, "ROY LEONARDO BARRERAS MONTEALEGRE": 1.0, "SERGIO FAJARDO VALDERRAMA": 94.0, "SONDRA MACOLLINS GARVIN PINTO": 6.0, "ÓSCAR MAURICIO LIZCANO ARANGO": 4.0, "TOTAL_VOTOS": 2196.0, "GANADOR": "ABELARDO DE LA ESPRIELLA", "VOTOS_GANADOR": 1105.0, "PCT_GANADOR": 50.3 }, "geometry": { "type": "Point", "coordinates": [ -74.09628111, 4.60287729 ] } },
{ "type": "Feature", "properties": { "LOCALIDAD": "Mártires", "DIRECCION": "AV CLL 1 # 24 B - 26", "SITIO": "Centro Crecer", "NOMBRE": "Centro Crecer", "ABELARDO DE LA ESPRIELLA": 1551.0, "CARLOS EDUARDO CAICEDO OMAR": 1.0, "CLAUDIA LÓPEZ": 53.0, "GUSTAVO MATAMOROS CAMACHO": 0.0, "IVÁN CEPEDA CASTRO": 899.0, "LUIS GILBERTO MURILLO URRUTIA": 5.0, "MIGUEL URIBE LONDOÑO": 3.0, "PALOMA VALENCIA LASERNA": 305.0, "RAÚL SANTIAGO BOTERO JARAMILLO": 9.0, "ROY LEONARDO BARRERAS MONTEALEGRE": 2.0, "SERGIO FAJARDO VALDERRAMA": 128.0, "SONDRA MACOLLINS GARVIN PINTO": 2.0, "ÓSCAR MAURICIO LIZCANO ARANGO": 3.0, "TOTAL_VOTOS": 2961.0, "GANADOR": "ABELARDO DE LA ESPRIELLA", "VOTOS_GANADOR": 1551.0, "PCT_GANADOR": 52.4 }, "geometry": { "type": "Point", "coordinates": [ -74.09769647, 4.59470829 ] } },
{ "type": "Feature", "properties": { "LOCALIDAD": "Mártires", "DIRECCION": "CRA 21  # 1 D – 06 / CRA 21 # 1 H – 06", "SITIO": "El Vergel", "NOMBRE": "Colegio Distrital San Francisco de Asís - Sede B", "ABELARDO DE LA ESPRIELLA": 1492.0, "CARLOS EDUARDO CAICEDO OMAR": 1.0, "CLAUDIA LÓPEZ": 76.0, "GUSTAVO MATAMOROS CAMACHO": 2.0, "IVÁN CEPEDA CASTRO": 1298.0, "LUIS GILBERTO MURILLO URRUTIA": 3.0, "MIGUEL URIBE LONDOÑO": 2.0, "PALOMA VALENCIA LASERNA": 275.0, "RAÚL SANTIAGO BOTERO JARAMILLO": 15.0, "ROY LEONARDO BARRERAS MONTEALEGRE": 2.0, "SERGIO FAJARDO VALDERRAMA": 191.0, "SONDRA MACOLLINS GARVIN PINTO": 1.0, "ÓSCAR MAURICIO LIZCANO ARANGO": 4.0, "TOTAL_VOTOS": 3362.0, "GANADOR": "ABELARDO DE LA ESPRIELLA", "VOTOS_GANADOR": 1492.0, "PCT_GANADOR": 44.4 }, "geometry": { "type": "Point", "coordinates": [ -74.09426547, 4.59632187 ] } },
{ "type": "Feature", "properties": { "LOCALIDAD": "Mártires", "DIRECCION": "CLL 19 # 19 - 27", "SITIO": "San Fason", "NOMBRE": "Colegio Nuestra Señora de la Presentación", "ABELARDO DE LA ESPRIELLA": 571.0, "CARLOS EDUARDO CAICEDO OMAR": 0.0, "CLAUDIA LÓPEZ": 19.0, "GUSTAVO MATAMOROS CAMACHO": 0.0, "IVÁN CEPEDA CASTRO": 438.0, "LUIS GILBERTO MURILLO URRUTIA": 0.0, "MIGUEL URIBE LONDOÑO": 1.0, "PALOMA VALENCIA LASERNA": 102.0, "RAÚL SANTIAGO BOTERO JARAMILLO": 7.0, "ROY LEONARDO BARRERAS MONTEALEGRE": 1.0, "SERGIO FAJARDO VALDERRAMA": 60.0, "SONDRA MACOLLINS GARVIN PINTO": 4.0, "ÓSCAR MAURICIO LIZCANO ARANGO": 3.0, "TOTAL_VOTOS": 1206.0, "GANADOR": "ABELARDO DE LA ESPRIELLA", "VOTOS_GANADOR": 571.0, "PCT_GANADOR": 47.3 }, "geometry": { "type": "Point", "coordinates": [ -74.08133886, 4.61216225 ] } },
{ "type": "Feature", "properties": { "LOCALIDAD": "Antonio Nariño", "DIRECCION": "CLL 10 Sur # 13 - 27", "SITIO": "Ciudad Berna", "NOMBRE": "Escuela Superior Distrital María Montesory - Sede B", "ABELARDO DE LA ESPRIELLA": 1602.0, "CARLOS EDUARDO CAICEDO OMAR": 1.0, "CLAUDIA LÓPEZ": 77.0, "GUSTAVO MATAMOROS CAMACHO": 0.0, "IVÁN CEPEDA CASTRO": 1537.0, "LUIS GILBERTO MURILLO URRUTIA": 1.0, "MIGUEL URIBE LONDOÑO": 4.0, "PALOMA VALENCIA LASERNA": 367.0, "RAÚL SANTIAGO BOTERO JARAMILLO": 21.0, "ROY LEONARDO BARRERAS MONTEALEGRE": 3.0, "SERGIO FAJARDO VALDERRAMA": 272.0, "SONDRA MACOLLINS GARVIN PINTO": 0.0, "ÓSCAR MAURICIO LIZCANO ARANGO": 5.0, "TOTAL_VOTOS": 3890.0, "GANADOR": "ABELARDO DE LA ESPRIELLA", "VOTOS_GANADOR": 1602.0, "PCT_GANADOR": 41.2 }, "geometry": { "type": "Point", "coordinates": [ -74.09353678, 4.58613271 ] } },
{ "type": "Feature", "properties": { "LOCALIDAD": "Antonio Nariño", "DIRECCION": "CLL 6 Sur # 14 - 49 / CRA 14 # 6 - 51 Sur", "SITIO": "San Antonio", "NOMBRE": "Gimnasio Monseñor Manuel María Camargo", "ABELARDO DE LA ESPRIELLA": 1759.0, "CARLOS EDUARDO CAICEDO OMAR": 2.0, "CLAUDIA LÓPEZ": 80.0, "GUSTAVO MATAMOROS CAMACHO": 1.0, "IVÁN CEPEDA CASTRO": 1600.0, "LUIS GILBERTO MURILLO URRUTIA": 2.0, "MIGUEL URIBE LONDOÑO": 1.0, "PALOMA VALENCIA LASERNA": 380.0, "RAÚL SANTIAGO BOTERO JARAMILLO": 19.0, "ROY LEONARDO BARRERAS MONTEALEGRE": 4.0, "SERGIO FAJARDO VALDERRAMA": 285.0, "SONDRA MACOLLINS GARVIN PINTO": 0.0, "ÓSCAR MAURICIO LIZCANO ARANGO": 7.0, "TOTAL_VOTOS": 4140.0, "GANADOR": "ABELARDO DE LA ESPRIELLA", "VOTOS_GANADOR": 1759.0, "PCT_GANADOR": 42.5 }, "geometry": { "type": "Point", "coordinates": [ -74.09360646, 4.58760036 ] } },
{ "type": "Feature", "properties": { "LOCALIDAD": "Antonio Nariño", "DIRECCION": "CLL 10 B Bis Sur # 16 - 11", "SITIO": "Luna Park", "NOMBRE": "Colegio Distrital Guillermo León Valencia - Sede C", "ABELARDO DE LA ESPRIELLA": 622.0, "CARLOS EDUARDO CAICEDO OMAR": 0.0, "CLAUDIA LÓPEZ": 32.0, "GUSTAVO MATAMOROS CAMACHO": 0.0, "IVÁN CEPEDA CASTRO": 706.0, "LUIS GILBERTO MURILLO URRUTIA": 1.0, "MIGUEL URIBE LONDOÑO": 1.0, "PALOMA VALENCIA LASERNA": 137.0, "RAÚL SANTIAGO BOTERO JARAMILLO": 7.0, "ROY LEONARDO BARRERAS MONTEALEGRE": 0.0, "SERGIO FAJARDO VALDERRAMA": 107.0, "SONDRA MACOLLINS GARVIN PINTO": 2.0, "ÓSCAR MAURICIO LIZCANO ARANGO": 0.0, "TOTAL_VOTOS": 1615.0, "GANADOR": "IVÁN CEPEDA CASTRO", "VOTOS_GANADOR": 706.0, "PCT_GANADOR": 43.7 }, "geometry": { "type": "Point", "coordinates": [ -74.09726189, 4.58719452 ] } },
{ "type": "Feature", "properties": { "LOCALIDAD": "Antonio Nariño", "DIRECCION": "CLL 16 Bis Sur # 12 C - 02", "SITIO": "Ciudad Jardín", "NOMBRE": "Colegio Cooperativo del Magisterio de Cundinamarca", "ABELARDO DE LA ESPRIELLA": 2474.0, "CARLOS EDUARDO CAICEDO OMAR": 1.0, "CLAUDIA LÓPEZ": 108.0, "GUSTAVO MATAMOROS CAMACHO": 1.0, "IVÁN CEPEDA CASTRO": 1713.0, "LUIS GILBERTO MURILLO URRUTIA": 2.0, "MIGUEL URIBE LONDOÑO": 5.0, "PALOMA VALENCIA LASERNA": 560.0, "RAÚL SANTIAGO BOTERO JARAMILLO": 22.0, "ROY LEONARDO BARRERAS MONTEALEGRE": 2.0, "SERGIO FAJARDO VALDERRAMA": 310.0, "SONDRA MACOLLINS GARVIN PINTO": 3.0, "ÓSCAR MAURICIO LIZCANO ARANGO": 13.0, "TOTAL_VOTOS": 5214.0, "GANADOR": "ABELARDO DE LA ESPRIELLA", "VOTOS_GANADOR": 2474.0, "PCT_GANADOR": 47.4 }, "geometry": { "type": "Point", "coordinates": [ -74.09646508, 4.58221169 ] } },
{ "type": "Feature", "properties": { "LOCALIDAD": "Antonio Nariño", "DIRECCION": "CLL 14 Sur # 14 - 20", "SITIO": "Restrepo A", "NOMBRE": "Escuela Normal Superior Distrital María Montesory - Sede A", "ABELARDO DE LA ESPRIELLA": 2753.0, "CARLOS EDUARDO CAICEDO OMAR": 1.0, "CLAUDIA LÓPEZ": 142.0, "GUSTAVO MATAMOROS CAMACHO": 1.0, "IVÁN CEPEDA CASTRO": 2925.0, "LUIS GILBERTO MURILLO URRUTIA": 5.0, "MIGUEL URIBE LONDOÑO": 4.0, "PALOMA VALENCIA LASERNA": 555.0, "RAÚL SANTIAGO BOTERO JARAMILLO": 26.0, "ROY LEONARDO BARRERAS MONTEALEGRE": 2.0, "SERGIO FAJARDO VALDERRAMA": 444.0, "SONDRA MACOLLINS GARVIN PINTO": 3.0, "ÓSCAR MAURICIO LIZCANO ARANGO": 12.0, "TOTAL_VOTOS": 6873.0, "GANADOR": "IVÁN CEPEDA CASTRO", "VOTOS_GANADOR": 2925.0, "PCT_GANADOR": 42.6 }, "geometry": { "type": "Point", "coordinates": [ -74.09690013, 4.58524452 ] } },
{ "type": "Feature", "properties": { "LOCALIDAD": "Antonio Nariño", "DIRECCION": "CLL 15 Sur # 24 B - 15 / CLL 15 Sur # 24 B - 17 / CRA 24 B # 16 - 03 Sur", "SITIO": "Restrepo B", "NOMBRE": "Colegio Distrital Guillermo León Valencia - Sede A", "ABELARDO DE LA ESPRIELLA": 2798.0, "CARLOS EDUARDO CAICEDO OMAR": 0.0, "CLAUDIA LÓPEZ": 143.0, "GUSTAVO MATAMOROS CAMACHO": 0.0, "IVÁN CEPEDA CASTRO": 2435.0, "LUIS GILBERTO MURILLO URRUTIA": 7.0, "MIGUEL URIBE LONDOÑO": 7.0, "PALOMA VALENCIA LASERNA": 574.0, "RAÚL SANTIAGO BOTERO JARAMILLO": 44.0, "ROY LEONARDO BARRERAS MONTEALEGRE": 1.0, "SERGIO FAJARDO VALDERRAMA": 304.0, "SONDRA MACOLLINS GARVIN PINTO": 5.0, "ÓSCAR MAURICIO LIZCANO ARANGO": 12.0, "TOTAL_VOTOS": 6330.0, "GANADOR": "ABELARDO DE LA ESPRIELLA", "VOTOS_GANADOR": 2798.0, "PCT_GANADOR": 44.2 }, "geometry": { "type": "Point", "coordinates": [ -74.10211535, 4.58827876 ] } },
{ "type": "Feature", "properties": { "LOCALIDAD": "Antonio Nariño", "DIRECCION": "CRA 25 Bis # 3-51/71 Sur", "SITIO": "Salón Comunal La Fraguita", "NOMBRE": "Salón Comunal La Fraguita", "ABELARDO DE LA ESPRIELLA": 932.0, "CARLOS EDUARDO CAICEDO OMAR": 1.0, "CLAUDIA LÓPEZ": 37.0, "GUSTAVO MATAMOROS CAMACHO": 0.0, "IVÁN CEPEDA CASTRO": 912.0, "LUIS GILBERTO MURILLO URRUTIA": 3.0, "MIGUEL URIBE LONDOÑO": 3.0, "PALOMA VALENCIA LASERNA": 184.0, "RAÚL SANTIAGO BOTERO JARAMILLO": 12.0, "ROY LEONARDO BARRERAS MONTEALEGRE": 0.0, "SERGIO FAJARDO VALDERRAMA": 162.0, "SONDRA MACOLLINS GARVIN PINTO": 1.0, "ÓSCAR MAURICIO LIZCANO ARANGO": 2.0, "TOTAL_VOTOS": 2249.0, "GANADOR": "ABELARDO DE LA ESPRIELLA", "VOTOS_GANADOR": 932.0, "PCT_GANADOR": 41.4 }, "geometry": { "type": "Point", "coordinates": [ -74.10004221, 4.59402054 ] } },
{ "type": "Feature", "properties": { "LOCALIDAD": "Antonio Nariño", "DIRECCION": "CLL 14 Sur # 28 - 16", "SITIO": "La Fragua", "NOMBRE": "Colegio Distrital Atanasio Girardot - Sede A", "ABELARDO DE LA ESPRIELLA": 1760.0, "CARLOS EDUARDO CAICEDO OMAR": 1.0, "CLAUDIA LÓPEZ": 116.0, "GUSTAVO MATAMOROS CAMACHO": 2.0, "IVÁN CEPEDA CASTRO": 1859.0, "LUIS GILBERTO MURILLO URRUTIA": 4.0, "MIGUEL URIBE LONDOÑO": 4.0, "PALOMA VALENCIA LASERNA": 424.0, "RAÚL SANTIAGO BOTERO JARAMILLO": 30.0, "ROY LEONARDO BARRERAS MONTEALEGRE": 4.0, "SERGIO FAJARDO VALDERRAMA": 301.0, "SONDRA MACOLLINS GARVIN PINTO": 2.0, "ÓSCAR MAURICIO LIZCANO ARANGO": 12.0, "TOTAL_VOTOS": 4519.0, "GANADOR": "IVÁN CEPEDA CASTRO", "VOTOS_GANADOR": 1859.0, "PCT_GANADOR": 41.1 }, "geometry": { "type": "Point", "coordinates": [ -74.10444052, 4.59428636 ] } },
{ "type": "Feature", "properties": { "LOCALIDAD": "Antonio Nariño", "DIRECCION": "CLL 23 Sur # 27 - 27", "SITIO": "Santander", "NOMBRE": "Colegio Distrital Francisco Jose de Paula - Sede A", "ABELARDO DE LA ESPRIELLA": 801.0, "CARLOS EDUARDO CAICEDO OMAR": 1.0, "CLAUDIA LÓPEZ": 52.0, "GUSTAVO MATAMOROS CAMACHO": 0.0, "IVÁN CEPEDA CASTRO": 1007.0, "LUIS GILBERTO MURILLO URRUTIA": 0.0, "MIGUEL URIBE LONDOÑO": 1.0, "PALOMA VALENCIA LASERNA": 469.0, "RAÚL SANTIAGO BOTERO JARAMILLO": 17.0, "ROY LEONARDO BARRERAS MONTEALEGRE": 1.0, "SERGIO FAJARDO VALDERRAMA": 90.0, "SONDRA MACOLLINS GARVIN PINTO": 0.0, "ÓSCAR MAURICIO LIZCANO ARANGO": 7.0, "TOTAL_VOTOS": 2446.0, "GANADOR": "IVÁN CEPEDA CASTRO", "VOTOS_GANADOR": 1007.0, "PCT_GANADOR": 41.2 }, "geometry": { "type": "Point", "coordinates": [ -74.11035551, 4.58981623 ] } },
{ "type": "Feature", "properties": { "LOCALIDAD": "Antonio Nariño", "DIRECCION": "CLL 29 Sur # 29 A - 47", "SITIO": "Santander Sur", "NOMBRE": "Colegio Distrital Francisco Jose de Paula - Sede B", "ABELARDO DE LA ESPRIELLA": 823.0, "CARLOS EDUARDO CAICEDO OMAR": 1.0, "CLAUDIA LÓPEZ": 50.0, "GUSTAVO MATAMOROS CAMACHO": 0.0, "IVÁN CEPEDA CASTRO": 970.0, "LUIS GILBERTO MURILLO URRUTIA": 0.0, "MIGUEL URIBE LONDOÑO": 0.0, "PALOMA VALENCIA LASERNA": 225.0, "RAÚL SANTIAGO BOTERO JARAMILLO": 11.0, "ROY LEONARDO BARRERAS MONTEALEGRE": 0.0, "SERGIO FAJARDO VALDERRAMA": 89.0, "SONDRA MACOLLINS GARVIN PINTO": 2.0, "ÓSCAR MAURICIO LIZCANO ARANGO": 5.0, "TOTAL_VOTOS": 2176.0, "GANADOR": "IVÁN CEPEDA CASTRO", "VOTOS_GANADOR": 970.0, "PCT_GANADOR": 44.6 }, "geometry": { "type": "Point", "coordinates": [ -74.11432249, 4.59098921 ] } },
{ "type": "Feature", "properties": { "LOCALIDAD": "Antonio Nariño", "DIRECCION": "CLL 38 A Sur # 34 D - 51", "SITIO": "Villa Mayor", "NOMBRE": "Centro Comercial Centro Mayor", "ABELARDO DE LA ESPRIELLA": 2455.0, "CARLOS EDUARDO CAICEDO OMAR": 1.0, "CLAUDIA LÓPEZ": 126.0, "GUSTAVO MATAMOROS CAMACHO": 1.0, "IVÁN CEPEDA CASTRO": 2052.0, "LUIS GILBERTO MURILLO URRUTIA": 4.0, "MIGUEL URIBE LONDOÑO": 7.0, "PALOMA VALENCIA LASERNA": 535.0, "RAÚL SANTIAGO BOTERO JARAMILLO": 21.0, "ROY LEONARDO BARRERAS MONTEALEGRE": 5.0, "SERGIO FAJARDO VALDERRAMA": 384.0, "SONDRA MACOLLINS GARVIN PINTO": 1.0, "ÓSCAR MAURICIO LIZCANO ARANGO": 7.0, "TOTAL_VOTOS": 5599.0, "GANADOR": "ABELARDO DE LA ESPRIELLA", "VOTOS_GANADOR": 2455.0, "PCT_GANADOR": 43.8 }, "geometry": { "type": "Point", "coordinates": [ -74.12509335, 4.59264446 ] } },
{ "type": "Feature", "properties": { "LOCALIDAD": "Puente Aranda", "DIRECCION": "CLL 39 Sur # 51 D - 19", "SITIO": "Delicias (Muzu)", "NOMBRE": "Colegio Distrital Andrés Bello", "ABELARDO DE LA ESPRIELLA": 1902.0, "CARLOS EDUARDO CAICEDO OMAR": 2.0, "CLAUDIA LÓPEZ": 125.0, "GUSTAVO MATAMOROS CAMACHO": 1.0, "IVÁN CEPEDA CASTRO": 2124.0, "LUIS GILBERTO MURILLO URRUTIA": 1.0, "MIGUEL URIBE LONDOÑO": 4.0, "PALOMA VALENCIA LASERNA": 392.0, "RAÚL SANTIAGO BOTERO JARAMILLO": 27.0, "ROY LEONARDO BARRERAS MONTEALEGRE": 0.0, "SERGIO FAJARDO VALDERRAMA": 302.0, "SONDRA MACOLLINS GARVIN PINTO": 1.0, "ÓSCAR MAURICIO LIZCANO ARANGO": 6.0, "TOTAL_VOTOS": 4887.0, "GANADOR": "IVÁN CEPEDA CASTRO", "VOTOS_GANADOR": 2124.0, "PCT_GANADOR": 43.5 }, "geometry": { "type": "Point", "coordinates": [ -74.13043866, 4.59924968 ] } },
{ "type": "Feature", "properties": { "LOCALIDAD": "Puente Aranda", "DIRECCION": "CRA 51 # 16 -64 Sur", "SITIO": "Ciudad Montes", "NOMBRE": "Colegio Nacional de Cultura Popular", "ABELARDO DE LA ESPRIELLA": 2550.0, "CARLOS EDUARDO CAICEDO OMAR": 1.0, "CLAUDIA LÓPEZ": 154.0, "GUSTAVO MATAMOROS CAMACHO": 1.0, "IVÁN CEPEDA CASTRO": 2275.0, "LUIS GILBERTO MURILLO URRUTIA": 2.0, "MIGUEL URIBE LONDOÑO": 4.0, "PALOMA VALENCIA LASERNA": 516.0, "RAÚL SANTIAGO BOTERO JARAMILLO": 23.0, "ROY LEONARDO BARRERAS MONTEALEGRE": 0.0, "SERGIO FAJARDO VALDERRAMA": 467.0, "SONDRA MACOLLINS GARVIN PINTO": 2.0, "ÓSCAR MAURICIO LIZCANO ARANGO": 6.0, "TOTAL_VOTOS": 6001.0, "GANADOR": "ABELARDO DE LA ESPRIELLA", "VOTOS_GANADOR": 2550.0, "PCT_GANADOR": 42.5 }, "geometry": { "type": "Point", "coordinates": [ -74.1202933, 4.60615837 ] } },
{ "type": "Feature", "properties": { "LOCALIDAD": "Puente Aranda", "DIRECCION": "CRA 31 D # 04 - 43", "SITIO": "Alcaldía Puente Aranda", "NOMBRE": "Alcaldía Local de Puente Aranda", "ABELARDO DE LA ESPRIELLA": 2555.0, "CARLOS EDUARDO CAICEDO OMAR": 0.0, "CLAUDIA LÓPEZ": 118.0, "GUSTAVO MATAMOROS CAMACHO": 1.0, "IVÁN CEPEDA CASTRO": 1572.0, "LUIS GILBERTO MURILLO URRUTIA": 5.0, "MIGUEL URIBE LONDOÑO": 5.0, "PALOMA VALENCIA LASERNA": 570.0, "RAÚL SANTIAGO BOTERO JARAMILLO": 13.0, "ROY LEONARDO BARRERAS MONTEALEGRE": 3.0, "SERGIO FAJARDO VALDERRAMA": 291.0, "SONDRA MACOLLINS GARVIN PINTO": 3.0, "ÓSCAR MAURICIO LIZCANO ARANGO": 11.0, "TOTAL_VOTOS": 5147.0, "GANADOR": "ABELARDO DE LA ESPRIELLA", "VOTOS_GANADOR": 2555.0, "PCT_GANADOR": 49.6 }, "geometry": { "type": "Point", "coordinates": [ -74.10315107, 4.60579881 ] } },
{ "type": "Feature", "properties": { "LOCALIDAD": "Bosa", "DIRECCION": "DIAG 66 Sur # 80 C - 20", "SITIO": "Jiménez de Quesada", "NOMBRE": "Colegio Distrital Fernando Mazuera Villegas - Sede B", "ABELARDO DE LA ESPRIELLA": 1105.0, "CARLOS EDUARDO CAICEDO OMAR": 0.0, "CLAUDIA LÓPEZ": 93.0, "GUSTAVO MATAMOROS CAMACHO": 0.0, "IVÁN CEPEDA CASTRO": 1631.0, "LUIS GILBERTO MURILLO URRUTIA": 2.0, "MIGUEL URIBE LONDOÑO": 3.0, "PALOMA VALENCIA LASERNA": 213.0, "RAÚL SANTIAGO BOTERO JARAMILLO": 19.0, "ROY LEONARDO BARRERAS MONTEALEGRE": 0.0, "SERGIO FAJARDO VALDERRAMA": 134.0, "SONDRA MACOLLINS GARVIN PINTO": 5.0, "ÓSCAR MAURICIO LIZCANO ARANGO": 7.0, "TOTAL_VOTOS": 3212.0, "GANADOR": "IVÁN CEPEDA CASTRO", "VOTOS_GANADOR": 1631.0, "PCT_GANADOR": 50.8 }, "geometry": { "type": "Point", "coordinates": [ -74.18843551, 4.60619085 ] } },
{ "type": "Feature", "properties": { "LOCALIDAD": "Bosa", "DIRECCION": "CRA 89 C # 79 - 51 Sur", "SITIO": "San Bernardino", "NOMBRE": "Colegio Distrital San Bernardino", "ABELARDO DE LA ESPRIELLA": 1049.0, "CARLOS EDUARDO CAICEDO OMAR": 5.0, "CLAUDIA LÓPEZ": 139.0, "GUSTAVO MATAMOROS CAMACHO": 0.0, "IVÁN CEPEDA CASTRO": 2561.0, "LUIS GILBERTO MURILLO URRUTIA": 3.0, "MIGUEL URIBE LONDOÑO": 5.0, "PALOMA VALENCIA LASERNA": 243.0, "RAÚL SANTIAGO BOTERO JARAMILLO": 36.0, "ROY LEONARDO BARRERAS MONTEALEGRE": 4.0, "SERGIO FAJARDO VALDERRAMA": 117.0, "SONDRA MACOLLINS GARVIN PINTO": 3.0, "ÓSCAR MAURICIO LIZCANO ARANGO": 15.0, "TOTAL_VOTOS": 4180.0, "GANADOR": "IVÁN CEPEDA CASTRO", "VOTOS_GANADOR": 2561.0, "PCT_GANADOR": 61.3 }, "geometry": { "type": "Point", "coordinates": [ -74.20614751, 4.62364962 ] } },
{ "type": "Feature", "properties": { "LOCALIDAD": "Bosa", "DIRECCION": "CLL 56 Sur # 72 G - 20", "SITIO": "Nuevo Chile", "NOMBRE": "Colegio Distrital Nuevo Chile", "ABELARDO DE LA ESPRIELLA": 1877.0, "CARLOS EDUARDO CAICEDO OMAR": 2.0, "CLAUDIA LÓPEZ": 182.0, "GUSTAVO MATAMOROS CAMACHO": 0.0, "IVÁN CEPEDA CASTRO": 3069.0, "LUIS GILBERTO MURILLO URRUTIA": 0.0, "MIGUEL URIBE LONDOÑO": 11.0, "PALOMA VALENCIA LASERNA": 457.0, "RAÚL SANTIAGO BOTERO JARAMILLO": 49.0, "ROY LEONARDO BARRERAS MONTEALEGRE": 5.0, "SERGIO FAJARDO VALDERRAMA": 232.0, "SONDRA MACOLLINS GARVIN PINTO": 1.0, "ÓSCAR MAURICIO LIZCANO ARANGO": 17.0, "TOTAL_VOTOS": 5902.0, "GANADOR": "IVÁN CEPEDA CASTRO", "VOTOS_GANADOR": 3069.0, "PCT_GANADOR": 52.0 }, "geometry": { "type": "Point", "coordinates": [ -74.1662632, 4.6033055 ] } },
{ "type": "Feature", "properties": { "LOCALIDAD": "Bosa", "DIRECCION": "CRA 102A # 56F - 34 Sur", "SITIO": "Santa Fé de Bosa", "NOMBRE": "Colegio Distrital Villas del Progreso", "ABELARDO DE LA ESPRIELLA": 1181.0, "CARLOS EDUARDO CAICEDO OMAR": 3.0, "CLAUDIA LÓPEZ": 161.0, "GUSTAVO MATAMOROS CAMACHO": 2.0, "IVÁN CEPEDA CASTRO": 2125.0, "LUIS GILBERTO MURILLO URRUTIA": 5.0, "MIGUEL URIBE LONDOÑO": 10.0, "PALOMA VALENCIA LASERNA": 294.0, "RAÚL SANTIAGO BOTERO JARAMILLO": 42.0, "ROY LEONARDO BARRERAS MONTEALEGRE": 3.0, "SERGIO FAJARDO VALDERRAMA": 92.0, "SONDRA MACOLLINS GARVIN PINTO": 3.0, "ÓSCAR MAURICIO LIZCANO ARANGO": 17.0, "TOTAL_VOTOS": 3938.0, "GANADOR": "IVÁN CEPEDA CASTRO", "VOTOS_GANADOR": 2125.0, "PCT_GANADOR": 54.0 }, "geometry": { "type": "Point", "coordinates": [ -74.19523999, 4.64115361 ] } },
{ "type": "Feature", "properties": { "LOCALIDAD": "Bosa", "DIRECCION": "CLL 51 Sur # 91 D - 56", "SITIO": "El Porvenir", "NOMBRE": "Colegio Distrital El Porvenir Sede A", "ABELARDO DE LA ESPRIELLA": 2088.0, "CARLOS EDUARDO CAICEDO OMAR": 7.0, "CLAUDIA LÓPEZ": 249.0, "GUSTAVO MATAMOROS CAMACHO": 0.0, "IVÁN CEPEDA CASTRO": 4732.0, "LUIS GILBERTO MURILLO URRUTIA": 6.0, "MIGUEL URIBE LONDOÑO": 13.0, "PALOMA VALENCIA LASERNA": 442.0, "RAÚL SANTIAGO BOTERO JARAMILLO": 73.0, "ROY LEONARDO BARRERAS MONTEALEGRE": 0.0, "SERGIO FAJARDO VALDERRAMA": 362.0, "SONDRA MACOLLINS GARVIN PINTO": 9.0, "ÓSCAR MAURICIO LIZCANO ARANGO": 16.0, "TOTAL_VOTOS": 7997.0, "GANADOR": "IVÁN CEPEDA CASTRO", "VOTOS_GANADOR": 4732.0, "PCT_GANADOR": 59.2 }, "geometry": { "type": "Point", "coordinates": [ -74.18362206, 4.63589891 ] } },
{ "type": "Feature", "properties": { "LOCALIDAD": "Bosa", "DIRECCION": "CRA 92 # 72 - 42 Sur", "SITIO": "El Recreo", "NOMBRE": "Colegio Distrital Leonardo Posada Pedraza", "ABELARDO DE LA ESPRIELLA": 2226.0, "CARLOS EDUARDO CAICEDO OMAR": 2.0, "CLAUDIA LÓPEZ": 291.0, "GUSTAVO MATAMOROS CAMACHO": 0.0, "IVÁN CEPEDA CASTRO": 4484.0, "LUIS GILBERTO MURILLO URRUTIA": 7.0, "MIGUEL URIBE LONDOÑO": 5.0, "PALOMA VALENCIA LASERNA": 506.0, "RAÚL SANTIAGO BOTERO JARAMILLO": 53.0, "ROY LEONARDO BARRERAS MONTEALEGRE": 3.0, "SERGIO FAJARDO VALDERRAMA": 293.0, "SONDRA MACOLLINS GARVIN PINTO": 10.0, "ÓSCAR MAURICIO LIZCANO ARANGO": 16.0, "TOTAL_VOTOS": 7896.0, "GANADOR": "IVÁN CEPEDA CASTRO", "VOTOS_GANADOR": 4484.0, "PCT_GANADOR": 56.8 }, "geometry": { "type": "Point", "coordinates": [ -74.20148261, 4.62753357 ] } },
{ "type": "Feature", "properties": { "LOCALIDAD": "Bosa", "DIRECCION": "CLL 61 Sur # 80 I - 40", "SITIO": "Francisco de Paula Santander", "NOMBRE": "Colegio Distrital Francisco de Paula Santander", "ABELARDO DE LA ESPRIELLA": 503.0, "CARLOS EDUARDO CAICEDO OMAR": 0.0, "CLAUDIA LÓPEZ": 59.0, "GUSTAVO MATAMOROS CAMACHO": 0.0, "IVÁN CEPEDA CASTRO": 1119.0, "LUIS GILBERTO MURILLO URRUTIA": 3.0, "MIGUEL URIBE LONDOÑO": 4.0, "PALOMA VALENCIA LASERNA": 140.0, "RAÚL SANTIAGO BOTERO JARAMILLO": 16.0, "ROY LEONARDO BARRERAS MONTEALEGRE": 1.0, "SERGIO FAJARDO VALDERRAMA": 72.0, "SONDRA MACOLLINS GARVIN PINTO": 3.0, "ÓSCAR MAURICIO LIZCANO ARANGO": 3.0, "TOTAL_VOTOS": 1923.0, "GANADOR": "IVÁN CEPEDA CASTRO", "VOTOS_GANADOR": 1119.0, "PCT_GANADOR": 58.2 }, "geometry": { "type": "Point", "coordinates": [ -74.18477974, 4.6108717 ] } },
{ "type": "Feature", "properties": { "LOCALIDAD": "Bosa", "DIRECCION": "CLL 61 Sur # 103 - 33 / CLL 59C Sur # 89B - 45", "SITIO": "Atalayas", "NOMBRE": "Colegio Distrital Santiago de las Atalayas", "ABELARDO DE LA ESPRIELLA": 1479.0, "CARLOS EDUARDO CAICEDO OMAR": 1.0, "CLAUDIA LÓPEZ": 159.0, "GUSTAVO MATAMOROS CAMACHO": 0.0, "IVÁN CEPEDA CASTRO": 3322.0, "LUIS GILBERTO MURILLO URRUTIA": 5.0, "MIGUEL URIBE LONDOÑO": 6.0, "PALOMA VALENCIA LASERNA": 334.0, "RAÚL SANTIAGO BOTERO JARAMILLO": 47.0, "ROY LEONARDO BARRERAS MONTEALEGRE": 3.0, "SERGIO FAJARDO VALDERRAMA": 228.0, "SONDRA MACOLLINS GARVIN PINTO": 2.0, "ÓSCAR MAURICIO LIZCANO ARANGO": 9.0, "TOTAL_VOTOS": 5595.0, "GANADOR": "IVÁN CEPEDA CASTRO", "VOTOS_GANADOR": 3322.0, "PCT_GANADOR": 59.4 }, "geometry": { "type": "Point", "coordinates": [ -74.19283751, 4.62934493 ] } },
{ "type": "Feature", "properties": { "LOCALIDAD": "Bosa", "DIRECCION": "CLL 56 F Sur # 91 D - 14", "SITIO": "Fe y Alegría San Ignacio", "NOMBRE": "Colegio Distrital Fe y Alegría San Ignacio", "ABELARDO DE LA ESPRIELLA": 2385.0, "CARLOS EDUARDO CAICEDO OMAR": 2.0, "CLAUDIA LÓPEZ": 299.0, "GUSTAVO MATAMOROS CAMACHO": 2.0, "IVÁN CEPEDA CASTRO": 4670.0, "LUIS GILBERTO MURILLO URRUTIA": 8.0, "MIGUEL URIBE LONDOÑO": 11.0, "PALOMA VALENCIA LASERNA": 555.0, "RAÚL SANTIAGO BOTERO JARAMILLO": 74.0, "ROY LEONARDO BARRERAS MONTEALEGRE": 5.0, "SERGIO FAJARDO VALDERRAMA": 365.0, "SONDRA MACOLLINS GARVIN PINTO": 3.0, "ÓSCAR MAURICIO LIZCANO ARANGO": 22.0, "TOTAL_VOTOS": 8401.0, "GANADOR": "IVÁN CEPEDA CASTRO", "VOTOS_GANADOR": 4670.0, "PCT_GANADOR": 55.6 }, "geometry": { "type": "Point", "coordinates": [ -74.1897848, 4.63334323 ] } },
{ "type": "Feature", "properties": { "LOCALIDAD": "Bosa", "DIRECCION": "CLL 52 Sur # 97 C - 35", "SITIO": "Ciudadela El Porvenir", "NOMBRE": "Colegio Distrital Ciudadela Educativa de Bosa", "ABELARDO DE LA ESPRIELLA": 2401.0, "CARLOS EDUARDO CAICEDO OMAR": 3.0, "CLAUDIA LÓPEZ": 276.0, "GUSTAVO MATAMOROS CAMACHO": 3.0, "IVÁN CEPEDA CASTRO": 6444.0, "LUIS GILBERTO MURILLO URRUTIA": 4.0, "MIGUEL URIBE LONDOÑO": 7.0, "PALOMA VALENCIA LASERNA": 443.0, "RAÚL SANTIAGO BOTERO JARAMILLO": 82.0, "ROY LEONARDO BARRERAS MONTEALEGRE": 1.0, "SERGIO FAJARDO VALDERRAMA": 461.0, "SONDRA MACOLLINS GARVIN PINTO": 6.0, "ÓSCAR MAURICIO LIZCANO ARANGO": 22.0, "TOTAL_VOTOS": 10153.0, "GANADOR": "IVÁN CEPEDA CASTRO", "VOTOS_GANADOR": 6444.0, "PCT_GANADOR": 63.5 }, "geometry": { "type": "Point", "coordinates": [ -74.18721155, 4.64082973 ] } },
{ "type": "Feature", "properties": { "LOCALIDAD": "Kennedy", "DIRECCION": "CRA 80 I # 57 B - 50 Sur", "SITIO": "Colegio Distrital Class - Sede A", "NOMBRE": "Colegio Distrital Class - Sede A", "ABELARDO DE LA ESPRIELLA": 1655.0, "CARLOS EDUARDO CAICEDO OMAR": 2.0, "CLAUDIA LÓPEZ": 162.0, "GUSTAVO MATAMOROS CAMACHO": 3.0, "IVÁN CEPEDA CASTRO": 3196.0, "LUIS GILBERTO MURILLO URRUTIA": 4.0, "MIGUEL URIBE LONDOÑO": 12.0, "PALOMA VALENCIA LASERNA": 379.0, "RAÚL SANTIAGO BOTERO JARAMILLO": 44.0, "ROY LEONARDO BARRERAS MONTEALEGRE": 1.0, "SERGIO FAJARDO VALDERRAMA": 293.0, "SONDRA MACOLLINS GARVIN PINTO": 6.0, "ÓSCAR MAURICIO LIZCANO ARANGO": 9.0, "TOTAL_VOTOS": 5766.0, "GANADOR": "IVÁN CEPEDA CASTRO", "VOTOS_GANADOR": 3196.0, "PCT_GANADOR": 55.4 }, "geometry": { "type": "Point", "coordinates": [ -74.17890293, 4.61418176 ] } },
{ "type": "Feature", "properties": { "LOCALIDAD": "Kennedy", "DIRECCION": "CLL 57 A Sur # 78 N - 21", "SITIO": "Col Class IED - Sede C", "NOMBRE": "Colegio Distrital Rómulo Gallegos", "ABELARDO DE LA ESPRIELLA": 3779.0, "CARLOS EDUARDO CAICEDO OMAR": 3.0, "CLAUDIA LÓPEZ": 323.0, "GUSTAVO MATAMOROS CAMACHO": 2.0, "IVÁN CEPEDA CASTRO": 4955.0, "LUIS GILBERTO MURILLO URRUTIA": 11.0, "MIGUEL URIBE LONDOÑO": 13.0, "PALOMA VALENCIA LASERNA": 868.0, "RAÚL SANTIAGO BOTERO JARAMILLO": 56.0, "ROY LEONARDO BARRERAS MONTEALEGRE": 4.0, "SERGIO FAJARDO VALDERRAMA": 504.0, "SONDRA MACOLLINS GARVIN PINTO": 7.0, "ÓSCAR MAURICIO LIZCANO ARANGO": 18.0, "TOTAL_VOTOS": 10543.0, "GANADOR": "IVÁN CEPEDA CASTRO", "VOTOS_GANADOR": 4955.0, "PCT_GANADOR": 47.0 }, "geometry": { "type": "Point", "coordinates": [ -74.17402687, 4.61042338 ] } },
{ "type": "Feature", "properties": { "LOCALIDAD": "Rafael Uribe Uribe", "DIRECCION": "CRA 26 B # 35 B - 49 Sur", "SITIO": "Bravo Páez", "NOMBRE": "Colegio Distrital Rafael Delgado Salguero (General Paez) - Sede A", "ABELARDO DE LA ESPRIELLA": 878.0, "CARLOS EDUARDO CAICEDO OMAR": 0.0, "CLAUDIA LÓPEZ": 60.0, "GUSTAVO MATAMOROS CAMACHO": 2.0, "IVÁN CEPEDA CASTRO": 1184.0, "LUIS GILBERTO MURILLO URRUTIA": 0.0, "MIGUEL URIBE LONDOÑO": 2.0, "PALOMA VALENCIA LASERNA": 209.0, "RAÚL SANTIAGO BOTERO JARAMILLO": 8.0, "ROY LEONARDO BARRERAS MONTEALEGRE": 2.0, "SERGIO FAJARDO VALDERRAMA": 116.0, "SONDRA MACOLLINS GARVIN PINTO": 0.0, "ÓSCAR MAURICIO LIZCANO ARANGO": 6.0, "TOTAL_VOTOS": 2467.0, "GANADOR": "IVÁN CEPEDA CASTRO", "VOTOS_GANADOR": 1184.0, "PCT_GANADOR": 48.0 }, "geometry": { "type": "Point", "coordinates": [ -74.12037854, 4.5848005 ] } },
{ "type": "Feature", "properties": { "LOCALIDAD": "Rafael Uribe Uribe", "DIRECCION": "CLL 32 Sur # 24 B - 20", "SITIO": "Libertador II", "NOMBRE": "Colegio Distrital El Libertador", "ABELARDO DE LA ESPRIELLA": 1487.0, "CARLOS EDUARDO CAICEDO OMAR": 0.0, "CLAUDIA LÓPEZ": 95.0, "GUSTAVO MATAMOROS CAMACHO": 1.0, "IVÁN CEPEDA CASTRO": 2042.0, "LUIS GILBERTO MURILLO URRUTIA": 1.0, "MIGUEL URIBE LONDOÑO": 4.0, "PALOMA VALENCIA LASERNA": 290.0, "RAÚL SANTIAGO BOTERO JARAMILLO": 31.0, "ROY LEONARDO BARRERAS MONTEALEGRE": 3.0, "SERGIO FAJARDO VALDERRAMA": 240.0, "SONDRA MACOLLINS GARVIN PINTO": 3.0, "ÓSCAR MAURICIO LIZCANO ARANGO": 10.0, "TOTAL_VOTOS": 4207.0, "GANADOR": "IVÁN CEPEDA CASTRO", "VOTOS_GANADOR": 2042.0, "PCT_GANADOR": 48.5 }, "geometry": { "type": "Point", "coordinates": [ -74.11613921, 4.58403661 ] } },
{ "type": "Feature", "properties": { "LOCALIDAD": "Rafael Uribe Uribe", "DIRECCION": "CRA 24 B # 29 A - 02 Sur", "SITIO": "Centenario", "NOMBRE": "Instituto San Pablo Apóstol - ISPA", "ABELARDO DE LA ESPRIELLA": 1043.0, "CARLOS EDUARDO CAICEDO OMAR": 1.0, "CLAUDIA LÓPEZ": 78.0, "GUSTAVO MATAMOROS CAMACHO": 1.0, "IVÁN CEPEDA CASTRO": 1341.0, "LUIS GILBERTO MURILLO URRUTIA": 3.0, "MIGUEL URIBE LONDOÑO": 1.0, "PALOMA VALENCIA LASERNA": 212.0, "RAÚL SANTIAGO BOTERO JARAMILLO": 26.0, "ROY LEONARDO BARRERAS MONTEALEGRE": 1.0, "SERGIO FAJARDO VALDERRAMA": 111.0, "SONDRA MACOLLINS GARVIN PINTO": 4.0, "ÓSCAR MAURICIO LIZCANO ARANGO": 9.0, "TOTAL_VOTOS": 2831.0, "GANADOR": "IVÁN CEPEDA CASTRO", "VOTOS_GANADOR": 1341.0, "PCT_GANADOR": 47.4 }, "geometry": { "type": "Point", "coordinates": [ -74.11268452, 4.58483538 ] } },
{ "type": "Feature", "properties": { "LOCALIDAD": "Rafael Uribe Uribe", "DIRECCION": "CLL 27 Sur # 22 A - 02", "SITIO": "Olaya", "NOMBRE": "Colegio Distrital Antonio Baraya -  Sede A", "ABELARDO DE LA ESPRIELLA": 1241.0, "CARLOS EDUARDO CAICEDO OMAR": 3.0, "CLAUDIA LÓPEZ": 106.0, "GUSTAVO MATAMOROS CAMACHO": 1.0, "IVÁN CEPEDA CASTRO": 1656.0, "LUIS GILBERTO MURILLO URRUTIA": 3.0, "MIGUEL URIBE LONDOÑO": 2.0, "PALOMA VALENCIA LASERNA": 292.0, "RAÚL SANTIAGO BOTERO JARAMILLO": 15.0, "ROY LEONARDO BARRERAS MONTEALEGRE": 2.0, "SERGIO FAJARDO VALDERRAMA": 202.0, "SONDRA MACOLLINS GARVIN PINTO": 1.0, "ÓSCAR MAURICIO LIZCANO ARANGO": 5.0, "TOTAL_VOTOS": 3529.0, "GANADOR": "IVÁN CEPEDA CASTRO", "VOTOS_GANADOR": 1656.0, "PCT_GANADOR": 46.9 }, "geometry": { "type": "Point", "coordinates": [ -74.10905679, 4.58349648 ] } },
{ "type": "Feature", "properties": { "LOCALIDAD": "Rafael Uribe Uribe", "DIRECCION": "CLL 30 Sur # 13 - 45", "SITIO": "Alejandro Obregón Gustavo Restrepo", "NOMBRE": "Colegio Distrital Alejandro Obregón", "ABELARDO DE LA ESPRIELLA": 1424.0, "CARLOS EDUARDO CAICEDO OMAR": 1.0, "CLAUDIA LÓPEZ": 117.0, "GUSTAVO MATAMOROS CAMACHO": 0.0, "IVÁN CEPEDA CASTRO": 1393.0, "LUIS GILBERTO MURILLO URRUTIA": 5.0, "MIGUEL URIBE LONDOÑO": 5.0, "PALOMA VALENCIA LASERNA": 387.0, "RAÚL SANTIAGO BOTERO JARAMILLO": 14.0, "ROY LEONARDO BARRERAS MONTEALEGRE": 1.0, "SERGIO FAJARDO VALDERRAMA": 169.0, "SONDRA MACOLLINS GARVIN PINTO": 4.0, "ÓSCAR MAURICIO LIZCANO ARANGO": 5.0, "TOTAL_VOTOS": 3525.0, "GANADOR": "ABELARDO DE LA ESPRIELLA", "VOTOS_GANADOR": 1424.0, "PCT_GANADOR": 40.4 }, "geometry": { "type": "Point", "coordinates": [ -74.10885291, 4.57649108 ] } },
{ "type": "Feature", "properties": { "LOCALIDAD": "Rafael Uribe Uribe", "DIRECCION": "CLL 30 Sur # 19 B - 25", "SITIO": "Quiroga", "NOMBRE": "Colegio Distrital Clemencia Holguín de Urdaneta", "ABELARDO DE LA ESPRIELLA": 1554.0, "CARLOS EDUARDO CAICEDO OMAR": 1.0, "CLAUDIA LÓPEZ": 100.0, "GUSTAVO MATAMOROS CAMACHO": 2.0, "IVÁN CEPEDA CASTRO": 2464.0, "LUIS GILBERTO MURILLO URRUTIA": 5.0, "MIGUEL URIBE LONDOÑO": 3.0, "PALOMA VALENCIA LASERNA": 304.0, "RAÚL SANTIAGO BOTERO JARAMILLO": 21.0, "ROY LEONARDO BARRERAS MONTEALEGRE": 1.0, "SERGIO FAJARDO VALDERRAMA": 296.0, "SONDRA MACOLLINS GARVIN PINTO": 4.0, "ÓSCAR MAURICIO LIZCANO ARANGO": 6.0, "TOTAL_VOTOS": 4761.0, "GANADOR": "IVÁN CEPEDA CASTRO", "VOTOS_GANADOR": 2464.0, "PCT_GANADOR": 51.8 }, "geometry": { "type": "Point", "coordinates": [ -74.11055171, 4.57922234 ] } },
{ "type": "Feature", "properties": { "LOCALIDAD": "Rafael Uribe Uribe", "DIRECCION": "CLL 32 Sur # 22 - 30", "SITIO": "Alcaldía Quiroga", "NOMBRE": "Colegio Distrital Clemencia de Caycedo", "ABELARDO DE LA ESPRIELLA": 1936.0, "CARLOS EDUARDO CAICEDO OMAR": 1.0, "CLAUDIA LÓPEZ": 150.0, "GUSTAVO MATAMOROS CAMACHO": 1.0, "IVÁN CEPEDA CASTRO": 2239.0, "LUIS GILBERTO MURILLO URRUTIA": 10.0, "MIGUEL URIBE LONDOÑO": 10.0, "PALOMA VALENCIA LASERNA": 480.0, "RAÚL SANTIAGO BOTERO JARAMILLO": 29.0, "ROY LEONARDO BARRERAS MONTEALEGRE": 2.0, "SERGIO FAJARDO VALDERRAMA": 234.0, "SONDRA MACOLLINS GARVIN PINTO": 6.0, "ÓSCAR MAURICIO LIZCANO ARANGO": 17.0, "TOTAL_VOTOS": 5115.0, "GANADOR": "IVÁN CEPEDA CASTRO", "VOTOS_GANADOR": 2239.0, "PCT_GANADOR": 43.8 }, "geometry": { "type": "Point", "coordinates": [ -74.11464626, 4.58046976 ] } },
{ "type": "Feature", "properties": { "LOCALIDAD": "Rafael Uribe Uribe", "DIRECCION": "CRA 10 A # 39 - 05 Sur", "SITIO": "Las Lomas", "NOMBRE": "Colegio Distrital Misael Pastrana Borrero", "ABELARDO DE LA ESPRIELLA": 985.0, "CARLOS EDUARDO CAICEDO OMAR": 4.0, "CLAUDIA LÓPEZ": 152.0, "GUSTAVO MATAMOROS CAMACHO": 0.0, "IVÁN CEPEDA CASTRO": 2370.0, "LUIS GILBERTO MURILLO URRUTIA": 3.0, "MIGUEL URIBE LONDOÑO": 9.0, "PALOMA VALENCIA LASERNA": 292.0, "RAÚL SANTIAGO BOTERO JARAMILLO": 39.0, "ROY LEONARDO BARRERAS MONTEALEGRE": 2.0, "SERGIO FAJARDO VALDERRAMA": 167.0, "SONDRA MACOLLINS GARVIN PINTO": 5.0, "ÓSCAR MAURICIO LIZCANO ARANGO": 15.0, "TOTAL_VOTOS": 4043.0, "GANADOR": "IVÁN CEPEDA CASTRO", "VOTOS_GANADOR": 2370.0, "PCT_GANADOR": 58.6 }, "geometry": { "type": "Point", "coordinates": [ -74.10835908, 4.56467151 ] } },
{ "type": "Feature", "properties": { "LOCALIDAD": "Ciudad Bolívar", "DIRECCION": "CLL 64 Sur # 71 F - 18", "SITIO": "Ismael Perdomo", "NOMBRE": "Colegio Distrital Ismael Perdomo", "ABELARDO DE LA ESPRIELLA": 2982.0, "CARLOS EDUARDO CAICEDO OMAR": 4.0, "CLAUDIA LÓPEZ": 393.0, "GUSTAVO MATAMOROS CAMACHO": 4.0, "IVÁN CEPEDA CASTRO": 5109.0, "LUIS GILBERTO MURILLO URRUTIA": 8.0, "MIGUEL URIBE LONDOÑO": 21.0, "PALOMA VALENCIA LASERNA": 784.0, "RAÚL SANTIAGO BOTERO JARAMILLO": 76.0, "ROY LEONARDO BARRERAS MONTEALEGRE": 11.0, "SERGIO FAJARDO VALDERRAMA": 357.0, "SONDRA MACOLLINS GARVIN PINTO": 13.0, "ÓSCAR MAURICIO LIZCANO ARANGO": 20.0, "TOTAL_VOTOS": 9782.0, "GANADOR": "IVÁN CEPEDA CASTRO", "VOTOS_GANADOR": 5109.0, "PCT_GANADOR": 52.2 }, "geometry": { "type": "Point", "coordinates": [ -74.1654152, 4.5872227 ] } },
{ "type": "Feature", "properties": { "LOCALIDAD": "Ciudad Bolívar", "DIRECCION": "CLL 72 Sur # 47 B - 09", "SITIO": "Nueva Argentina", "NOMBRE": "Colegio Distrital Ciudad Bolívar Argentina - Sede B", "ABELARDO DE LA ESPRIELLA": 504.0, "CARLOS EDUARDO CAICEDO OMAR": 0.0, "CLAUDIA LÓPEZ": 74.0, "GUSTAVO MATAMOROS CAMACHO": 0.0, "IVÁN CEPEDA CASTRO": 863.0, "LUIS GILBERTO MURILLO URRUTIA": 4.0, "MIGUEL URIBE LONDOÑO": 4.0, "PALOMA VALENCIA LASERNA": 114.0, "RAÚL SANTIAGO BOTERO JARAMILLO": 18.0, "ROY LEONARDO BARRERAS MONTEALEGRE": 0.0, "SERGIO FAJARDO VALDERRAMA": 58.0, "SONDRA MACOLLINS GARVIN PINTO": 0.0, "ÓSCAR MAURICIO LIZCANO ARANGO": 5.0, "TOTAL_VOTOS": 1644.0, "GANADOR": "IVÁN CEPEDA CASTRO", "VOTOS_GANADOR": 863.0, "PCT_GANADOR": 52.5 }, "geometry": { "type": "Point", "coordinates": [ -74.16226333, 4.57326618 ] } },
{ "type": "Feature", "properties": { "LOCALIDAD": "Ciudad Bolívar", "DIRECCION": "CRA 27 B # 71 C - 12 Sur", "SITIO": "El Paraíso", "NOMBRE": "Colegio Distrital Paraíso Mirador - Sede B", "ABELARDO DE LA ESPRIELLA": 942.0, "CARLOS EDUARDO CAICEDO OMAR": 4.0, "CLAUDIA LÓPEZ": 152.0, "GUSTAVO MATAMOROS CAMACHO": 1.0, "IVÁN CEPEDA CASTRO": 2287.0, "LUIS GILBERTO MURILLO URRUTIA": 3.0, "MIGUEL URIBE LONDOÑO": 8.0, "PALOMA VALENCIA LASERNA": 240.0, "RAÚL SANTIAGO BOTERO JARAMILLO": 69.0, "ROY LEONARDO BARRERAS MONTEALEGRE": 2.0, "SERGIO FAJARDO VALDERRAMA": 78.0, "SONDRA MACOLLINS GARVIN PINTO": 5.0, "ÓSCAR MAURICIO LIZCANO ARANGO": 8.0, "TOTAL_VOTOS": 3799.0, "GANADOR": "IVÁN CEPEDA CASTRO", "VOTOS_GANADOR": 2287.0, "PCT_GANADOR": 60.2 }, "geometry": { "type": "Point", "coordinates": [ -74.15899212, 4.55238876 ] } },
{ "type": "Feature", "properties": { "LOCALIDAD": "Ciudad Bolívar", "DIRECCION": "CRA 17 F # 73 A - 31 Sur", "SITIO": "Sotavento", "NOMBRE": "Colegio Distrital Antonio García", "ABELARDO DE LA ESPRIELLA": 1909.0, "CARLOS EDUARDO CAICEDO OMAR": 6.0, "CLAUDIA LÓPEZ": 243.0, "GUSTAVO MATAMOROS CAMACHO": 2.0, "IVÁN CEPEDA CASTRO": 4282.0, "LUIS GILBERTO MURILLO URRUTIA": 8.0, "MIGUEL URIBE LONDOÑO": 8.0, "PALOMA VALENCIA LASERNA": 458.0, "RAÚL SANTIAGO BOTERO JARAMILLO": 69.0, "ROY LEONARDO BARRERAS MONTEALEGRE": 2.0, "SERGIO FAJARDO VALDERRAMA": 279.0, "SONDRA MACOLLINS GARVIN PINTO": 9.0, "ÓSCAR MAURICIO LIZCANO ARANGO": 13.0, "TOTAL_VOTOS": 7288.0, "GANADOR": "IVÁN CEPEDA CASTRO", "VOTOS_GANADOR": 4282.0, "PCT_GANADOR": 58.8 }, "geometry": { "type": "Point", "coordinates": [ -74.13939967, 4.54440031 ] } },
{ "type": "Feature", "properties": { "LOCALIDAD": "Ciudad Bolívar", "DIRECCION": "CRA 18 M # 69 J - 25 Sur", "SITIO": "Villa Gloria Sur", "NOMBRE": "Colegio Distrital Villa Mar - Sede A", "ABELARDO DE LA ESPRIELLA": 326.0, "CARLOS EDUARDO CAICEDO OMAR": 1.0, "CLAUDIA LÓPEZ": 46.0, "GUSTAVO MATAMOROS CAMACHO": 2.0, "IVÁN CEPEDA CASTRO": 893.0, "LUIS GILBERTO MURILLO URRUTIA": 0.0, "MIGUEL URIBE LONDOÑO": 3.0, "PALOMA VALENCIA LASERNA": 112.0, "RAÚL SANTIAGO BOTERO JARAMILLO": 14.0, "ROY LEONARDO BARRERAS MONTEALEGRE": 1.0, "SERGIO FAJARDO VALDERRAMA": 28.0, "SONDRA MACOLLINS GARVIN PINTO": 3.0, "ÓSCAR MAURICIO LIZCANO ARANGO": 7.0, "TOTAL_VOTOS": 1436.0, "GANADOR": "IVÁN CEPEDA CASTRO", "VOTOS_GANADOR": 893.0, "PCT_GANADOR": 62.2 }, "geometry": { "type": "Point", "coordinates": [ -74.1527506, 4.55345947 ] } },
{ "type": "Feature", "properties": { "LOCALIDAD": "Ciudad Bolívar", "DIRECCION": "CLL 60 A Sur # 73 - 31", "SITIO": "Galicia", "NOMBRE": "Colegio Distrital Cundinamarca", "ABELARDO DE LA ESPRIELLA": 2879.0, "CARLOS EDUARDO CAICEDO OMAR": 1.0, "CLAUDIA LÓPEZ": 311.0, "GUSTAVO MATAMOROS CAMACHO": 5.0, "IVÁN CEPEDA CASTRO": 6145.0, "LUIS GILBERTO MURILLO URRUTIA": 9.0, "MIGUEL URIBE LONDOÑO": 14.0, "PALOMA VALENCIA LASERNA": 670.0, "RAÚL SANTIAGO BOTERO JARAMILLO": 75.0, "ROY LEONARDO BARRERAS MONTEALEGRE": 7.0, "SERGIO FAJARDO VALDERRAMA": 525.0, "SONDRA MACOLLINS GARVIN PINTO": 7.0, "ÓSCAR MAURICIO LIZCANO ARANGO": 13.0, "TOTAL_VOTOS": 10661.0, "GANADOR": "IVÁN CEPEDA CASTRO", "VOTOS_GANADOR": 6145.0, "PCT_GANADOR": 57.6 }, "geometry": { "type": "Point", "coordinates": [ -74.17067692, 4.59099991 ] } },
{ "type": "Feature", "properties": { "LOCALIDAD": "Ciudad Bolívar", "DIRECCION": "CLL 57 Z Sur # 75 D - 10 / CRA 76A Sur # 57 R - 10S", "SITIO": "Casavianca- Universidad ECCI Sede Sur", "NOMBRE": "Universidad ECCI Sede Sur", "ABELARDO DE LA ESPRIELLA": 794.0, "CARLOS EDUARDO CAICEDO OMAR": 0.0, "CLAUDIA LÓPEZ": 62.0, "GUSTAVO MATAMOROS CAMACHO": 3.0, "IVÁN CEPEDA CASTRO": 1377.0, "LUIS GILBERTO MURILLO URRUTIA": 1.0, "MIGUEL URIBE LONDOÑO": 1.0, "PALOMA VALENCIA LASERNA": 173.0, "RAÚL SANTIAGO BOTERO JARAMILLO": 23.0, "ROY LEONARDO BARRERAS MONTEALEGRE": 1.0, "SERGIO FAJARDO VALDERRAMA": 82.0, "SONDRA MACOLLINS GARVIN PINTO": 2.0, "ÓSCAR MAURICIO LIZCANO ARANGO": 3.0, "TOTAL_VOTOS": 2522.0, "GANADOR": "IVÁN CEPEDA CASTRO", "VOTOS_GANADOR": 1377.0, "PCT_GANADOR": 54.6 }, "geometry": { "type": "Point", "coordinates": [ -74.18008043, 4.5962777 ] } },
{ "type": "Feature", "properties": { "LOCALIDAD": "Ciudad Bolívar", "DIRECCION": "CLL 58 D Sur # 51 - 10", "SITIO": "Casona - Colegio Distrital Maria Currea Manrique", "NOMBRE": "Facultad Tecnológica Universidad Distrital", "ABELARDO DE LA ESPRIELLA": 2834.0, "CARLOS EDUARDO CAICEDO OMAR": 4.0, "CLAUDIA LÓPEZ": 284.0, "GUSTAVO MATAMOROS CAMACHO": 6.0, "IVÁN CEPEDA CASTRO": 4467.0, "LUIS GILBERTO MURILLO URRUTIA": 10.0, "MIGUEL URIBE LONDOÑO": 11.0, "PALOMA VALENCIA LASERNA": 667.0, "RAÚL SANTIAGO BOTERO JARAMILLO": 61.0, "ROY LEONARDO BARRERAS MONTEALEGRE": 1.0, "SERGIO FAJARDO VALDERRAMA": 367.0, "SONDRA MACOLLINS GARVIN PINTO": 7.0, "ÓSCAR MAURICIO LIZCANO ARANGO": 18.0, "TOTAL_VOTOS": 8737.0, "GANADOR": "IVÁN CEPEDA CASTRO", "VOTOS_GANADOR": 4467.0, "PCT_GANADOR": 51.1 }, "geometry": { "type": "Point", "coordinates": [ -74.15309675, 4.58150128 ] } },
{ "type": "Feature", "properties": { "LOCALIDAD": "Ciudad Bolívar", "DIRECCION": "TRV 46 A # 79 D - 15 Sur", "SITIO": "Potosí (La Laguna)", "NOMBRE": "Colegio Distrital Sierra Morena -  Sede C (Divino Niño)", "ABELARDO DE LA ESPRIELLA": 747.0, "CARLOS EDUARDO CAICEDO OMAR": 0.0, "CLAUDIA LÓPEZ": 95.0, "GUSTAVO MATAMOROS CAMACHO": 1.0, "IVÁN CEPEDA CASTRO": 1715.0, "LUIS GILBERTO MURILLO URRUTIA": 2.0, "MIGUEL URIBE LONDOÑO": 8.0, "PALOMA VALENCIA LASERNA": 180.0, "RAÚL SANTIAGO BOTERO JARAMILLO": 44.0, "ROY LEONARDO BARRERAS MONTEALEGRE": 0.0, "SERGIO FAJARDO VALDERRAMA": 44.0, "SONDRA MACOLLINS GARVIN PINTO": 5.0, "ÓSCAR MAURICIO LIZCANO ARANGO": 7.0, "TOTAL_VOTOS": 2848.0, "GANADOR": "IVÁN CEPEDA CASTRO", "VOTOS_GANADOR": 1715.0, "PCT_GANADOR": 60.2 }, "geometry": { "type": "Point", "coordinates": [ -74.169542, 4.5708712 ] } },
{ "type": "Feature", "properties": { "LOCALIDAD": "Ciudad Bolívar", "DIRECCION": "CRA 18 K Bis # 61 B - 52 Sur", "SITIO": "Altos de Jalisco", "NOMBRE": "Salón Comunal", "ABELARDO DE LA ESPRIELLA": 198.0, "CARLOS EDUARDO CAICEDO OMAR": 1.0, "CLAUDIA LÓPEZ": 23.0, "GUSTAVO MATAMOROS CAMACHO": 0.0, "IVÁN CEPEDA CASTRO": 451.0, "LUIS GILBERTO MURILLO URRUTIA": 2.0, "MIGUEL URIBE LONDOÑO": 3.0, "PALOMA VALENCIA LASERNA": 68.0, "RAÚL SANTIAGO BOTERO JARAMILLO": 7.0, "ROY LEONARDO BARRERAS MONTEALEGRE": 1.0, "SERGIO FAJARDO VALDERRAMA": 11.0, "SONDRA MACOLLINS GARVIN PINTO": 3.0, "ÓSCAR MAURICIO LIZCANO ARANGO": 2.0, "TOTAL_VOTOS": 770.0, "GANADOR": "IVÁN CEPEDA CASTRO", "VOTOS_GANADOR": 451.0, "PCT_GANADOR": 58.6 }, "geometry": { "type": "Point", "coordinates": [ -74.13929742, 4.55577596 ] } },
{ "type": "Feature", "properties": { "LOCALIDAD": "Ciudad Bolívar", "DIRECCION": "CLL 74 A Sur # 18 - 23", "SITIO": "Estrella del Sur", "NOMBRE": "Colegio Distrital Estrella del Sur - Sede C", "ABELARDO DE LA ESPRIELLA": 767.0, "CARLOS EDUARDO CAICEDO OMAR": 1.0, "CLAUDIA LÓPEZ": 134.0, "GUSTAVO MATAMOROS CAMACHO": 0.0, "IVÁN CEPEDA CASTRO": 1844.0, "LUIS GILBERTO MURILLO URRUTIA": 2.0, "MIGUEL URIBE LONDOÑO": 4.0, "PALOMA VALENCIA LASERNA": 259.0, "RAÚL SANTIAGO BOTERO JARAMILLO": 36.0, "ROY LEONARDO BARRERAS MONTEALEGRE": 1.0, "SERGIO FAJARDO VALDERRAMA": 78.0, "SONDRA MACOLLINS GARVIN PINTO": 1.0, "ÓSCAR MAURICIO LIZCANO ARANGO": 12.0, "TOTAL_VOTOS": 3139.0, "GANADOR": "IVÁN CEPEDA CASTRO", "VOTOS_GANADOR": 1844.0, "PCT_GANADOR": 58.7 }, "geometry": { "type": "Point", "coordinates": [ -74.14255464, 4.54309905 ] } },
{ "type": "Feature", "properties": { "LOCALIDAD": "Ciudad Bolívar", "DIRECCION": "CLL 77 Sur # 73 C 18", "SITIO": "Caracolí", "NOMBRE": "Salón Comunal Nuevo Caracolí", "ABELARDO DE LA ESPRIELLA": 319.0, "CARLOS EDUARDO CAICEDO OMAR": 0.0, "CLAUDIA LÓPEZ": 44.0, "GUSTAVO MATAMOROS CAMACHO": 0.0, "IVÁN CEPEDA CASTRO": 878.0, "LUIS GILBERTO MURILLO URRUTIA": 1.0, "MIGUEL URIBE LONDOÑO": 0.0, "PALOMA VALENCIA LASERNA": 61.0, "RAÚL SANTIAGO BOTERO JARAMILLO": 25.0, "ROY LEONARDO BARRERAS MONTEALEGRE": 0.0, "SERGIO FAJARDO VALDERRAMA": 22.0, "SONDRA MACOLLINS GARVIN PINTO": 1.0, "ÓSCAR MAURICIO LIZCANO ARANGO": 4.0, "TOTAL_VOTOS": 1355.0, "GANADOR": "IVÁN CEPEDA CASTRO", "VOTOS_GANADOR": 878.0, "PCT_GANADOR": 64.8 }, "geometry": { "type": "Point", "coordinates": [ -74.17115117, 4.57264019 ] } },
{ "type": "Feature", "properties": { "LOCALIDAD": "Ciudad Bolívar", "DIRECCION": "CLL 76 Sur # 24 A - 11", "SITIO": "Brisas del Volador", "NOMBRE": "Colegio Distrital República de Canadá", "ABELARDO DE LA ESPRIELLA": 396.0, "CARLOS EDUARDO CAICEDO OMAR": 0.0, "CLAUDIA LÓPEZ": 55.0, "GUSTAVO MATAMOROS CAMACHO": 0.0, "IVÁN CEPEDA CASTRO": 1075.0, "LUIS GILBERTO MURILLO URRUTIA": 0.0, "MIGUEL URIBE LONDOÑO": 4.0, "PALOMA VALENCIA LASERNA": 72.0, "RAÚL SANTIAGO BOTERO JARAMILLO": 31.0, "ROY LEONARDO BARRERAS MONTEALEGRE": 0.0, "SERGIO FAJARDO VALDERRAMA": 35.0, "SONDRA MACOLLINS GARVIN PINTO": 3.0, "ÓSCAR MAURICIO LIZCANO ARANGO": 2.0, "TOTAL_VOTOS": 1673.0, "GANADOR": "IVÁN CEPEDA CASTRO", "VOTOS_GANADOR": 1075.0, "PCT_GANADOR": 64.3 }, "geometry": { "type": "Point", "coordinates": [ -74.15459904, 4.54108558 ] } },
{ "type": "Feature", "properties": { "LOCALIDAD": "Ciudad Bolívar", "DIRECCION": "CLL 78 C Sur # 16 - 29 /CLL 78 C Sur # 16 P - 29", "SITIO": "Divino Niño", "NOMBRE": "Comedor Comunitario", "ABELARDO DE LA ESPRIELLA": 225.0, "CARLOS EDUARDO CAICEDO OMAR": 2.0, "CLAUDIA LÓPEZ": 33.0, "GUSTAVO MATAMOROS CAMACHO": 0.0, "IVÁN CEPEDA CASTRO": 555.0, "LUIS GILBERTO MURILLO URRUTIA": 2.0, "MIGUEL URIBE LONDOÑO": 2.0, "PALOMA VALENCIA LASERNA": 51.0, "RAÚL SANTIAGO BOTERO JARAMILLO": 16.0, "ROY LEONARDO BARRERAS MONTEALEGRE": 1.0, "SERGIO FAJARDO VALDERRAMA": 36.0, "SONDRA MACOLLINS GARVIN PINTO": 2.0, "ÓSCAR MAURICIO LIZCANO ARANGO": 0.0, "TOTAL_VOTOS": 925.0, "GANADOR": "IVÁN CEPEDA CASTRO", "VOTOS_GANADOR": 555.0, "PCT_GANADOR": 60.0 }, "geometry": { "type": "Point", "coordinates": [ -74.13810352, 4.53780919 ] } },
{ "type": "Feature", "properties": { "LOCALIDAD": "Ciudad Bolívar", "DIRECCION": "CLL 68 D Bis A Sur # 63 - 34 / CLL 68 D Bis A Sur # 63 - 35", "SITIO": "Casa Grande - Colegio Distrital Agudelo Restrepo", "NOMBRE": "Casa Grande - Col Dist Agudelo Restrepo", "ABELARDO DE LA ESPRIELLA": 869.0, "CARLOS EDUARDO CAICEDO OMAR": 0.0, "CLAUDIA LÓPEZ": 83.0, "GUSTAVO MATAMOROS CAMACHO": 0.0, "IVÁN CEPEDA CASTRO": 1510.0, "LUIS GILBERTO MURILLO URRUTIA": 6.0, "MIGUEL URIBE LONDOÑO": 2.0, "PALOMA VALENCIA LASERNA": 207.0, "RAÚL SANTIAGO BOTERO JARAMILLO": 16.0, "ROY LEONARDO BARRERAS MONTEALEGRE": 0.0, "SERGIO FAJARDO VALDERRAMA": 144.0, "SONDRA MACOLLINS GARVIN PINTO": 1.0, "ÓSCAR MAURICIO LIZCANO ARANGO": 12.0, "TOTAL_VOTOS": 2850.0, "GANADOR": "IVÁN CEPEDA CASTRO", "VOTOS_GANADOR": 1510.0, "PCT_GANADOR": 53.0 }, "geometry": { "type": "Point", "coordinates": [ -74.16048695, 4.58118199 ] } },
{ "type": "Feature", "properties": { "LOCALIDAD": "Barrios Unidos", "DIRECCION": "CLL 74 A # 62 - 44", "SITIO": "Simón Bolívar", "NOMBRE": "Colegio Distrital Tomás Carrasquilla - sede A", "ABELARDO DE LA ESPRIELLA": 2636.0, "CARLOS EDUARDO CAICEDO OMAR": 3.0, "CLAUDIA LÓPEZ": 174.0, "GUSTAVO MATAMOROS CAMACHO": 0.0, "IVÁN CEPEDA CASTRO": 2303.0, "LUIS GILBERTO MURILLO URRUTIA": 3.0, "MIGUEL URIBE LONDOÑO": 12.0, "PALOMA VALENCIA LASERNA": 576.0, "RAÚL SANTIAGO BOTERO JARAMILLO": 31.0, "ROY LEONARDO BARRERAS MONTEALEGRE": 1.0, "SERGIO FAJARDO VALDERRAMA": 377.0, "SONDRA MACOLLINS GARVIN PINTO": 4.0, "ÓSCAR MAURICIO LIZCANO ARANGO": 16.0, "TOTAL_VOTOS": 6136.0, "GANADOR": "ABELARDO DE LA ESPRIELLA", "VOTOS_GANADOR": 2636.0, "PCT_GANADOR": 43.0 }, "geometry": { "type": "Point", "coordinates": [ -74.08023466, 4.67576162 ] } },
{ "type": "Feature", "properties": { "LOCALIDAD": "Ciudad Bolívar", "DIRECCION": "DIAG 64 A Sur # 41 - 51 / CRA 43A # 66-51 Sur", "SITIO": "Candelaria La Nueva", "NOMBRE": "Colegio Distrital Rodrigo Lara Bonilla", "ABELARDO DE LA ESPRIELLA": 3127.0, "CARLOS EDUARDO CAICEDO OMAR": 5.0, "CLAUDIA LÓPEZ": 348.0, "GUSTAVO MATAMOROS CAMACHO": 6.0, "IVÁN CEPEDA CASTRO": 5510.0, "LUIS GILBERTO MURILLO URRUTIA": 13.0, "MIGUEL URIBE LONDOÑO": 17.0, "PALOMA VALENCIA LASERNA": 750.0, "RAÚL SANTIAGO BOTERO JARAMILLO": 72.0, "ROY LEONARDO BARRERAS MONTEALEGRE": 6.0, "SERGIO FAJARDO VALDERRAMA": 403.0, "SONDRA MACOLLINS GARVIN PINTO": 8.0, "ÓSCAR MAURICIO LIZCANO ARANGO": 31.0, "TOTAL_VOTOS": 10296.0, "GANADOR": "IVÁN CEPEDA CASTRO", "VOTOS_GANADOR": 5510.0, "PCT_GANADOR": 53.5 }, "geometry": { "type": "Point", "coordinates": [ -74.15287385, 4.57110385 ] } },
{ "type": "Feature", "properties": { "LOCALIDAD": "Usme", "DIRECCION": "KM 8 Vía San Juan de Sumapáz", "SITIO": "El Destino", "NOMBRE": "Colegio Distrital El Destino", "ABELARDO DE LA ESPRIELLA": 176.0, "CARLOS EDUARDO CAICEDO OMAR": 0.0, "CLAUDIA LÓPEZ": 9.0, "GUSTAVO MATAMOROS CAMACHO": 1.0, "IVÁN CEPEDA CASTRO": 408.0, "LUIS GILBERTO MURILLO URRUTIA": 2.0, "MIGUEL URIBE LONDOÑO": 2.0, "PALOMA VALENCIA LASERNA": 41.0, "RAÚL SANTIAGO BOTERO JARAMILLO": 12.0, "ROY LEONARDO BARRERAS MONTEALEGRE": 1.0, "SERGIO FAJARDO VALDERRAMA": 14.0, "SONDRA MACOLLINS GARVIN PINTO": 1.0, "ÓSCAR MAURICIO LIZCANO ARANGO": 1.0, "TOTAL_VOTOS": 668.0, "GANADOR": "IVÁN CEPEDA CASTRO", "VOTOS_GANADOR": 408.0, "PCT_GANADOR": 61.1 }, "geometry": { "type": "Point", "coordinates": [ -74.13895919, 4.408203 ] } },
{ "type": "Feature", "properties": { "LOCALIDAD": "Usme", "DIRECCION": "Kilómetro 14 Vía San Juan de Sumapáz", "SITIO": "El Hato", "NOMBRE": "Colegio Distrital El Hato", "ABELARDO DE LA ESPRIELLA": 92.0, "CARLOS EDUARDO CAICEDO OMAR": 0.0, "CLAUDIA LÓPEZ": 4.0, "GUSTAVO MATAMOROS CAMACHO": 0.0, "IVÁN CEPEDA CASTRO": 266.0, "LUIS GILBERTO MURILLO URRUTIA": 0.0, "MIGUEL URIBE LONDOÑO": 3.0, "PALOMA VALENCIA LASERNA": 19.0, "RAÚL SANTIAGO BOTERO JARAMILLO": 7.0, "ROY LEONARDO BARRERAS MONTEALEGRE": 0.0, "SERGIO FAJARDO VALDERRAMA": 6.0, "SONDRA MACOLLINS GARVIN PINTO": 0.0, "ÓSCAR MAURICIO LIZCANO ARANGO": 1.0, "TOTAL_VOTOS": 398.0, "GANADOR": "IVÁN CEPEDA CASTRO", "VOTOS_GANADOR": 266.0, "PCT_GANADOR": 66.8 }, "geometry": { "type": "Point", "coordinates": [ -74.17951988, 4.36958887 ] } },
{ "type": "Feature", "properties": { "LOCALIDAD": "Ciudad Bolívar", "DIRECCION": "KM 5 Vía Olarte", "SITIO": "Pasquilla", "NOMBRE": "Colegio Distrital Rural Pasquilla", "ABELARDO DE LA ESPRIELLA": 165.0, "CARLOS EDUARDO CAICEDO OMAR": 0.0, "CLAUDIA LÓPEZ": 17.0, "GUSTAVO MATAMOROS CAMACHO": 1.0, "IVÁN CEPEDA CASTRO": 428.0, "LUIS GILBERTO MURILLO URRUTIA": 0.0, "MIGUEL URIBE LONDOÑO": 1.0, "PALOMA VALENCIA LASERNA": 38.0, "RAÚL SANTIAGO BOTERO JARAMILLO": 9.0, "ROY LEONARDO BARRERAS MONTEALEGRE": 0.0, "SERGIO FAJARDO VALDERRAMA": 18.0, "SONDRA MACOLLINS GARVIN PINTO": 0.0, "ÓSCAR MAURICIO LIZCANO ARANGO": 1.0, "TOTAL_VOTOS": 678.0, "GANADOR": "IVÁN CEPEDA CASTRO", "VOTOS_GANADOR": 428.0, "PCT_GANADOR": 63.1 }, "geometry": { "type": "Point", "coordinates": [ -74.15583652, 4.44845159 ] } },
{ "type": "Feature", "properties": { "LOCALIDAD": "Ciudad Bolívar", "DIRECCION": "KM 24 Vía a Pasquilla", "SITIO": "Mochuelo Alto", "NOMBRE": "Colegio Distrital Rural Mochuelo Alto", "ABELARDO DE LA ESPRIELLA": 114.0, "CARLOS EDUARDO CAICEDO OMAR": 0.0, "CLAUDIA LÓPEZ": 15.0, "GUSTAVO MATAMOROS CAMACHO": 0.0, "IVÁN CEPEDA CASTRO": 391.0, "LUIS GILBERTO MURILLO URRUTIA": 0.0, "MIGUEL URIBE LONDOÑO": 2.0, "PALOMA VALENCIA LASERNA": 39.0, "RAÚL SANTIAGO BOTERO JARAMILLO": 7.0, "ROY LEONARDO BARRERAS MONTEALEGRE": 0.0, "SERGIO FAJARDO VALDERRAMA": 14.0, "SONDRA MACOLLINS GARVIN PINTO": 2.0, "ÓSCAR MAURICIO LIZCANO ARANGO": 1.0, "TOTAL_VOTOS": 585.0, "GANADOR": "IVÁN CEPEDA CASTRO", "VOTOS_GANADOR": 391.0, "PCT_GANADOR": 66.8 }, "geometry": { "type": "Point", "coordinates": [ -74.14828891, 4.48879561 ] } },
{ "type": "Feature", "properties": { "LOCALIDAD": "Ciudad Bolívar", "DIRECCION": "El Clavel KM 10 Vía Quiba", "SITIO": "Mochuelo Bajo", "NOMBRE": "Colegio Distrital José Celestino Mutis", "ABELARDO DE LA ESPRIELLA": 306.0, "CARLOS EDUARDO CAICEDO OMAR": 0.0, "CLAUDIA LÓPEZ": 56.0, "GUSTAVO MATAMOROS CAMACHO": 1.0, "IVÁN CEPEDA CASTRO": 1164.0, "LUIS GILBERTO MURILLO URRUTIA": 1.0, "MIGUEL URIBE LONDOÑO": 3.0, "PALOMA VALENCIA LASERNA": 71.0, "RAÚL SANTIAGO BOTERO JARAMILLO": 31.0, "ROY LEONARDO BARRERAS MONTEALEGRE": 2.0, "SERGIO FAJARDO VALDERRAMA": 32.0, "SONDRA MACOLLINS GARVIN PINTO": 5.0, "ÓSCAR MAURICIO LIZCANO ARANGO": 3.0, "TOTAL_VOTOS": 1675.0, "GANADOR": "IVÁN CEPEDA CASTRO", "VOTOS_GANADOR": 1164.0, "PCT_GANADOR": 69.5 }, "geometry": { "type": "Point", "coordinates": [ -74.15202864, 4.51041423 ] } },
{ "type": "Feature", "properties": { "LOCALIDAD": "Ciudad Bolívar", "DIRECCION": "Kilómetro 20 Vía a Quiba", "SITIO": "Vereda Quiba", "NOMBRE": "Colegio Distrital Quiba Alta San Martín - Sede B", "ABELARDO DE LA ESPRIELLA": 257.0, "CARLOS EDUARDO CAICEDO OMAR": 0.0, "CLAUDIA LÓPEZ": 22.0, "GUSTAVO MATAMOROS CAMACHO": 1.0, "IVÁN CEPEDA CASTRO": 447.0, "LUIS GILBERTO MURILLO URRUTIA": 1.0, "MIGUEL URIBE LONDOÑO": 6.0, "PALOMA VALENCIA LASERNA": 52.0, "RAÚL SANTIAGO BOTERO JARAMILLO": 16.0, "ROY LEONARDO BARRERAS MONTEALEGRE": 1.0, "SERGIO FAJARDO VALDERRAMA": 18.0, "SONDRA MACOLLINS GARVIN PINTO": 1.0, "ÓSCAR MAURICIO LIZCANO ARANGO": 4.0, "TOTAL_VOTOS": 826.0, "GANADOR": "IVÁN CEPEDA CASTRO", "VOTOS_GANADOR": 447.0, "PCT_GANADOR": 54.1 }, "geometry": { "type": "Point", "coordinates": [ -74.16620635, 4.52830382 ] } },
{ "type": "Feature", "properties": { "LOCALIDAD": "Ciudad Bolívar", "DIRECCION": "Vereda Santa Rosa Zona Rural Ciudad Bolívar Vía Pasquilla", "SITIO": "Santa Rosa", "NOMBRE": "Vereda Santa Rosa", "ABELARDO DE LA ESPRIELLA": 11.0, "CARLOS EDUARDO CAICEDO OMAR": 0.0, "CLAUDIA LÓPEZ": 4.0, "GUSTAVO MATAMOROS CAMACHO": 0.0, "IVÁN CEPEDA CASTRO": 46.0, "LUIS GILBERTO MURILLO URRUTIA": 0.0, "MIGUEL URIBE LONDOÑO": 1.0, "PALOMA VALENCIA LASERNA": 8.0, "RAÚL SANTIAGO BOTERO JARAMILLO": 2.0, "ROY LEONARDO BARRERAS MONTEALEGRE": 1.0, "SERGIO FAJARDO VALDERRAMA": 0.0, "SONDRA MACOLLINS GARVIN PINTO": 0.0, "ÓSCAR MAURICIO LIZCANO ARANGO": 0.0, "TOTAL_VOTOS": 73.0, "GANADOR": "IVÁN CEPEDA CASTRO", "VOTOS_GANADOR": 46.0, "PCT_GANADOR": 63.0 }, "geometry": { "type": "Point", "coordinates": [ -74.16104312, 4.39716816 ] } },
{ "type": "Feature", "properties": { "LOCALIDAD": "Sumapaz", "DIRECCION": "Centro Poblado Corregimiento de Nazareth", "SITIO": "Nazareth", "NOMBRE": "Salón Comunal Nazareth", "ABELARDO DE LA ESPRIELLA": 130.0, "CARLOS EDUARDO CAICEDO OMAR": 0.0, "CLAUDIA LÓPEZ": 8.0, "GUSTAVO MATAMOROS CAMACHO": 0.0, "IVÁN CEPEDA CASTRO": 268.0, "LUIS GILBERTO MURILLO URRUTIA": 0.0, "MIGUEL URIBE LONDOÑO": 1.0, "PALOMA VALENCIA LASERNA": 37.0, "RAÚL SANTIAGO BOTERO JARAMILLO": 5.0, "ROY LEONARDO BARRERAS MONTEALEGRE": 0.0, "SERGIO FAJARDO VALDERRAMA": 13.0, "SONDRA MACOLLINS GARVIN PINTO": 0.0, "ÓSCAR MAURICIO LIZCANO ARANGO": 0.0, "TOTAL_VOTOS": 462.0, "GANADOR": "IVÁN CEPEDA CASTRO", "VOTOS_GANADOR": 268.0, "PCT_GANADOR": 58.0 }, "geometry": { "type": "Point", "coordinates": [ -74.14727385, 4.17263029 ] } },
{ "type": "Feature", "properties": { "LOCALIDAD": "Sumapaz", "DIRECCION": "Centro Poblado Corregimiento de Betania", "SITIO": "Betania", "NOMBRE": "Salón Comunal de Betania", "ABELARDO DE LA ESPRIELLA": 143.0, "CARLOS EDUARDO CAICEDO OMAR": 1.0, "CLAUDIA LÓPEZ": 8.0, "GUSTAVO MATAMOROS CAMACHO": 0.0, "IVÁN CEPEDA CASTRO": 134.0, "LUIS GILBERTO MURILLO URRUTIA": 3.0, "MIGUEL URIBE LONDOÑO": 1.0, "PALOMA VALENCIA LASERNA": 31.0, "RAÚL SANTIAGO BOTERO JARAMILLO": 2.0, "ROY LEONARDO BARRERAS MONTEALEGRE": 0.0, "SERGIO FAJARDO VALDERRAMA": 3.0, "SONDRA MACOLLINS GARVIN PINTO": 1.0, "ÓSCAR MAURICIO LIZCANO ARANGO": 0.0, "TOTAL_VOTOS": 327.0, "GANADOR": "ABELARDO DE LA ESPRIELLA", "VOTOS_GANADOR": 143.0, "PCT_GANADOR": 43.7 }, "geometry": { "type": "Point", "coordinates": [ -74.14625838, 4.2178953 ] } },
{ "type": "Feature", "properties": { "LOCALIDAD": "Fontibon", "DIRECCION": "CLL 23 C # 69 B – 01", "SITIO": "Agustiniano - Salitre", "NOMBRE": "Colegio Agustiniano Salitre", "ABELARDO DE LA ESPRIELLA": 3308.0, "CARLOS EDUARDO CAICEDO OMAR": 2.0, "CLAUDIA LÓPEZ": 138.0, "GUSTAVO MATAMOROS CAMACHO": 1.0, "IVÁN CEPEDA CASTRO": 1832.0, "LUIS GILBERTO MURILLO URRUTIA": 2.0, "MIGUEL URIBE LONDOÑO": 4.0, "PALOMA VALENCIA LASERNA": 987.0, "RAÚL SANTIAGO BOTERO JARAMILLO": 9.0, "ROY LEONARDO BARRERAS MONTEALEGRE": 1.0, "SERGIO FAJARDO VALDERRAMA": 511.0, "SONDRA MACOLLINS GARVIN PINTO": 0.0, "ÓSCAR MAURICIO LIZCANO ARANGO": 6.0, "TOTAL_VOTOS": 6801.0, "GANADOR": "ABELARDO DE LA ESPRIELLA", "VOTOS_GANADOR": 3308.0, "PCT_GANADOR": 48.6 }, "geometry": { "type": "Point", "coordinates": [ -74.1135309, 4.65543962 ] } },
{ "type": "Feature", "properties": { "LOCALIDAD": "Kennedy", "DIRECCION": "CLL 58 B Sur # 78 K - 21 /CLL 58 C Sur # 78 K - 21", "SITIO": "Gema", "NOMBRE": "Salón Comunal El Ruby II Sector", "ABELARDO DE LA ESPRIELLA": 217.0, "CARLOS EDUARDO CAICEDO OMAR": 2.0, "CLAUDIA LÓPEZ": 16.0, "GUSTAVO MATAMOROS CAMACHO": 0.0, "IVÁN CEPEDA CASTRO": 424.0, "LUIS GILBERTO MURILLO URRUTIA": 0.0, "MIGUEL URIBE LONDOÑO": 0.0, "PALOMA VALENCIA LASERNA": 53.0, "RAÚL SANTIAGO BOTERO JARAMILLO": 8.0, "ROY LEONARDO BARRERAS MONTEALEGRE": 0.0, "SERGIO FAJARDO VALDERRAMA": 25.0, "SONDRA MACOLLINS GARVIN PINTO": 1.0, "ÓSCAR MAURICIO LIZCANO ARANGO": 0.0, "TOTAL_VOTOS": 746.0, "GANADOR": "IVÁN CEPEDA CASTRO", "VOTOS_GANADOR": 424.0, "PCT_GANADOR": 56.8 }, "geometry": { "type": "Point", "coordinates": [ -74.17686552, 4.60752583 ] } },
{ "type": "Feature", "properties": { "LOCALIDAD": "Sumapaz", "DIRECCION": "Centro Poblado Corregimiento de San Juan de Sumapaz", "SITIO": "San Juán de Sumapaz", "NOMBRE": "Salón Comunal Mario Upegui", "ABELARDO DE LA ESPRIELLA": 10.0, "CARLOS EDUARDO CAICEDO OMAR": 0.0, "CLAUDIA LÓPEZ": 3.0, "GUSTAVO MATAMOROS CAMACHO": 0.0, "IVÁN CEPEDA CASTRO": 568.0, "LUIS GILBERTO MURILLO URRUTIA": 0.0, "MIGUEL URIBE LONDOÑO": 0.0, "PALOMA VALENCIA LASERNA": 1.0, "RAÚL SANTIAGO BOTERO JARAMILLO": 0.0, "ROY LEONARDO BARRERAS MONTEALEGRE": 0.0, "SERGIO FAJARDO VALDERRAMA": 1.0, "SONDRA MACOLLINS GARVIN PINTO": 0.0, "ÓSCAR MAURICIO LIZCANO ARANGO": 0.0, "TOTAL_VOTOS": 583.0, "GANADOR": "IVÁN CEPEDA CASTRO", "VOTOS_GANADOR": 568.0, "PCT_GANADOR": 97.4 }, "geometry": { "type": "Point", "coordinates": [ -74.31516926, 4.02874679 ] } },
{ "type": "Feature", "properties": { "LOCALIDAD": "Suba", "DIRECCION": "KM 16 Vía Guaymaral Finca Cucaita", "SITIO": "Colegio La Khumbre", "NOMBRE": "Colegio Privado la Khumbre", "ABELARDO DE LA ESPRIELLA": 842.0, "CARLOS EDUARDO CAICEDO OMAR": 0.0, "CLAUDIA LÓPEZ": 14.0, "GUSTAVO MATAMOROS CAMACHO": 0.0, "IVÁN CEPEDA CASTRO": 95.0, "LUIS GILBERTO MURILLO URRUTIA": 0.0, "MIGUEL URIBE LONDOÑO": 0.0, "PALOMA VALENCIA LASERNA": 207.0, "RAÚL SANTIAGO BOTERO JARAMILLO": 2.0, "ROY LEONARDO BARRERAS MONTEALEGRE": 0.0, "SERGIO FAJARDO VALDERRAMA": 58.0, "SONDRA MACOLLINS GARVIN PINTO": 0.0, "ÓSCAR MAURICIO LIZCANO ARANGO": 1.0, "TOTAL_VOTOS": 1219.0, "GANADOR": "ABELARDO DE LA ESPRIELLA", "VOTOS_GANADOR": 842.0, "PCT_GANADOR": 69.1 }, "geometry": { "type": "Point", "coordinates": [ -74.07350945, 4.82389189 ] } },
{ "type": "Feature", "properties": { "LOCALIDAD": "Usaquén", "DIRECCION": "KM 4.5 Vía La Calera", "SITIO": "Colegio Monterrosales", "NOMBRE": "Colegio Monterrosales", "ABELARDO DE LA ESPRIELLA": 443.0, "CARLOS EDUARDO CAICEDO OMAR": 0.0, "CLAUDIA LÓPEZ": 28.0, "GUSTAVO MATAMOROS CAMACHO": 1.0, "IVÁN CEPEDA CASTRO": 509.0, "LUIS GILBERTO MURILLO URRUTIA": 1.0, "MIGUEL URIBE LONDOÑO": 3.0, "PALOMA VALENCIA LASERNA": 130.0, "RAÚL SANTIAGO BOTERO JARAMILLO": 12.0, "ROY LEONARDO BARRERAS MONTEALEGRE": 2.0, "SERGIO FAJARDO VALDERRAMA": 54.0, "SONDRA MACOLLINS GARVIN PINTO": 2.0, "ÓSCAR MAURICIO LIZCANO ARANGO": 2.0, "TOTAL_VOTOS": 1187.0, "GANADOR": "IVÁN CEPEDA CASTRO", "VOTOS_GANADOR": 509.0, "PCT_GANADOR": 42.9 }, "geometry": { "type": "Point", "coordinates": [ -74.01973279, 4.67414296 ] } },
{ "type": "Feature", "properties": { "LOCALIDAD": "Santa Fe", "DIRECCION": "KM 13 Vía a Choachí", "SITIO": "El Verjón", "NOMBRE": "Colegio Distrital El Verjón Alto - Sede B (Verjón)", "ABELARDO DE LA ESPRIELLA": 94.0, "CARLOS EDUARDO CAICEDO OMAR": 1.0, "CLAUDIA LÓPEZ": 3.0, "GUSTAVO MATAMOROS CAMACHO": 0.0, "IVÁN CEPEDA CASTRO": 87.0, "LUIS GILBERTO MURILLO URRUTIA": 0.0, "MIGUEL URIBE LONDOÑO": 0.0, "PALOMA VALENCIA LASERNA": 28.0, "RAÚL SANTIAGO BOTERO JARAMILLO": 0.0, "ROY LEONARDO BARRERAS MONTEALEGRE": 0.0, "SERGIO FAJARDO VALDERRAMA": 8.0, "SONDRA MACOLLINS GARVIN PINTO": 0.0, "ÓSCAR MAURICIO LIZCANO ARANGO": 0.0, "TOTAL_VOTOS": 221.0, "GANADOR": "ABELARDO DE LA ESPRIELLA", "VOTOS_GANADOR": 94.0, "PCT_GANADOR": 42.5 }, "geometry": { "type": "Point", "coordinates": [ -74.02245577, 4.60582459 ] } },
{ "type": "Feature", "properties": { "LOCALIDAD": "Sumapaz", "DIRECCION": "Centro Poblado Corregimiento de La Unión", "SITIO": "La Unión", "NOMBRE": "Salón Comunal La Unión", "ABELARDO DE LA ESPRIELLA": 2.0, "CARLOS EDUARDO CAICEDO OMAR": 0.0, "CLAUDIA LÓPEZ": 0.0, "GUSTAVO MATAMOROS CAMACHO": 0.0, "IVÁN CEPEDA CASTRO": 308.0, "LUIS GILBERTO MURILLO URRUTIA": 0.0, "MIGUEL URIBE LONDOÑO": 0.0, "PALOMA VALENCIA LASERNA": 1.0, "RAÚL SANTIAGO BOTERO JARAMILLO": 2.0, "ROY LEONARDO BARRERAS MONTEALEGRE": 1.0, "SERGIO FAJARDO VALDERRAMA": 3.0, "SONDRA MACOLLINS GARVIN PINTO": 0.0, "ÓSCAR MAURICIO LIZCANO ARANGO": 0.0, "TOTAL_VOTOS": 317.0, "GANADOR": "IVÁN CEPEDA CASTRO", "VOTOS_GANADOR": 308.0, "PCT_GANADOR": 97.2 }, "geometry": { "type": "Point", "coordinates": [ -74.36349309, 3.98574147 ] } },
{ "type": "Feature", "properties": { "LOCALIDAD": "Chapinero", "DIRECCION": "CLL 69 # 11 - 27", "SITIO": "Colegio Simón Rodríguez Sede A", "NOMBRE": "Colegio Distrital  Simón Rodríguez Sede A", "ABELARDO DE LA ESPRIELLA": 1116.0, "CARLOS EDUARDO CAICEDO OMAR": 0.0, "CLAUDIA LÓPEZ": 75.0, "GUSTAVO MATAMOROS CAMACHO": 0.0, "IVÁN CEPEDA CASTRO": 1000.0, "LUIS GILBERTO MURILLO URRUTIA": 1.0, "MIGUEL URIBE LONDOÑO": 3.0, "PALOMA VALENCIA LASERNA": 496.0, "RAÚL SANTIAGO BOTERO JARAMILLO": 2.0, "ROY LEONARDO BARRERAS MONTEALEGRE": 2.0, "SERGIO FAJARDO VALDERRAMA": 201.0, "SONDRA MACOLLINS GARVIN PINTO": 0.0, "ÓSCAR MAURICIO LIZCANO ARANGO": 4.0, "TOTAL_VOTOS": 2900.0, "GANADOR": "ABELARDO DE LA ESPRIELLA", "VOTOS_GANADOR": 1116.0, "PCT_GANADOR": 38.5 }, "geometry": { "type": "Point", "coordinates": [ -74.06109618, 4.65405244 ] } },
{ "type": "Feature", "properties": { "LOCALIDAD": "Chapinero", "DIRECCION": "CRA 8 # 40 B - 62 / 64", "SITIO": "Universidad Distrital", "NOMBRE": "Universidad Distrital", "ABELARDO DE LA ESPRIELLA": 1110.0, "CARLOS EDUARDO CAICEDO OMAR": 0.0, "CLAUDIA LÓPEZ": 107.0, "GUSTAVO MATAMOROS CAMACHO": 0.0, "IVÁN CEPEDA CASTRO": 1699.0, "LUIS GILBERTO MURILLO URRUTIA": 4.0, "MIGUEL URIBE LONDOÑO": 1.0, "PALOMA VALENCIA LASERNA": 467.0, "RAÚL SANTIAGO BOTERO JARAMILLO": 17.0, "ROY LEONARDO BARRERAS MONTEALEGRE": 5.0, "SERGIO FAJARDO VALDERRAMA": 381.0, "SONDRA MACOLLINS GARVIN PINTO": 8.0, "ÓSCAR MAURICIO LIZCANO ARANGO": 3.0, "TOTAL_VOTOS": 3802.0, "GANADOR": "IVÁN CEPEDA CASTRO", "VOTOS_GANADOR": 1699.0, "PCT_GANADOR": 44.7 }, "geometry": { "type": "Point", "coordinates": [ -74.06579505, 4.62818952 ] } },
{ "type": "Feature", "properties": { "LOCALIDAD": "Kennedy", "DIRECCION": "CLL 56 Sur # 81 - 26", "SITIO": "Manuel Cepeda", "NOMBRE": "Colegio Distrital Manuel Cepeda Vargas", "ABELARDO DE LA ESPRIELLA": 1449.0, "CARLOS EDUARDO CAICEDO OMAR": 1.0, "CLAUDIA LÓPEZ": 110.0, "GUSTAVO MATAMOROS CAMACHO": 4.0, "IVÁN CEPEDA CASTRO": 2622.0, "LUIS GILBERTO MURILLO URRUTIA": 1.0, "MIGUEL URIBE LONDOÑO": 5.0, "PALOMA VALENCIA LASERNA": 274.0, "RAÚL SANTIAGO BOTERO JARAMILLO": 40.0, "ROY LEONARDO BARRERAS MONTEALEGRE": 0.0, "SERGIO FAJARDO VALDERRAMA": 215.0, "SONDRA MACOLLINS GARVIN PINTO": 2.0, "ÓSCAR MAURICIO LIZCANO ARANGO": 4.0, "TOTAL_VOTOS": 4727.0, "GANADOR": "IVÁN CEPEDA CASTRO", "VOTOS_GANADOR": 2622.0, "PCT_GANADOR": 55.5 }, "geometry": { "type": "Point", "coordinates": [ -74.1776623, 4.61653001 ] } },
{ "type": "Feature", "properties": { "LOCALIDAD": "Suba", "DIRECCION": "CLL 163 # 92 - 96 / CRA 92 # 169 B - 60", "SITIO": "La Conejera", "NOMBRE": "Colegio Distrital Salitre Sede B", "ABELARDO DE LA ESPRIELLA": 722.0, "CARLOS EDUARDO CAICEDO OMAR": 0.0, "CLAUDIA LÓPEZ": 38.0, "GUSTAVO MATAMOROS CAMACHO": 0.0, "IVÁN CEPEDA CASTRO": 878.0, "LUIS GILBERTO MURILLO URRUTIA": 1.0, "MIGUEL URIBE LONDOÑO": 1.0, "PALOMA VALENCIA LASERNA": 169.0, "RAÚL SANTIAGO BOTERO JARAMILLO": 9.0, "ROY LEONARDO BARRERAS MONTEALEGRE": 0.0, "SERGIO FAJARDO VALDERRAMA": 167.0, "SONDRA MACOLLINS GARVIN PINTO": 1.0, "ÓSCAR MAURICIO LIZCANO ARANGO": 1.0, "TOTAL_VOTOS": 1987.0, "GANADOR": "IVÁN CEPEDA CASTRO", "VOTOS_GANADOR": 878.0, "PCT_GANADOR": 44.2 }, "geometry": { "type": "Point", "coordinates": [ -74.07711755, 4.75996836 ] } },
{ "type": "Feature", "properties": { "LOCALIDAD": "Usaquén", "DIRECCION": "CLL 165 # 7 - 38 /CLL 165 # 7 - 52", "SITIO": "Servitá", "NOMBRE": "Centro de Atención Distrital Especializado Servitá", "ABELARDO DE LA ESPRIELLA": 5872.0, "CARLOS EDUARDO CAICEDO OMAR": 3.0, "CLAUDIA LÓPEZ": 396.0, "GUSTAVO MATAMOROS CAMACHO": 2.0, "IVÁN CEPEDA CASTRO": 4505.0, "LUIS GILBERTO MURILLO URRUTIA": 6.0, "MIGUEL URIBE LONDOÑO": 22.0, "PALOMA VALENCIA LASERNA": 1450.0, "RAÚL SANTIAGO BOTERO JARAMILLO": 66.0, "ROY LEONARDO BARRERAS MONTEALEGRE": 7.0, "SERGIO FAJARDO VALDERRAMA": 676.0, "SONDRA MACOLLINS GARVIN PINTO": 11.0, "ÓSCAR MAURICIO LIZCANO ARANGO": 30.0, "TOTAL_VOTOS": 13046.0, "GANADOR": "ABELARDO DE LA ESPRIELLA", "VOTOS_GANADOR": 5872.0, "PCT_GANADOR": 45.0 }, "geometry": { "type": "Point", "coordinates": [ -74.0234639, 4.74140597 ] } },
{ "type": "Feature", "properties": { "LOCALIDAD": "Usaquén", "DIRECCION": "CRA 21 # 132 – 46", "SITIO": "Santo Tomás de Aquino", "NOMBRE": "Colegio Santo Tomás de Aquino", "ABELARDO DE LA ESPRIELLA": 5169.0, "CARLOS EDUARDO CAICEDO OMAR": 0.0, "CLAUDIA LÓPEZ": 90.0, "GUSTAVO MATAMOROS CAMACHO": 1.0, "IVÁN CEPEDA CASTRO": 942.0, "LUIS GILBERTO MURILLO URRUTIA": 2.0, "MIGUEL URIBE LONDOÑO": 1.0, "PALOMA VALENCIA LASERNA": 1352.0, "RAÚL SANTIAGO BOTERO JARAMILLO": 5.0, "ROY LEONARDO BARRERAS MONTEALEGRE": 2.0, "SERGIO FAJARDO VALDERRAMA": 498.0, "SONDRA MACOLLINS GARVIN PINTO": 4.0, "ÓSCAR MAURICIO LIZCANO ARANGO": 1.0, "TOTAL_VOTOS": 8067.0, "GANADOR": "ABELARDO DE LA ESPRIELLA", "VOTOS_GANADOR": 5169.0, "PCT_GANADOR": 64.1 }, "geometry": { "type": "Point", "coordinates": [ -74.04961494, 4.71731454 ] } },
{ "type": "Feature", "properties": { "LOCALIDAD": "Usaquén", "DIRECCION": "CLL 195 # 19 - 50 Vía Pública / CLL 195 # 20 - 91 Vía Pública", "SITIO": "Canaima", "NOMBRE": "Vía pública", "ABELARDO DE LA ESPRIELLA": 1091.0, "CARLOS EDUARDO CAICEDO OMAR": 1.0, "CLAUDIA LÓPEZ": 37.0, "GUSTAVO MATAMOROS CAMACHO": 0.0, "IVÁN CEPEDA CASTRO": 727.0, "LUIS GILBERTO MURILLO URRUTIA": 1.0, "MIGUEL URIBE LONDOÑO": 0.0, "PALOMA VALENCIA LASERNA": 234.0, "RAÚL SANTIAGO BOTERO JARAMILLO": 12.0, "ROY LEONARDO BARRERAS MONTEALEGRE": 0.0, "SERGIO FAJARDO VALDERRAMA": 176.0, "SONDRA MACOLLINS GARVIN PINTO": 4.0, "ÓSCAR MAURICIO LIZCANO ARANGO": 4.0, "TOTAL_VOTOS": 2287.0, "GANADOR": "ABELARDO DE LA ESPRIELLA", "VOTOS_GANADOR": 1091.0, "PCT_GANADOR": 47.7 }, "geometry": { "type": "Point", "coordinates": [ -74.04098848, 4.77274702 ] } },
{ "type": "Feature", "properties": { "LOCALIDAD": "Chapinero", "DIRECCION": "CLL 65 Bis # 4 - 90", "SITIO": "Granada Colegio Simón Rodríguez Sede B", "NOMBRE": "Colegio Distrital Simón Rodríguez - Sede B", "ABELARDO DE LA ESPRIELLA": 589.0, "CARLOS EDUARDO CAICEDO OMAR": 1.0, "CLAUDIA LÓPEZ": 41.0, "GUSTAVO MATAMOROS CAMACHO": 0.0, "IVÁN CEPEDA CASTRO": 741.0, "LUIS GILBERTO MURILLO URRUTIA": 1.0, "MIGUEL URIBE LONDOÑO": 0.0, "PALOMA VALENCIA LASERNA": 282.0, "RAÚL SANTIAGO BOTERO JARAMILLO": 3.0, "ROY LEONARDO BARRERAS MONTEALEGRE": 1.0, "SERGIO FAJARDO VALDERRAMA": 156.0, "SONDRA MACOLLINS GARVIN PINTO": 0.0, "ÓSCAR MAURICIO LIZCANO ARANGO": 7.0, "TOTAL_VOTOS": 1822.0, "GANADOR": "IVÁN CEPEDA CASTRO", "VOTOS_GANADOR": 741.0, "PCT_GANADOR": 40.7 }, "geometry": { "type": "Point", "coordinates": [ -74.05664863, 4.64839626 ] } },
{ "type": "Feature", "properties": { "LOCALIDAD": "Santa Fe", "DIRECCION": "CRA 11 Este # 1 A - 85", "SITIO": "El Consuelo", "NOMBRE": "Colegio Distrital Aulas Colombianas - Sede A", "ABELARDO DE LA ESPRIELLA": 758.0, "CARLOS EDUARDO CAICEDO OMAR": 3.0, "CLAUDIA LÓPEZ": 100.0, "GUSTAVO MATAMOROS CAMACHO": 5.0, "IVÁN CEPEDA CASTRO": 2072.0, "LUIS GILBERTO MURILLO URRUTIA": 3.0, "MIGUEL URIBE LONDOÑO": 8.0, "PALOMA VALENCIA LASERNA": 231.0, "RAÚL SANTIAGO BOTERO JARAMILLO": 27.0, "ROY LEONARDO BARRERAS MONTEALEGRE": 1.0, "SERGIO FAJARDO VALDERRAMA": 148.0, "SONDRA MACOLLINS GARVIN PINTO": 8.0, "ÓSCAR MAURICIO LIZCANO ARANGO": 8.0, "TOTAL_VOTOS": 3372.0, "GANADOR": "IVÁN CEPEDA CASTRO", "VOTOS_GANADOR": 2072.0, "PCT_GANADOR": 61.4 }, "geometry": { "type": "Point", "coordinates": [ -74.0711475, 4.58083908 ] } },
{ "type": "Feature", "properties": { "LOCALIDAD": "San Cristóbal", "DIRECCION": "CRA 1 A # 6 C - 50 Sur /CRA 1 C Este # 6 C - 85 Sur", "SITIO": "Las Brisas", "NOMBRE": "Colegio Distrital República del Ecuador I.E.D.", "ABELARDO DE LA ESPRIELLA": 593.0, "CARLOS EDUARDO CAICEDO OMAR": 2.0, "CLAUDIA LÓPEZ": 65.0, "GUSTAVO MATAMOROS CAMACHO": 1.0, "IVÁN CEPEDA CASTRO": 1588.0, "LUIS GILBERTO MURILLO URRUTIA": 3.0, "MIGUEL URIBE LONDOÑO": 5.0, "PALOMA VALENCIA LASERNA": 173.0, "RAÚL SANTIAGO BOTERO JARAMILLO": 16.0, "ROY LEONARDO BARRERAS MONTEALEGRE": 0.0, "SERGIO FAJARDO VALDERRAMA": 127.0, "SONDRA MACOLLINS GARVIN PINTO": 1.0, "ÓSCAR MAURICIO LIZCANO ARANGO": 7.0, "TOTAL_VOTOS": 2581.0, "GANADOR": "IVÁN CEPEDA CASTRO", "VOTOS_GANADOR": 1588.0, "PCT_GANADOR": 61.5 }, "geometry": { "type": "Point", "coordinates": [ -74.08007909, 4.57683852 ] } },
{ "type": "Feature", "properties": { "LOCALIDAD": "San Cristóbal", "DIRECCION": "AV CLL 11 Sur # 4 - 79 Este", "SITIO": "San Cristóbal Sur", "NOMBRE": "Colegio Distrital José Félix Restrepo - Sede C", "ABELARDO DE LA ESPRIELLA": 1611.0, "CARLOS EDUARDO CAICEDO OMAR": 2.0, "CLAUDIA LÓPEZ": 213.0, "GUSTAVO MATAMOROS CAMACHO": 1.0, "IVÁN CEPEDA CASTRO": 3688.0, "LUIS GILBERTO MURILLO URRUTIA": 9.0, "MIGUEL URIBE LONDOÑO": 11.0, "PALOMA VALENCIA LASERNA": 415.0, "RAÚL SANTIAGO BOTERO JARAMILLO": 39.0, "ROY LEONARDO BARRERAS MONTEALEGRE": 3.0, "SERGIO FAJARDO VALDERRAMA": 253.0, "SONDRA MACOLLINS GARVIN PINTO": 3.0, "ÓSCAR MAURICIO LIZCANO ARANGO": 12.0, "TOTAL_VOTOS": 6260.0, "GANADOR": "IVÁN CEPEDA CASTRO", "VOTOS_GANADOR": 3688.0, "PCT_GANADOR": 58.9 }, "geometry": { "type": "Point", "coordinates": [ -74.079455, 4.57270725 ] } },
{ "type": "Feature", "properties": { "LOCALIDAD": "San Cristóbal", "DIRECCION": "CLL 19 Sur # 10C - 44 Este", "SITIO": "Las Mercedes", "NOMBRE": "Colegio Distrital San Critóbal - Sede B", "ABELARDO DE LA ESPRIELLA": 1245.0, "CARLOS EDUARDO CAICEDO OMAR": 1.0, "CLAUDIA LÓPEZ": 162.0, "GUSTAVO MATAMOROS CAMACHO": 1.0, "IVÁN CEPEDA CASTRO": 2659.0, "LUIS GILBERTO MURILLO URRUTIA": 8.0, "MIGUEL URIBE LONDOÑO": 13.0, "PALOMA VALENCIA LASERNA": 380.0, "RAÚL SANTIAGO BOTERO JARAMILLO": 29.0, "ROY LEONARDO BARRERAS MONTEALEGRE": 2.0, "SERGIO FAJARDO VALDERRAMA": 199.0, "SONDRA MACOLLINS GARVIN PINTO": 8.0, "ÓSCAR MAURICIO LIZCANO ARANGO": 6.0, "TOTAL_VOTOS": 4713.0, "GANADOR": "IVÁN CEPEDA CASTRO", "VOTOS_GANADOR": 2659.0, "PCT_GANADOR": 56.4 }, "geometry": { "type": "Point", "coordinates": [ -74.08081979, 4.56926968 ] } },
{ "type": "Feature", "properties": { "LOCALIDAD": "San Cristóbal", "DIRECCION": "CRA 3 Este # 18 A - 34 Sur", "SITIO": "San Blas", "NOMBRE": "Colegio Distrital Manuelita Sáenz", "ABELARDO DE LA ESPRIELLA": 1976.0, "CARLOS EDUARDO CAICEDO OMAR": 3.0, "CLAUDIA LÓPEZ": 225.0, "GUSTAVO MATAMOROS CAMACHO": 1.0, "IVÁN CEPEDA CASTRO": 4229.0, "LUIS GILBERTO MURILLO URRUTIA": 8.0, "MIGUEL URIBE LONDOÑO": 12.0, "PALOMA VALENCIA LASERNA": 455.0, "RAÚL SANTIAGO BOTERO JARAMILLO": 67.0, "ROY LEONARDO BARRERAS MONTEALEGRE": 5.0, "SERGIO FAJARDO VALDERRAMA": 322.0, "SONDRA MACOLLINS GARVIN PINTO": 6.0, "ÓSCAR MAURICIO LIZCANO ARANGO": 12.0, "TOTAL_VOTOS": 7321.0, "GANADOR": "IVÁN CEPEDA CASTRO", "VOTOS_GANADOR": 4229.0, "PCT_GANADOR": 57.8 }, "geometry": { "type": "Point", "coordinates": [ -74.08486411, 4.57112399 ] } },
{ "type": "Feature", "properties": { "LOCALIDAD": "San Cristóbal", "DIRECCION": "CRA 6 A # 18 A - 04 Sur / CRA 6 # 18 - 02 Sur *", "SITIO": "Primera de Mayo", "NOMBRE": "Colegio Distrital José Félix Restrepo - Sede A", "ABELARDO DE LA ESPRIELLA": 1480.0, "CARLOS EDUARDO CAICEDO OMAR": 1.0, "CLAUDIA LÓPEZ": 109.0, "GUSTAVO MATAMOROS CAMACHO": 0.0, "IVÁN CEPEDA CASTRO": 2280.0, "LUIS GILBERTO MURILLO URRUTIA": 1.0, "MIGUEL URIBE LONDOÑO": 3.0, "PALOMA VALENCIA LASERNA": 381.0, "RAÚL SANTIAGO BOTERO JARAMILLO": 30.0, "ROY LEONARDO BARRERAS MONTEALEGRE": 0.0, "SERGIO FAJARDO VALDERRAMA": 302.0, "SONDRA MACOLLINS GARVIN PINTO": 2.0, "ÓSCAR MAURICIO LIZCANO ARANGO": 8.0, "TOTAL_VOTOS": 4597.0, "GANADOR": "IVÁN CEPEDA CASTRO", "VOTOS_GANADOR": 2280.0, "PCT_GANADOR": 49.6 }, "geometry": { "type": "Point", "coordinates": [ -74.09008012, 4.57431848 ] } },
{ "type": "Feature", "properties": { "LOCALIDAD": "San Cristóbal", "DIRECCION": "CLL 24 A Sur # 1 A - 95 Este", "SITIO": "Montebello", "NOMBRE": "Colegio Distrital Montebello", "ABELARDO DE LA ESPRIELLA": 1860.0, "CARLOS EDUARDO CAICEDO OMAR": 2.0, "CLAUDIA LÓPEZ": 219.0, "GUSTAVO MATAMOROS CAMACHO": 2.0, "IVÁN CEPEDA CASTRO": 3248.0, "LUIS GILBERTO MURILLO URRUTIA": 4.0, "MIGUEL URIBE LONDOÑO": 10.0, "PALOMA VALENCIA LASERNA": 415.0, "RAÚL SANTIAGO BOTERO JARAMILLO": 43.0, "ROY LEONARDO BARRERAS MONTEALEGRE": 13.0, "SERGIO FAJARDO VALDERRAMA": 244.0, "SONDRA MACOLLINS GARVIN PINTO": 3.0, "ÓSCAR MAURICIO LIZCANO ARANGO": 18.0, "TOTAL_VOTOS": 6081.0, "GANADOR": "IVÁN CEPEDA CASTRO", "VOTOS_GANADOR": 3248.0, "PCT_GANADOR": 53.4 }, "geometry": { "type": "Point", "coordinates": [ -74.08799158, 4.56674682 ] } },
{ "type": "Feature", "properties": { "LOCALIDAD": "San Cristóbal", "DIRECCION": "CRA 9 B Este # 28 - 81 Sur", "SITIO": "Ramajal", "NOMBRE": "Colegio Distrital José Acevedo y Gómez - Sede A", "ABELARDO DE LA ESPRIELLA": 656.0, "CARLOS EDUARDO CAICEDO OMAR": 4.0, "CLAUDIA LÓPEZ": 100.0, "GUSTAVO MATAMOROS CAMACHO": 3.0, "IVÁN CEPEDA CASTRO": 1441.0, "LUIS GILBERTO MURILLO URRUTIA": 0.0, "MIGUEL URIBE LONDOÑO": 2.0, "PALOMA VALENCIA LASERNA": 177.0, "RAÚL SANTIAGO BOTERO JARAMILLO": 24.0, "ROY LEONARDO BARRERAS MONTEALEGRE": 6.0, "SERGIO FAJARDO VALDERRAMA": 97.0, "SONDRA MACOLLINS GARVIN PINTO": 1.0, "ÓSCAR MAURICIO LIZCANO ARANGO": 8.0, "TOTAL_VOTOS": 2519.0, "GANADOR": "IVÁN CEPEDA CASTRO", "VOTOS_GANADOR": 1441.0, "PCT_GANADOR": 57.2 }, "geometry": { "type": "Point", "coordinates": [ -74.08363441, 4.56217359 ] } },
{ "type": "Feature", "properties": { "LOCALIDAD": "San Cristóbal", "DIRECCION": "CRA 2 L # 38 A - 11 Sur", "SITIO": "Parqueadero Guacamayas", "NOMBRE": "Colegio Distrital Alemania Unificada - Sede B", "ABELARDO DE LA ESPRIELLA": 790.0, "CARLOS EDUARDO CAICEDO OMAR": 6.0, "CLAUDIA LÓPEZ": 100.0, "GUSTAVO MATAMOROS CAMACHO": 2.0, "IVÁN CEPEDA CASTRO": 1914.0, "LUIS GILBERTO MURILLO URRUTIA": 1.0, "MIGUEL URIBE LONDOÑO": 6.0, "PALOMA VALENCIA LASERNA": 239.0, "RAÚL SANTIAGO BOTERO JARAMILLO": 18.0, "ROY LEONARDO BARRERAS MONTEALEGRE": 1.0, "SERGIO FAJARDO VALDERRAMA": 84.0, "SONDRA MACOLLINS GARVIN PINTO": 2.0, "ÓSCAR MAURICIO LIZCANO ARANGO": 10.0, "TOTAL_VOTOS": 3173.0, "GANADOR": "IVÁN CEPEDA CASTRO", "VOTOS_GANADOR": 1914.0, "PCT_GANADOR": 60.3 }, "geometry": { "type": "Point", "coordinates": [ -74.10010722, 4.55759889 ] } },
{ "type": "Feature", "properties": { "LOCALIDAD": "San Cristóbal", "DIRECCION": "CRA 9 Este # 36 G - 80 Sur", "SITIO": "Bellavista San Cristóbal", "NOMBRE": "Colegio Distrital Los Alpes", "ABELARDO DE LA ESPRIELLA": 1217.0, "CARLOS EDUARDO CAICEDO OMAR": 2.0, "CLAUDIA LÓPEZ": 195.0, "GUSTAVO MATAMOROS CAMACHO": 1.0, "IVÁN CEPEDA CASTRO": 2673.0, "LUIS GILBERTO MURILLO URRUTIA": 4.0, "MIGUEL URIBE LONDOÑO": 8.0, "PALOMA VALENCIA LASERNA": 354.0, "RAÚL SANTIAGO BOTERO JARAMILLO": 53.0, "ROY LEONARDO BARRERAS MONTEALEGRE": 5.0, "SERGIO FAJARDO VALDERRAMA": 172.0, "SONDRA MACOLLINS GARVIN PINTO": 0.0, "ÓSCAR MAURICIO LIZCANO ARANGO": 14.0, "TOTAL_VOTOS": 4698.0, "GANADOR": "IVÁN CEPEDA CASTRO", "VOTOS_GANADOR": 2673.0, "PCT_GANADOR": 56.9 }, "geometry": { "type": "Point", "coordinates": [ -74.08445704, 4.55263246 ] } },
{ "type": "Feature", "properties": { "LOCALIDAD": "San Cristóbal", "DIRECCION": "CLL 37 Bis B Sur # 2 - 81 Este", "SITIO": "CDC La Victoria", "NOMBRE": "Centro de Desarrollo Comunitario La Victoria", "ABELARDO DE LA ESPRIELLA": 2823.0, "CARLOS EDUARDO CAICEDO OMAR": 4.0, "CLAUDIA LÓPEZ": 416.0, "GUSTAVO MATAMOROS CAMACHO": 0.0, "IVÁN CEPEDA CASTRO": 5758.0, "LUIS GILBERTO MURILLO URRUTIA": 9.0, "MIGUEL URIBE LONDOÑO": 25.0, "PALOMA VALENCIA LASERNA": 815.0, "RAÚL SANTIAGO BOTERO JARAMILLO": 91.0, "ROY LEONARDO BARRERAS MONTEALEGRE": 6.0, "SERGIO FAJARDO VALDERRAMA": 395.0, "SONDRA MACOLLINS GARVIN PINTO": 4.0, "ÓSCAR MAURICIO LIZCANO ARANGO": 33.0, "TOTAL_VOTOS": 10379.0, "GANADOR": "IVÁN CEPEDA CASTRO", "VOTOS_GANADOR": 5758.0, "PCT_GANADOR": 55.5 }, "geometry": { "type": "Point", "coordinates": [ -74.09505746, 4.55459752 ] } },
{ "type": "Feature", "properties": { "LOCALIDAD": "San Cristóbal", "DIRECCION": "CRA 13 D Bis Este # 50 - 07 Sur", "SITIO": "República del Canadá", "NOMBRE": "Colegio Distrital Juana Escobar - Sede C", "ABELARDO DE LA ESPRIELLA": 741.0, "CARLOS EDUARDO CAICEDO OMAR": 0.0, "CLAUDIA LÓPEZ": 118.0, "GUSTAVO MATAMOROS CAMACHO": 0.0, "IVÁN CEPEDA CASTRO": 1939.0, "LUIS GILBERTO MURILLO URRUTIA": 3.0, "MIGUEL URIBE LONDOÑO": 2.0, "PALOMA VALENCIA LASERNA": 245.0, "RAÚL SANTIAGO BOTERO JARAMILLO": 30.0, "ROY LEONARDO BARRERAS MONTEALEGRE": 1.0, "SERGIO FAJARDO VALDERRAMA": 118.0, "SONDRA MACOLLINS GARVIN PINTO": 5.0, "ÓSCAR MAURICIO LIZCANO ARANGO": 15.0, "TOTAL_VOTOS": 3217.0, "GANADOR": "IVÁN CEPEDA CASTRO", "VOTOS_GANADOR": 1939.0, "PCT_GANADOR": 60.3 }, "geometry": { "type": "Point", "coordinates": [ -74.0873273, 4.53577178 ] } },
{ "type": "Feature", "properties": { "LOCALIDAD": "San Cristóbal", "DIRECCION": "CLL 48 B Sur # 11 - 14 Este", "SITIO": "La Gloria", "NOMBRE": "Colegio Distrital  Altamira - Sede B", "ABELARDO DE LA ESPRIELLA": 1126.0, "CARLOS EDUARDO CAICEDO OMAR": 4.0, "CLAUDIA LÓPEZ": 197.0, "GUSTAVO MATAMOROS CAMACHO": 4.0, "IVÁN CEPEDA CASTRO": 2722.0, "LUIS GILBERTO MURILLO URRUTIA": 7.0, "MIGUEL URIBE LONDOÑO": 14.0, "PALOMA VALENCIA LASERNA": 304.0, "RAÚL SANTIAGO BOTERO JARAMILLO": 45.0, "ROY LEONARDO BARRERAS MONTEALEGRE": 7.0, "SERGIO FAJARDO VALDERRAMA": 187.0, "SONDRA MACOLLINS GARVIN PINTO": 7.0, "ÓSCAR MAURICIO LIZCANO ARANGO": 15.0, "TOTAL_VOTOS": 4639.0, "GANADOR": "IVÁN CEPEDA CASTRO", "VOTOS_GANADOR": 2722.0, "PCT_GANADOR": 58.7 }, "geometry": { "type": "Point", "coordinates": [ -74.0892899, 4.54103868 ] } },
{ "type": "Feature", "properties": { "LOCALIDAD": "San Cristóbal", "DIRECCION": "CRA 3 B  # 35 - 22 Sur / CRA 3 B # 35 - 04 Sur", "SITIO": "Villa de los Alpes", "NOMBRE": "Polideportivo Coliseo Villa de Los Alpes", "ABELARDO DE LA ESPRIELLA": 1690.0, "CARLOS EDUARDO CAICEDO OMAR": 3.0, "CLAUDIA LÓPEZ": 176.0, "GUSTAVO MATAMOROS CAMACHO": 0.0, "IVÁN CEPEDA CASTRO": 2776.0, "LUIS GILBERTO MURILLO URRUTIA": 3.0, "MIGUEL URIBE LONDOÑO": 6.0, "PALOMA VALENCIA LASERNA": 460.0, "RAÚL SANTIAGO BOTERO JARAMILLO": 42.0, "ROY LEONARDO BARRERAS MONTEALEGRE": 1.0, "SERGIO FAJARDO VALDERRAMA": 281.0, "SONDRA MACOLLINS GARVIN PINTO": 5.0, "ÓSCAR MAURICIO LIZCANO ARANGO": 11.0, "TOTAL_VOTOS": 5454.0, "GANADOR": "IVÁN CEPEDA CASTRO", "VOTOS_GANADOR": 2776.0, "PCT_GANADOR": 50.9 }, "geometry": { "type": "Point", "coordinates": [ -74.09844988, 4.56145349 ] } },
{ "type": "Feature", "properties": { "LOCALIDAD": "San Cristóbal", "DIRECCION": "CLL 55 Sur # 10 A - 29 Este", "SITIO": "Los Libertadores", "NOMBRE": "Colegio Distrital Los Libertadores", "ABELARDO DE LA ESPRIELLA": 1076.0, "CARLOS EDUARDO CAICEDO OMAR": 3.0, "CLAUDIA LÓPEZ": 178.0, "GUSTAVO MATAMOROS CAMACHO": 1.0, "IVÁN CEPEDA CASTRO": 2418.0, "LUIS GILBERTO MURILLO URRUTIA": 6.0, "MIGUEL URIBE LONDOÑO": 16.0, "PALOMA VALENCIA LASERNA": 301.0, "RAÚL SANTIAGO BOTERO JARAMILLO": 36.0, "ROY LEONARDO BARRERAS MONTEALEGRE": 4.0, "SERGIO FAJARDO VALDERRAMA": 128.0, "SONDRA MACOLLINS GARVIN PINTO": 6.0, "ÓSCAR MAURICIO LIZCANO ARANGO": 14.0, "TOTAL_VOTOS": 4187.0, "GANADOR": "IVÁN CEPEDA CASTRO", "VOTOS_GANADOR": 2418.0, "PCT_GANADOR": 57.8 }, "geometry": { "type": "Point", "coordinates": [ -74.09086297, 4.5344026 ] } },
{ "type": "Feature", "properties": { "LOCALIDAD": "San Cristóbal", "DIRECCION": "CRA 5 Este # 26 - 91 Sur", "SITIO": "San Pedro Sur Oriental", "NOMBRE": "Colegio Distrital Tomás Rueda Vargas - Sede A - parte posterior", "ABELARDO DE LA ESPRIELLA": 845.0, "CARLOS EDUARDO CAICEDO OMAR": 1.0, "CLAUDIA LÓPEZ": 127.0, "GUSTAVO MATAMOROS CAMACHO": 2.0, "IVÁN CEPEDA CASTRO": 1536.0, "LUIS GILBERTO MURILLO URRUTIA": 6.0, "MIGUEL URIBE LONDOÑO": 6.0, "PALOMA VALENCIA LASERNA": 206.0, "RAÚL SANTIAGO BOTERO JARAMILLO": 26.0, "ROY LEONARDO BARRERAS MONTEALEGRE": 0.0, "SERGIO FAJARDO VALDERRAMA": 121.0, "SONDRA MACOLLINS GARVIN PINTO": 5.0, "ÓSCAR MAURICIO LIZCANO ARANGO": 10.0, "TOTAL_VOTOS": 2891.0, "GANADOR": "IVÁN CEPEDA CASTRO", "VOTOS_GANADOR": 1536.0, "PCT_GANADOR": 53.1 }, "geometry": { "type": "Point", "coordinates": [ -74.08717515, 4.56450454 ] } },
{ "type": "Feature", "properties": { "LOCALIDAD": "San Cristóbal", "DIRECCION": "CLL 46 A Sur  # 3 B - 40 Este / CLL 46 A Sur # 3 B - 30 Este", "SITIO": "Villa del Cerro", "NOMBRE": "Salón Comunal Villa del Cerro", "ABELARDO DE LA ESPRIELLA": 657.0, "CARLOS EDUARDO CAICEDO OMAR": 3.0, "CLAUDIA LÓPEZ": 71.0, "GUSTAVO MATAMOROS CAMACHO": 0.0, "IVÁN CEPEDA CASTRO": 1236.0, "LUIS GILBERTO MURILLO URRUTIA": 2.0, "MIGUEL URIBE LONDOÑO": 3.0, "PALOMA VALENCIA LASERNA": 186.0, "RAÚL SANTIAGO BOTERO JARAMILLO": 14.0, "ROY LEONARDO BARRERAS MONTEALEGRE": 1.0, "SERGIO FAJARDO VALDERRAMA": 87.0, "SONDRA MACOLLINS GARVIN PINTO": 4.0, "ÓSCAR MAURICIO LIZCANO ARANGO": 11.0, "TOTAL_VOTOS": 2275.0, "GANADOR": "IVÁN CEPEDA CASTRO", "VOTOS_GANADOR": 1236.0, "PCT_GANADOR": 54.3 }, "geometry": { "type": "Point", "coordinates": [ -74.09562216, 4.54418875 ] } },
{ "type": "Feature", "properties": { "LOCALIDAD": "San Cristóbal", "DIRECCION": "CLL 48 Sur # 2 - 27 Este", "SITIO": "Canada Guira", "NOMBRE": "Colegio Distrital Canadá Guira - Sede C", "ABELARDO DE LA ESPRIELLA": 391.0, "CARLOS EDUARDO CAICEDO OMAR": 0.0, "CLAUDIA LÓPEZ": 60.0, "GUSTAVO MATAMOROS CAMACHO": 1.0, "IVÁN CEPEDA CASTRO": 967.0, "LUIS GILBERTO MURILLO URRUTIA": 0.0, "MIGUEL URIBE LONDOÑO": 5.0, "PALOMA VALENCIA LASERNA": 69.0, "RAÚL SANTIAGO BOTERO JARAMILLO": 16.0, "ROY LEONARDO BARRERAS MONTEALEGRE": 1.0, "SERGIO FAJARDO VALDERRAMA": 50.0, "SONDRA MACOLLINS GARVIN PINTO": 0.0, "ÓSCAR MAURICIO LIZCANO ARANGO": 4.0, "TOTAL_VOTOS": 1564.0, "GANADOR": "IVÁN CEPEDA CASTRO", "VOTOS_GANADOR": 967.0, "PCT_GANADOR": 61.8 }, "geometry": { "type": "Point", "coordinates": [ -74.09879301, 4.54438496 ] } },
{ "type": "Feature", "properties": { "LOCALIDAD": "San Cristóbal", "DIRECCION": "CRA 9 A # 14 -04 Sur", "SITIO": "Arboleda Sur", "NOMBRE": "Colegio Distrital Aldemar Rojas Plazas", "ABELARDO DE LA ESPRIELLA": 1259.0, "CARLOS EDUARDO CAICEDO OMAR": 0.0, "CLAUDIA LÓPEZ": 85.0, "GUSTAVO MATAMOROS CAMACHO": 0.0, "IVÁN CEPEDA CASTRO": 1373.0, "LUIS GILBERTO MURILLO URRUTIA": 3.0, "MIGUEL URIBE LONDOÑO": 4.0, "PALOMA VALENCIA LASERNA": 302.0, "RAÚL SANTIAGO BOTERO JARAMILLO": 18.0, "ROY LEONARDO BARRERAS MONTEALEGRE": 0.0, "SERGIO FAJARDO VALDERRAMA": 134.0, "SONDRA MACOLLINS GARVIN PINTO": 4.0, "ÓSCAR MAURICIO LIZCANO ARANGO": 1.0, "TOTAL_VOTOS": 3183.0, "GANADOR": "IVÁN CEPEDA CASTRO", "VOTOS_GANADOR": 1373.0, "PCT_GANADOR": 43.1 }, "geometry": { "type": "Point", "coordinates": [ -74.09111477, 4.57919566 ] } },
{ "type": "Feature", "properties": { "LOCALIDAD": "Usme", "DIRECCION": "CLL 136 Sur # 12 - 38", "SITIO": "Usme", "NOMBRE": "Colegio Distrital Francisco Antonio Zea - Sede A", "ABELARDO DE LA ESPRIELLA": 1243.0, "CARLOS EDUARDO CAICEDO OMAR": 2.0, "CLAUDIA LÓPEZ": 173.0, "GUSTAVO MATAMOROS CAMACHO": 0.0, "IVÁN CEPEDA CASTRO": 3204.0, "LUIS GILBERTO MURILLO URRUTIA": 4.0, "MIGUEL URIBE LONDOÑO": 9.0, "PALOMA VALENCIA LASERNA": 327.0, "RAÚL SANTIAGO BOTERO JARAMILLO": 41.0, "ROY LEONARDO BARRERAS MONTEALEGRE": 3.0, "SERGIO FAJARDO VALDERRAMA": 147.0, "SONDRA MACOLLINS GARVIN PINTO": 1.0, "ÓSCAR MAURICIO LIZCANO ARANGO": 8.0, "TOTAL_VOTOS": 5162.0, "GANADOR": "IVÁN CEPEDA CASTRO", "VOTOS_GANADOR": 3204.0, "PCT_GANADOR": 62.1 }, "geometry": { "type": "Point", "coordinates": [ -74.12153516, 4.47258194 ] } },
{ "type": "Feature", "properties": { "LOCALIDAD": "Usme", "DIRECCION": "TRV 6 B # 100 C - 55 Sur", "SITIO": "Monteblanco", "NOMBRE": "Colegio Distrital Diego Montaño Cuellar", "ABELARDO DE LA ESPRIELLA": 1245.0, "CARLOS EDUARDO CAICEDO OMAR": 4.0, "CLAUDIA LÓPEZ": 156.0, "GUSTAVO MATAMOROS CAMACHO": 2.0, "IVÁN CEPEDA CASTRO": 3420.0, "LUIS GILBERTO MURILLO URRUTIA": 5.0, "MIGUEL URIBE LONDOÑO": 5.0, "PALOMA VALENCIA LASERNA": 283.0, "RAÚL SANTIAGO BOTERO JARAMILLO": 79.0, "ROY LEONARDO BARRERAS MONTEALEGRE": 6.0, "SERGIO FAJARDO VALDERRAMA": 162.0, "SONDRA MACOLLINS GARVIN PINTO": 4.0, "ÓSCAR MAURICIO LIZCANO ARANGO": 10.0, "TOTAL_VOTOS": 5381.0, "GANADOR": "IVÁN CEPEDA CASTRO", "VOTOS_GANADOR": 3420.0, "PCT_GANADOR": 63.6 }, "geometry": { "type": "Point", "coordinates": [ -74.11504819, 4.49678055 ] } },
{ "type": "Feature", "properties": { "LOCALIDAD": "Usme", "DIRECCION": "CLL 69 D Sur # 8 B - 63", "SITIO": "Santa Marta", "NOMBRE": "Colegio Distrital Santa Marta", "ABELARDO DE LA ESPRIELLA": 966.0, "CARLOS EDUARDO CAICEDO OMAR": 3.0, "CLAUDIA LÓPEZ": 135.0, "GUSTAVO MATAMOROS CAMACHO": 2.0, "IVÁN CEPEDA CASTRO": 2590.0, "LUIS GILBERTO MURILLO URRUTIA": 4.0, "MIGUEL URIBE LONDOÑO": 9.0, "PALOMA VALENCIA LASERNA": 267.0, "RAÚL SANTIAGO BOTERO JARAMILLO": 31.0, "ROY LEONARDO BARRERAS MONTEALEGRE": 8.0, "SERGIO FAJARDO VALDERRAMA": 154.0, "SONDRA MACOLLINS GARVIN PINTO": 3.0, "ÓSCAR MAURICIO LIZCANO ARANGO": 13.0, "TOTAL_VOTOS": 4185.0, "GANADOR": "IVÁN CEPEDA CASTRO", "VOTOS_GANADOR": 2590.0, "PCT_GANADOR": 61.9 }, "geometry": { "type": "Point", "coordinates": [ -74.11562808, 4.52527317 ] } },
{ "type": "Feature", "properties": { "LOCALIDAD": "Rafael Uribe Uribe", "DIRECCION": "CLL 43 Sur # 16 A - 40 /DIAG 45 Bis B Sur # 13 F - 41", "SITIO": "Alexander Fleming San Jorge", "NOMBRE": "Colegio Distrital Alexander Fleming - Sede B", "ABELARDO DE LA ESPRIELLA": 1254.0, "CARLOS EDUARDO CAICEDO OMAR": 2.0, "CLAUDIA LÓPEZ": 152.0, "GUSTAVO MATAMOROS CAMACHO": 0.0, "IVÁN CEPEDA CASTRO": 1967.0, "LUIS GILBERTO MURILLO URRUTIA": 2.0, "MIGUEL URIBE LONDOÑO": 6.0, "PALOMA VALENCIA LASERNA": 329.0, "RAÚL SANTIAGO BOTERO JARAMILLO": 27.0, "ROY LEONARDO BARRERAS MONTEALEGRE": 1.0, "SERGIO FAJARDO VALDERRAMA": 150.0, "SONDRA MACOLLINS GARVIN PINTO": 1.0, "ÓSCAR MAURICIO LIZCANO ARANGO": 8.0, "TOTAL_VOTOS": 3899.0, "GANADOR": "IVÁN CEPEDA CASTRO", "VOTOS_GANADOR": 1967.0, "PCT_GANADOR": 50.4 }, "geometry": { "type": "Point", "coordinates": [ -74.12031361, 4.57159355 ] } },
{ "type": "Feature", "properties": { "LOCALIDAD": "Rafael Uribe Uribe", "DIRECCION": "DIAG 46 Sur # 12 A - 32", "SITIO": "Reino de Holanda", "NOMBRE": "Colegio Distrital Reino de Holanda - Sede B", "ABELARDO DE LA ESPRIELLA": 912.0, "CARLOS EDUARDO CAICEDO OMAR": 1.0, "CLAUDIA LÓPEZ": 101.0, "GUSTAVO MATAMOROS CAMACHO": 0.0, "IVÁN CEPEDA CASTRO": 1345.0, "LUIS GILBERTO MURILLO URRUTIA": 1.0, "MIGUEL URIBE LONDOÑO": 3.0, "PALOMA VALENCIA LASERNA": 182.0, "RAÚL SANTIAGO BOTERO JARAMILLO": 30.0, "ROY LEONARDO BARRERAS MONTEALEGRE": 4.0, "SERGIO FAJARDO VALDERRAMA": 117.0, "SONDRA MACOLLINS GARVIN PINTO": 1.0, "ÓSCAR MAURICIO LIZCANO ARANGO": 11.0, "TOTAL_VOTOS": 2708.0, "GANADOR": "IVÁN CEPEDA CASTRO", "VOTOS_GANADOR": 1345.0, "PCT_GANADOR": 49.7 }, "geometry": { "type": "Point", "coordinates": [ -74.11530818, 4.56728072 ] } },
{ "type": "Feature", "properties": { "LOCALIDAD": "Rafael Uribe Uribe", "DIRECCION": "TRV 13 G Bis # 46 - 35 Sur", "SITIO": "Marco Fidel Suárez", "NOMBRE": "Colegio Distrital Reino de Holanda - Sede A", "ABELARDO DE LA ESPRIELLA": 1522.0, "CARLOS EDUARDO CAICEDO OMAR": 5.0, "CLAUDIA LÓPEZ": 151.0, "GUSTAVO MATAMOROS CAMACHO": 1.0, "IVÁN CEPEDA CASTRO": 2528.0, "LUIS GILBERTO MURILLO URRUTIA": 6.0, "MIGUEL URIBE LONDOÑO": 11.0, "PALOMA VALENCIA LASERNA": 350.0, "RAÚL SANTIAGO BOTERO JARAMILLO": 35.0, "ROY LEONARDO BARRERAS MONTEALEGRE": 2.0, "SERGIO FAJARDO VALDERRAMA": 167.0, "SONDRA MACOLLINS GARVIN PINTO": 3.0, "ÓSCAR MAURICIO LIZCANO ARANGO": 14.0, "TOTAL_VOTOS": 4795.0, "GANADOR": "IVÁN CEPEDA CASTRO", "VOTOS_GANADOR": 2528.0, "PCT_GANADOR": 52.7 }, "geometry": { "type": "Point", "coordinates": [ -74.12201371, 4.56814376 ] } },
{ "type": "Feature", "properties": { "LOCALIDAD": "Rafael Uribe Uribe", "DIRECCION": "CLL 50 B Sur # 13 A - 32", "SITIO": "El Socorro Sur", "NOMBRE": "Colegio Distrital Alexander Fleming - Sede D", "ABELARDO DE LA ESPRIELLA": 599.0, "CARLOS EDUARDO CAICEDO OMAR": 1.0, "CLAUDIA LÓPEZ": 82.0, "GUSTAVO MATAMOROS CAMACHO": 0.0, "IVÁN CEPEDA CASTRO": 1166.0, "LUIS GILBERTO MURILLO URRUTIA": 3.0, "MIGUEL URIBE LONDOÑO": 5.0, "PALOMA VALENCIA LASERNA": 154.0, "RAÚL SANTIAGO BOTERO JARAMILLO": 9.0, "ROY LEONARDO BARRERAS MONTEALEGRE": 0.0, "SERGIO FAJARDO VALDERRAMA": 63.0, "SONDRA MACOLLINS GARVIN PINTO": 2.0, "ÓSCAR MAURICIO LIZCANO ARANGO": 11.0, "TOTAL_VOTOS": 2095.0, "GANADOR": "IVÁN CEPEDA CASTRO", "VOTOS_GANADOR": 1166.0, "PCT_GANADOR": 55.7 }, "geometry": { "type": "Point", "coordinates": [ -74.12448237, 4.56480862 ] } },
{ "type": "Feature", "properties": { "LOCALIDAD": "Rafael Uribe Uribe", "DIRECCION": "CLL 49 D Bis Sur # 5 X - 02", "SITIO": "Molinos del Sur", "NOMBRE": "Colegio Distrital Marruecos y Molinos - Sede A", "ABELARDO DE LA ESPRIELLA": 2854.0, "CARLOS EDUARDO CAICEDO OMAR": 1.0, "CLAUDIA LÓPEZ": 319.0, "GUSTAVO MATAMOROS CAMACHO": 5.0, "IVÁN CEPEDA CASTRO": 4807.0, "LUIS GILBERTO MURILLO URRUTIA": 8.0, "MIGUEL URIBE LONDOÑO": 21.0, "PALOMA VALENCIA LASERNA": 677.0, "RAÚL SANTIAGO BOTERO JARAMILLO": 53.0, "ROY LEONARDO BARRERAS MONTEALEGRE": 9.0, "SERGIO FAJARDO VALDERRAMA": 418.0, "SONDRA MACOLLINS GARVIN PINTO": 8.0, "ÓSCAR MAURICIO LIZCANO ARANGO": 21.0, "TOTAL_VOTOS": 9201.0, "GANADOR": "IVÁN CEPEDA CASTRO", "VOTOS_GANADOR": 4807.0, "PCT_GANADOR": 52.2 }, "geometry": { "type": "Point", "coordinates": [ -74.11787294, 4.55516154 ] } },
{ "type": "Feature", "properties": { "LOCALIDAD": "Rafael Uribe Uribe", "DIRECCION": "TRV 5 J # 48 F - 69 Sur / TRV 5 L Bis # 48 F - 69 Sur", "SITIO": "Ciudad Bochica Sur", "NOMBRE": "Colegio Distrital Alfredo Iriarte - Sede A", "ABELARDO DE LA ESPRIELLA": 2024.0, "CARLOS EDUARDO CAICEDO OMAR": 4.0, "CLAUDIA LÓPEZ": 209.0, "GUSTAVO MATAMOROS CAMACHO": 2.0, "IVÁN CEPEDA CASTRO": 3380.0, "LUIS GILBERTO MURILLO URRUTIA": 9.0, "MIGUEL URIBE LONDOÑO": 15.0, "PALOMA VALENCIA LASERNA": 458.0, "RAÚL SANTIAGO BOTERO JARAMILLO": 40.0, "ROY LEONARDO BARRERAS MONTEALEGRE": 1.0, "SERGIO FAJARDO VALDERRAMA": 275.0, "SONDRA MACOLLINS GARVIN PINTO": 8.0, "ÓSCAR MAURICIO LIZCANO ARANGO": 13.0, "TOTAL_VOTOS": 6438.0, "GANADOR": "IVÁN CEPEDA CASTRO", "VOTOS_GANADOR": 3380.0, "PCT_GANADOR": 52.5 }, "geometry": { "type": "Point", "coordinates": [ -74.11213382, 4.557649 ] } },
{ "type": "Feature", "properties": { "LOCALIDAD": "Rafael Uribe Uribe", "DIRECCION": "TRV 5 A # 48 M - 50 Sur", "SITIO": "Los Molinos II Sector", "NOMBRE": "Colegio Distrital Colombia Viva - Sede A", "ABELARDO DE LA ESPRIELLA": 1311.0, "CARLOS EDUARDO CAICEDO OMAR": 3.0, "CLAUDIA LÓPEZ": 169.0, "GUSTAVO MATAMOROS CAMACHO": 1.0, "IVÁN CEPEDA CASTRO": 2834.0, "LUIS GILBERTO MURILLO URRUTIA": 3.0, "MIGUEL URIBE LONDOÑO": 5.0, "PALOMA VALENCIA LASERNA": 311.0, "RAÚL SANTIAGO BOTERO JARAMILLO": 35.0, "ROY LEONARDO BARRERAS MONTEALEGRE": 4.0, "SERGIO FAJARDO VALDERRAMA": 222.0, "SONDRA MACOLLINS GARVIN PINTO": 4.0, "ÓSCAR MAURICIO LIZCANO ARANGO": 17.0, "TOTAL_VOTOS": 4919.0, "GANADOR": "IVÁN CEPEDA CASTRO", "VOTOS_GANADOR": 2834.0, "PCT_GANADOR": 57.6 }, "geometry": { "type": "Point", "coordinates": [ -74.1076952, 4.55358905 ] } },
{ "type": "Feature", "properties": { "LOCALIDAD": "Rafael Uribe Uribe", "DIRECCION": "DIAG 41 Sur # 34 A -90", "SITIO": "Villa Mayor La Nueva", "NOMBRE": "Salón Comunal Villa Mayor La Nueva", "ABELARDO DE LA ESPRIELLA": 1168.0, "CARLOS EDUARDO CAICEDO OMAR": 0.0, "CLAUDIA LÓPEZ": 56.0, "GUSTAVO MATAMOROS CAMACHO": 0.0, "IVÁN CEPEDA CASTRO": 789.0, "LUIS GILBERTO MURILLO URRUTIA": 0.0, "MIGUEL URIBE LONDOÑO": 2.0, "PALOMA VALENCIA LASERNA": 207.0, "RAÚL SANTIAGO BOTERO JARAMILLO": 9.0, "ROY LEONARDO BARRERAS MONTEALEGRE": 0.0, "SERGIO FAJARDO VALDERRAMA": 169.0, "SONDRA MACOLLINS GARVIN PINTO": 5.0, "ÓSCAR MAURICIO LIZCANO ARANGO": 0.0, "TOTAL_VOTOS": 2405.0, "GANADOR": "ABELARDO DE LA ESPRIELLA", "VOTOS_GANADOR": 1168.0, "PCT_GANADOR": 48.6 }, "geometry": { "type": "Point", "coordinates": [ -74.12704196, 4.58939404 ] } },
{ "type": "Feature", "properties": { "LOCALIDAD": "Rafael Uribe Uribe", "DIRECCION": "CLL 40 D Sur # 12 J - 39", "SITIO": "Granjas de San Pablo", "NOMBRE": "Colegio Distrital José Marti - Sede C", "ABELARDO DE LA ESPRIELLA": 705.0, "CARLOS EDUARDO CAICEDO OMAR": 4.0, "CLAUDIA LÓPEZ": 84.0, "GUSTAVO MATAMOROS CAMACHO": 0.0, "IVÁN CEPEDA CASTRO": 1292.0, "LUIS GILBERTO MURILLO URRUTIA": 5.0, "MIGUEL URIBE LONDOÑO": 1.0, "PALOMA VALENCIA LASERNA": 179.0, "RAÚL SANTIAGO BOTERO JARAMILLO": 22.0, "ROY LEONARDO BARRERAS MONTEALEGRE": 0.0, "SERGIO FAJARDO VALDERRAMA": 77.0, "SONDRA MACOLLINS GARVIN PINTO": 0.0, "ÓSCAR MAURICIO LIZCANO ARANGO": 9.0, "TOTAL_VOTOS": 2378.0, "GANADOR": "IVÁN CEPEDA CASTRO", "VOTOS_GANADOR": 1292.0, "PCT_GANADOR": 54.3 }, "geometry": { "type": "Point", "coordinates": [ -74.11613732, 4.57151293 ] } },
{ "type": "Feature", "properties": { "LOCALIDAD": "Rafael Uribe Uribe", "DIRECCION": "DIAG 32 B Sur # 12 B - 36 / CLL 36 D Sur # 11 D - 40 ", "SITIO": "Resurrección", "NOMBRE": "Colegio Distrital José Marti - Sede D", "ABELARDO DE LA ESPRIELLA": 540.0, "CARLOS EDUARDO CAICEDO OMAR": 2.0, "CLAUDIA LÓPEZ": 71.0, "GUSTAVO MATAMOROS CAMACHO": 1.0, "IVÁN CEPEDA CASTRO": 1214.0, "LUIS GILBERTO MURILLO URRUTIA": 2.0, "MIGUEL URIBE LONDOÑO": 8.0, "PALOMA VALENCIA LASERNA": 157.0, "RAÚL SANTIAGO BOTERO JARAMILLO": 29.0, "ROY LEONARDO BARRERAS MONTEALEGRE": 1.0, "SERGIO FAJARDO VALDERRAMA": 89.0, "SONDRA MACOLLINS GARVIN PINTO": 3.0, "ÓSCAR MAURICIO LIZCANO ARANGO": 7.0, "TOTAL_VOTOS": 2124.0, "GANADOR": "IVÁN CEPEDA CASTRO", "VOTOS_GANADOR": 1214.0, "PCT_GANADOR": 57.2 }, "geometry": { "type": "Point", "coordinates": [ -74.10933183, 4.56841424 ] } },
{ "type": "Feature", "properties": { "LOCALIDAD": "Rafael Uribe Uribe", "DIRECCION": "CLL 49 C Sur # 5 C - 41", "SITIO": "San Agustín Sur", "NOMBRE": "Colegio Distrital San Agustín - Sede A", "ABELARDO DE LA ESPRIELLA": 1827.0, "CARLOS EDUARDO CAICEDO OMAR": 6.0, "CLAUDIA LÓPEZ": 231.0, "GUSTAVO MATAMOROS CAMACHO": 4.0, "IVÁN CEPEDA CASTRO": 4012.0, "LUIS GILBERTO MURILLO URRUTIA": 3.0, "MIGUEL URIBE LONDOÑO": 7.0, "PALOMA VALENCIA LASERNA": 429.0, "RAÚL SANTIAGO BOTERO JARAMILLO": 54.0, "ROY LEONARDO BARRERAS MONTEALEGRE": 5.0, "SERGIO FAJARDO VALDERRAMA": 214.0, "SONDRA MACOLLINS GARVIN PINTO": 10.0, "ÓSCAR MAURICIO LIZCANO ARANGO": 13.0, "TOTAL_VOTOS": 6815.0, "GANADOR": "IVÁN CEPEDA CASTRO", "VOTOS_GANADOR": 4012.0, "PCT_GANADOR": 58.9 }, "geometry": { "type": "Point", "coordinates": [ -74.11336675, 4.54774728 ] } },
{ "type": "Feature", "properties": { "LOCALIDAD": "Rafael Uribe Uribe", "DIRECCION": "CLL 48 P # 5 L - 40 Sur / CLL 48 Q Sur # 5 J - 86", "SITIO": "Marruecos Apartamentos ", "NOMBRE": "Salón Comunal Marruecos", "ABELARDO DE LA ESPRIELLA": 811.0, "CARLOS EDUARDO CAICEDO OMAR": 0.0, "CLAUDIA LÓPEZ": 76.0, "GUSTAVO MATAMOROS CAMACHO": 0.0, "IVÁN CEPEDA CASTRO": 1249.0, "LUIS GILBERTO MURILLO URRUTIA": 0.0, "MIGUEL URIBE LONDOÑO": 2.0, "PALOMA VALENCIA LASERNA": 171.0, "RAÚL SANTIAGO BOTERO JARAMILLO": 13.0, "ROY LEONARDO BARRERAS MONTEALEGRE": 1.0, "SERGIO FAJARDO VALDERRAMA": 112.0, "SONDRA MACOLLINS GARVIN PINTO": 1.0, "ÓSCAR MAURICIO LIZCANO ARANGO": 3.0, "TOTAL_VOTOS": 2439.0, "GANADOR": "IVÁN CEPEDA CASTRO", "VOTOS_GANADOR": 1249.0, "PCT_GANADOR": 51.2 }, "geometry": { "type": "Point", "coordinates": [ -74.11256657, 4.55436768 ] } },
{ "type": "Feature", "properties": { "LOCALIDAD": "Rafael Uribe Uribe", "DIRECCION": "TRV 5 P # 48 J - 31 Sur", "SITIO": "Mirador de Marrocos", "NOMBRE": "Salón Comunal Mirador de Marrocos", "ABELARDO DE LA ESPRIELLA": 201.0, "CARLOS EDUARDO CAICEDO OMAR": 0.0, "CLAUDIA LÓPEZ": 17.0, "GUSTAVO MATAMOROS CAMACHO": 0.0, "IVÁN CEPEDA CASTRO": 386.0, "LUIS GILBERTO MURILLO URRUTIA": 0.0, "MIGUEL URIBE LONDOÑO": 1.0, "PALOMA VALENCIA LASERNA": 52.0, "RAÚL SANTIAGO BOTERO JARAMILLO": 5.0, "ROY LEONARDO BARRERAS MONTEALEGRE": 0.0, "SERGIO FAJARDO VALDERRAMA": 19.0, "SONDRA MACOLLINS GARVIN PINTO": 0.0, "ÓSCAR MAURICIO LIZCANO ARANGO": 4.0, "TOTAL_VOTOS": 685.0, "GANADOR": "IVÁN CEPEDA CASTRO", "VOTOS_GANADOR": 386.0, "PCT_GANADOR": 56.4 }, "geometry": { "type": "Point", "coordinates": [ -74.11357177, 4.5578005 ] } },
{ "type": "Feature", "properties": { "LOCALIDAD": "Rafael Uribe Uribe", "DIRECCION": "AV Caracas # 37 - 48 Sur", "SITIO": "San Juanito", "NOMBRE": "Plazoleta entrada del almacén ARA - Conjunto Asturias Real", "ABELARDO DE LA ESPRIELLA": 290.0, "CARLOS EDUARDO CAICEDO OMAR": 1.0, "CLAUDIA LÓPEZ": 28.0, "GUSTAVO MATAMOROS CAMACHO": 0.0, "IVÁN CEPEDA CASTRO": 466.0, "LUIS GILBERTO MURILLO URRUTIA": 1.0, "MIGUEL URIBE LONDOÑO": 2.0, "PALOMA VALENCIA LASERNA": 64.0, "RAÚL SANTIAGO BOTERO JARAMILLO": 8.0, "ROY LEONARDO BARRERAS MONTEALEGRE": 0.0, "SERGIO FAJARDO VALDERRAMA": 36.0, "SONDRA MACOLLINS GARVIN PINTO": 1.0, "ÓSCAR MAURICIO LIZCANO ARANGO": 1.0, "TOTAL_VOTOS": 898.0, "GANADOR": "IVÁN CEPEDA CASTRO", "VOTOS_GANADOR": 466.0, "PCT_GANADOR": 51.9 }, "geometry": { "type": "Point", "coordinates": [ -74.11861099, 4.57583632 ] } },
{ "type": "Feature", "properties": { "LOCALIDAD": "Ciudad Bolívar", "DIRECCION": "CLL 80 A Sur # 18 C - 70", "SITIO": "San Joaquín del Vaticano", "NOMBRE": "Colegio Distrital Don Bosco La Joya Sede A", "ABELARDO DE LA ESPRIELLA": 1106.0, "CARLOS EDUARDO CAICEDO OMAR": 4.0, "CLAUDIA LÓPEZ": 128.0, "GUSTAVO MATAMOROS CAMACHO": 2.0, "IVÁN CEPEDA CASTRO": 2976.0, "LUIS GILBERTO MURILLO URRUTIA": 6.0, "MIGUEL URIBE LONDOÑO": 13.0, "PALOMA VALENCIA LASERNA": 240.0, "RAÚL SANTIAGO BOTERO JARAMILLO": 84.0, "ROY LEONARDO BARRERAS MONTEALEGRE": 2.0, "SERGIO FAJARDO VALDERRAMA": 117.0, "SONDRA MACOLLINS GARVIN PINTO": 7.0, "ÓSCAR MAURICIO LIZCANO ARANGO": 10.0, "TOTAL_VOTOS": 4695.0, "GANADOR": "IVÁN CEPEDA CASTRO", "VOTOS_GANADOR": 2976.0, "PCT_GANADOR": 63.4 }, "geometry": { "type": "Point", "coordinates": [ -74.14493208, 4.53707728 ] } },
{ "type": "Feature", "properties": { "LOCALIDAD": "Ciudad Bolívar", "DIRECCION": "DIAG 71 B Sur # 18 I - 20", "SITIO": "Vistahermosa", "NOMBRE": "Colegio Distrital Rafaél Uribe Uribe", "ABELARDO DE LA ESPRIELLA": 1788.0, "CARLOS EDUARDO CAICEDO OMAR": 8.0, "CLAUDIA LÓPEZ": 228.0, "GUSTAVO MATAMOROS CAMACHO": 2.0, "IVÁN CEPEDA CASTRO": 4272.0, "LUIS GILBERTO MURILLO URRUTIA": 11.0, "MIGUEL URIBE LONDOÑO": 16.0, "PALOMA VALENCIA LASERNA": 450.0, "RAÚL SANTIAGO BOTERO JARAMILLO": 61.0, "ROY LEONARDO BARRERAS MONTEALEGRE": 5.0, "SERGIO FAJARDO VALDERRAMA": 180.0, "SONDRA MACOLLINS GARVIN PINTO": 7.0, "ÓSCAR MAURICIO LIZCANO ARANGO": 15.0, "TOTAL_VOTOS": 7043.0, "GANADOR": "IVÁN CEPEDA CASTRO", "VOTOS_GANADOR": 4272.0, "PCT_GANADOR": 60.7 }, "geometry": { "type": "Point", "coordinates": [ -74.14905682, 4.54710188 ] } },
{ "type": "Feature", "properties": { "LOCALIDAD": "Ciudad Bolívar", "DIRECCION": "CLL 62 Sur # 19 B – 42", "SITIO": "La Acacia", "NOMBRE": "Colegio Distrital La Acacia II - Sede A", "ABELARDO DE LA ESPRIELLA": 2292.0, "CARLOS EDUARDO CAICEDO OMAR": 13.0, "CLAUDIA LÓPEZ": 287.0, "GUSTAVO MATAMOROS CAMACHO": 1.0, "IVÁN CEPEDA CASTRO": 4660.0, "LUIS GILBERTO MURILLO URRUTIA": 13.0, "MIGUEL URIBE LONDOÑO": 15.0, "PALOMA VALENCIA LASERNA": 574.0, "RAÚL SANTIAGO BOTERO JARAMILLO": 77.0, "ROY LEONARDO BARRERAS MONTEALEGRE": 9.0, "SERGIO FAJARDO VALDERRAMA": 284.0, "SONDRA MACOLLINS GARVIN PINTO": 7.0, "ÓSCAR MAURICIO LIZCANO ARANGO": 23.0, "TOTAL_VOTOS": 8255.0, "GANADOR": "IVÁN CEPEDA CASTRO", "VOTOS_GANADOR": 4660.0, "PCT_GANADOR": 56.5 }, "geometry": { "type": "Point", "coordinates": [ -74.14226652, 4.56067214 ] } },
{ "type": "Feature", "properties": { "LOCALIDAD": "Ciudad Bolívar", "DIRECCION": "CLL 75 Sur # 46 B - 16", "SITIO": "Jerusalén (El Tanque)", "NOMBRE": "Colegio Distrital Tanque Laguna - Sede B", "ABELARDO DE LA ESPRIELLA": 1513.0, "CARLOS EDUARDO CAICEDO OMAR": 1.0, "CLAUDIA LÓPEZ": 247.0, "GUSTAVO MATAMOROS CAMACHO": 0.0, "IVÁN CEPEDA CASTRO": 2842.0, "LUIS GILBERTO MURILLO URRUTIA": 4.0, "MIGUEL URIBE LONDOÑO": 6.0, "PALOMA VALENCIA LASERNA": 306.0, "RAÚL SANTIAGO BOTERO JARAMILLO": 49.0, "ROY LEONARDO BARRERAS MONTEALEGRE": 1.0, "SERGIO FAJARDO VALDERRAMA": 123.0, "SONDRA MACOLLINS GARVIN PINTO": 7.0, "ÓSCAR MAURICIO LIZCANO ARANGO": 17.0, "TOTAL_VOTOS": 5116.0, "GANADOR": "IVÁN CEPEDA CASTRO", "VOTOS_GANADOR": 2842.0, "PCT_GANADOR": 55.6 }, "geometry": { "type": "Point", "coordinates": [ -74.16542993, 4.57190709 ] } },
{ "type": "Feature", "properties": { "LOCALIDAD": "Ciudad Bolívar", "DIRECCION": "CRA 18 P # 67 C - 21 Sur /CRA 18 Q Bis B # 67 C - 21 Sur", "SITIO": "Juan Pablo II", "NOMBRE": "Colegio Distrital Santa Bárbara", "ABELARDO DE LA ESPRIELLA": 997.0, "CARLOS EDUARDO CAICEDO OMAR": 2.0, "CLAUDIA LÓPEZ": 122.0, "GUSTAVO MATAMOROS CAMACHO": 2.0, "IVÁN CEPEDA CASTRO": 2662.0, "LUIS GILBERTO MURILLO URRUTIA": 7.0, "MIGUEL URIBE LONDOÑO": 6.0, "PALOMA VALENCIA LASERNA": 259.0, "RAÚL SANTIAGO BOTERO JARAMILLO": 46.0, "ROY LEONARDO BARRERAS MONTEALEGRE": 1.0, "SERGIO FAJARDO VALDERRAMA": 92.0, "SONDRA MACOLLINS GARVIN PINTO": 2.0, "ÓSCAR MAURICIO LIZCANO ARANGO": 5.0, "TOTAL_VOTOS": 4203.0, "GANADOR": "IVÁN CEPEDA CASTRO", "VOTOS_GANADOR": 2662.0, "PCT_GANADOR": 63.3 }, "geometry": { "type": "Point", "coordinates": [ -74.14786308, 4.55526199 ] } },
{ "type": "Feature", "properties": { "LOCALIDAD": "Ciudad Bolívar", "DIRECCION": "CLL 67 Sur # 20 D - 20", "SITIO": "San Francisco", "NOMBRE": "Colegio Distrital Nicolas Gómez Dávila", "ABELARDO DE LA ESPRIELLA": 3091.0, "CARLOS EDUARDO CAICEDO OMAR": 7.0, "CLAUDIA LÓPEZ": 324.0, "GUSTAVO MATAMOROS CAMACHO": 1.0, "IVÁN CEPEDA CASTRO": 5455.0, "LUIS GILBERTO MURILLO URRUTIA": 5.0, "MIGUEL URIBE LONDOÑO": 18.0, "PALOMA VALENCIA LASERNA": 722.0, "RAÚL SANTIAGO BOTERO JARAMILLO": 105.0, "ROY LEONARDO BARRERAS MONTEALEGRE": 7.0, "SERGIO FAJARDO VALDERRAMA": 342.0, "SONDRA MACOLLINS GARVIN PINTO": 4.0, "ÓSCAR MAURICIO LIZCANO ARANGO": 22.0, "TOTAL_VOTOS": 10103.0, "GANADOR": "IVÁN CEPEDA CASTRO", "VOTOS_GANADOR": 5455.0, "PCT_GANADOR": 54.0 }, "geometry": { "type": "Point", "coordinates": [ -74.14905785, 4.56362294 ] } },
{ "type": "Feature", "properties": { "LOCALIDAD": "Ciudad Bolívar", "DIRECCION": "TRV 70 D # 60 - 90 Sur", "SITIO": "Madelena", "NOMBRE": "Colegio Distrital El Ensueño", "ABELARDO DE LA ESPRIELLA": 2663.0, "CARLOS EDUARDO CAICEDO OMAR": 0.0, "CLAUDIA LÓPEZ": 180.0, "GUSTAVO MATAMOROS CAMACHO": 1.0, "IVÁN CEPEDA CASTRO": 3196.0, "LUIS GILBERTO MURILLO URRUTIA": 4.0, "MIGUEL URIBE LONDOÑO": 1.0, "PALOMA VALENCIA LASERNA": 590.0, "RAÚL SANTIAGO BOTERO JARAMILLO": 25.0, "ROY LEONARDO BARRERAS MONTEALEGRE": 2.0, "SERGIO FAJARDO VALDERRAMA": 439.0, "SONDRA MACOLLINS GARVIN PINTO": 2.0, "ÓSCAR MAURICIO LIZCANO ARANGO": 10.0, "TOTAL_VOTOS": 7113.0, "GANADOR": "IVÁN CEPEDA CASTRO", "VOTOS_GANADOR": 3196.0, "PCT_GANADOR": 44.9 }, "geometry": { "type": "Point", "coordinates": [ -74.15838841, 4.58636921 ] } },
{ "type": "Feature", "properties": { "LOCALIDAD": "Usaquén", "DIRECCION": "CRA 9 Entre CLL 145 y 146 / CRA 11 # 145 - 60", "SITIO": "Parque Cedritos", "NOMBRE": "Parque Cedritos", "ABELARDO DE LA ESPRIELLA": 4063.0, "CARLOS EDUARDO CAICEDO OMAR": 0.0, "CLAUDIA LÓPEZ": 83.0, "GUSTAVO MATAMOROS CAMACHO": 0.0, "IVÁN CEPEDA CASTRO": 1060.0, "LUIS GILBERTO MURILLO URRUTIA": 0.0, "MIGUEL URIBE LONDOÑO": 2.0, "PALOMA VALENCIA LASERNA": 1124.0, "RAÚL SANTIAGO BOTERO JARAMILLO": 4.0, "ROY LEONARDO BARRERAS MONTEALEGRE": 3.0, "SERGIO FAJARDO VALDERRAMA": 493.0, "SONDRA MACOLLINS GARVIN PINTO": 1.0, "ÓSCAR MAURICIO LIZCANO ARANGO": 1.0, "TOTAL_VOTOS": 6834.0, "GANADOR": "ABELARDO DE LA ESPRIELLA", "VOTOS_GANADOR": 4063.0, "PCT_GANADOR": 59.5 }, "geometry": { "type": "Point", "coordinates": [ -74.03252396, 4.72340171 ] } },
{ "type": "Feature", "properties": { "LOCALIDAD": "Usaquén", "DIRECCION": "CRA 7 A # 150 - 85", "SITIO": "Cedro Golf", "NOMBRE": "Parque Cedro Golf", "ABELARDO DE LA ESPRIELLA": 3481.0, "CARLOS EDUARDO CAICEDO OMAR": 0.0, "CLAUDIA LÓPEZ": 88.0, "GUSTAVO MATAMOROS CAMACHO": 0.0, "IVÁN CEPEDA CASTRO": 1157.0, "LUIS GILBERTO MURILLO URRUTIA": 1.0, "MIGUEL URIBE LONDOÑO": 4.0, "PALOMA VALENCIA LASERNA": 963.0, "RAÚL SANTIAGO BOTERO JARAMILLO": 10.0, "ROY LEONARDO BARRERAS MONTEALEGRE": 3.0, "SERGIO FAJARDO VALDERRAMA": 491.0, "SONDRA MACOLLINS GARVIN PINTO": 5.0, "ÓSCAR MAURICIO LIZCANO ARANGO": 3.0, "TOTAL_VOTOS": 6206.0, "GANADOR": "ABELARDO DE LA ESPRIELLA", "VOTOS_GANADOR": 3481.0, "PCT_GANADOR": 56.1 }, "geometry": { "type": "Point", "coordinates": [ -74.02642592, 4.72549439 ] } },
{ "type": "Feature", "properties": { "LOCALIDAD": "Usaquén", "DIRECCION": "CRA 5 B # 189 B - 30", "SITIO": "Buenavista", "NOMBRE": "Colegio Distrital Nuevo Horizonte Sede A", "ABELARDO DE LA ESPRIELLA": 1542.0, "CARLOS EDUARDO CAICEDO OMAR": 4.0, "CLAUDIA LÓPEZ": 148.0, "GUSTAVO MATAMOROS CAMACHO": 1.0, "IVÁN CEPEDA CASTRO": 2208.0, "LUIS GILBERTO MURILLO URRUTIA": 6.0, "MIGUEL URIBE LONDOÑO": 13.0, "PALOMA VALENCIA LASERNA": 364.0, "RAÚL SANTIAGO BOTERO JARAMILLO": 31.0, "ROY LEONARDO BARRERAS MONTEALEGRE": 8.0, "SERGIO FAJARDO VALDERRAMA": 171.0, "SONDRA MACOLLINS GARVIN PINTO": 8.0, "ÓSCAR MAURICIO LIZCANO ARANGO": 7.0, "TOTAL_VOTOS": 4511.0, "GANADOR": "IVÁN CEPEDA CASTRO", "VOTOS_GANADOR": 2208.0, "PCT_GANADOR": 48.9 }, "geometry": { "type": "Point", "coordinates": [ -74.02579167, 4.76685669 ] } },
{ "type": "Feature", "properties": { "LOCALIDAD": "Bosa", "DIRECCION": "CRA 78 J # 58 M - 10 Sur", "SITIO": "José Antonio Galán", "NOMBRE": "Colegio Distrital José Antonio Galán", "ABELARDO DE LA ESPRIELLA": 1641.0, "CARLOS EDUARDO CAICEDO OMAR": 5.0, "CLAUDIA LÓPEZ": 159.0, "GUSTAVO MATAMOROS CAMACHO": 1.0, "IVÁN CEPEDA CASTRO": 2830.0, "LUIS GILBERTO MURILLO URRUTIA": 8.0, "MIGUEL URIBE LONDOÑO": 7.0, "PALOMA VALENCIA LASERNA": 404.0, "RAÚL SANTIAGO BOTERO JARAMILLO": 33.0, "ROY LEONARDO BARRERAS MONTEALEGRE": 4.0, "SERGIO FAJARDO VALDERRAMA": 200.0, "SONDRA MACOLLINS GARVIN PINTO": 4.0, "ÓSCAR MAURICIO LIZCANO ARANGO": 9.0, "TOTAL_VOTOS": 5305.0, "GANADOR": "IVÁN CEPEDA CASTRO", "VOTOS_GANADOR": 2830.0, "PCT_GANADOR": 53.3 }, "geometry": { "type": "Point", "coordinates": [ -74.17896636, 4.60614261 ] } },
{ "type": "Feature", "properties": { "LOCALIDAD": "Bosa", "DIRECCION": "CLL 65 H Sur # 78 A - 03 / CLL 65 H Sur # 78 A - 05", "SITIO": "La Amistad", "NOMBRE": "Colegio Distrital Luis López de Meza", "ABELARDO DE LA ESPRIELLA": 1775.0, "CARLOS EDUARDO CAICEDO OMAR": 6.0, "CLAUDIA LÓPEZ": 161.0, "GUSTAVO MATAMOROS CAMACHO": 5.0, "IVÁN CEPEDA CASTRO": 2557.0, "LUIS GILBERTO MURILLO URRUTIA": 4.0, "MIGUEL URIBE LONDOÑO": 9.0, "PALOMA VALENCIA LASERNA": 446.0, "RAÚL SANTIAGO BOTERO JARAMILLO": 40.0, "ROY LEONARDO BARRERAS MONTEALEGRE": 2.0, "SERGIO FAJARDO VALDERRAMA": 211.0, "SONDRA MACOLLINS GARVIN PINTO": 6.0, "ÓSCAR MAURICIO LIZCANO ARANGO": 8.0, "TOTAL_VOTOS": 5230.0, "GANADOR": "IVÁN CEPEDA CASTRO", "VOTOS_GANADOR": 2557.0, "PCT_GANADOR": 48.9 }, "geometry": { "type": "Point", "coordinates": [ -74.18588292, 4.60059729 ] } },
{ "type": "Feature", "properties": { "LOCALIDAD": "Bosa", "DIRECCION": "CRA 89 Bis # 85 A - 20 Sur / CRA 80 K # 85 A - 33 Sur", "SITIO": "Bosa San José", "NOMBRE": "Colegio Distrital  Albán Holguín - Sede C", "ABELARDO DE LA ESPRIELLA": 880.0, "CARLOS EDUARDO CAICEDO OMAR": 2.0, "CLAUDIA LÓPEZ": 138.0, "GUSTAVO MATAMOROS CAMACHO": 1.0, "IVÁN CEPEDA CASTRO": 2174.0, "LUIS GILBERTO MURILLO URRUTIA": 1.0, "MIGUEL URIBE LONDOÑO": 4.0, "PALOMA VALENCIA LASERNA": 199.0, "RAÚL SANTIAGO BOTERO JARAMILLO": 40.0, "ROY LEONARDO BARRERAS MONTEALEGRE": 3.0, "SERGIO FAJARDO VALDERRAMA": 105.0, "SONDRA MACOLLINS GARVIN PINTO": 2.0, "ÓSCAR MAURICIO LIZCANO ARANGO": 12.0, "TOTAL_VOTOS": 3561.0, "GANADOR": "IVÁN CEPEDA CASTRO", "VOTOS_GANADOR": 2174.0, "PCT_GANADOR": 61.1 }, "geometry": { "type": "Point", "coordinates": [ -74.20988606, 4.61376442 ] } },
{ "type": "Feature", "properties": { "LOCALIDAD": "Bosa", "DIRECCION": "AV CLL 57 R Sur # 72 D - 12", "SITIO": "Surbana", "NOMBRE": "SuperCADE de Bosa", "ABELARDO DE LA ESPRIELLA": 613.0, "CARLOS EDUARDO CAICEDO OMAR": 0.0, "CLAUDIA LÓPEZ": 50.0, "GUSTAVO MATAMOROS CAMACHO": 1.0, "IVÁN CEPEDA CASTRO": 891.0, "LUIS GILBERTO MURILLO URRUTIA": 0.0, "MIGUEL URIBE LONDOÑO": 4.0, "PALOMA VALENCIA LASERNA": 127.0, "RAÚL SANTIAGO BOTERO JARAMILLO": 9.0, "ROY LEONARDO BARRERAS MONTEALEGRE": 0.0, "SERGIO FAJARDO VALDERRAMA": 90.0, "SONDRA MACOLLINS GARVIN PINTO": 1.0, "ÓSCAR MAURICIO LIZCANO ARANGO": 5.0, "TOTAL_VOTOS": 1791.0, "GANADOR": "IVÁN CEPEDA CASTRO", "VOTOS_GANADOR": 891.0, "PCT_GANADOR": 49.7 }, "geometry": { "type": "Point", "coordinates": [ -74.16766294, 4.59703159 ] } },
{ "type": "Feature", "properties": { "LOCALIDAD": "Bosa", "DIRECCION": "CLL 77 A Sur # 86 - 40 / CLL 78 Sur # 79 - 40", "SITIO": "La Esperanza", "NOMBRE": "Colegio Distrital La Esperanza", "ABELARDO DE LA ESPRIELLA": 1776.0, "CARLOS EDUARDO CAICEDO OMAR": 1.0, "CLAUDIA LÓPEZ": 176.0, "GUSTAVO MATAMOROS CAMACHO": 3.0, "IVÁN CEPEDA CASTRO": 4081.0, "LUIS GILBERTO MURILLO URRUTIA": 4.0, "MIGUEL URIBE LONDOÑO": 20.0, "PALOMA VALENCIA LASERNA": 403.0, "RAÚL SANTIAGO BOTERO JARAMILLO": 56.0, "ROY LEONARDO BARRERAS MONTEALEGRE": 3.0, "SERGIO FAJARDO VALDERRAMA": 266.0, "SONDRA MACOLLINS GARVIN PINTO": 8.0, "ÓSCAR MAURICIO LIZCANO ARANGO": 19.0, "TOTAL_VOTOS": 6816.0, "GANADOR": "IVÁN CEPEDA CASTRO", "VOTOS_GANADOR": 4081.0, "PCT_GANADOR": 59.9 }, "geometry": { "type": "Point", "coordinates": [ -74.2053697, 4.60969598 ] } },
{ "type": "Feature", "properties": { "LOCALIDAD": "Bosa", "DIRECCION": "CRA 78 J Bis # 65 J - 04 Sur / CLL 65 J Sur # 78 J - 21", "SITIO": "Pablo de Tarso", "NOMBRE": "Colegio Distrital Pablo de Tarso - Sede A", "ABELARDO DE LA ESPRIELLA": 1251.0, "CARLOS EDUARDO CAICEDO OMAR": 1.0, "CLAUDIA LÓPEZ": 105.0, "GUSTAVO MATAMOROS CAMACHO": 0.0, "IVÁN CEPEDA CASTRO": 3094.0, "LUIS GILBERTO MURILLO URRUTIA": 5.0, "MIGUEL URIBE LONDOÑO": 5.0, "PALOMA VALENCIA LASERNA": 267.0, "RAÚL SANTIAGO BOTERO JARAMILLO": 45.0, "ROY LEONARDO BARRERAS MONTEALEGRE": 5.0, "SERGIO FAJARDO VALDERRAMA": 216.0, "SONDRA MACOLLINS GARVIN PINTO": 1.0, "ÓSCAR MAURICIO LIZCANO ARANGO": 7.0, "TOTAL_VOTOS": 5002.0, "GANADOR": "IVÁN CEPEDA CASTRO", "VOTOS_GANADOR": 3094.0, "PCT_GANADOR": 61.9 }, "geometry": { "type": "Point", "coordinates": [ -74.18698568, 4.60397696 ] } },
{ "type": "Feature", "properties": { "LOCALIDAD": "Bosa", "DIRECCION": "CLL 58 Sur # 104 A - 04 / CLL 58 Sur # 104 A - 50", "SITIO": "El Recuerdo Santafé", "NOMBRE": "Colegio Distrital El Porvenir - Sede B", "ABELARDO DE LA ESPRIELLA": 1012.0, "CARLOS EDUARDO CAICEDO OMAR": 0.0, "CLAUDIA LÓPEZ": 105.0, "GUSTAVO MATAMOROS CAMACHO": 1.0, "IVÁN CEPEDA CASTRO": 2313.0, "LUIS GILBERTO MURILLO URRUTIA": 1.0, "MIGUEL URIBE LONDOÑO": 1.0, "PALOMA VALENCIA LASERNA": 224.0, "RAÚL SANTIAGO BOTERO JARAMILLO": 42.0, "ROY LEONARDO BARRERAS MONTEALEGRE": 1.0, "SERGIO FAJARDO VALDERRAMA": 138.0, "SONDRA MACOLLINS GARVIN PINTO": 2.0, "ÓSCAR MAURICIO LIZCANO ARANGO": 13.0, "TOTAL_VOTOS": 3853.0, "GANADOR": "IVÁN CEPEDA CASTRO", "VOTOS_GANADOR": 2313.0, "PCT_GANADOR": 60.0 }, "geometry": { "type": "Point", "coordinates": [ -74.19774784, 4.64169996 ] } },
{ "type": "Feature", "properties": { "LOCALIDAD": "Bosa", "DIRECCION": "CLL 72 Sur # 100 A - 71", "SITIO": "Carlos Pizarro León Gómez", "NOMBRE": "Colegio Distrital Carlos Pizarro León Gómez - Sede A", "ABELARDO DE LA ESPRIELLA": 1733.0, "CARLOS EDUARDO CAICEDO OMAR": 1.0, "CLAUDIA LÓPEZ": 252.0, "GUSTAVO MATAMOROS CAMACHO": 2.0, "IVÁN CEPEDA CASTRO": 4020.0, "LUIS GILBERTO MURILLO URRUTIA": 7.0, "MIGUEL URIBE LONDOÑO": 17.0, "PALOMA VALENCIA LASERNA": 404.0, "RAÚL SANTIAGO BOTERO JARAMILLO": 36.0, "ROY LEONARDO BARRERAS MONTEALEGRE": 4.0, "SERGIO FAJARDO VALDERRAMA": 300.0, "SONDRA MACOLLINS GARVIN PINTO": 2.0, "ÓSCAR MAURICIO LIZCANO ARANGO": 5.0, "TOTAL_VOTOS": 6783.0, "GANADOR": "IVÁN CEPEDA CASTRO", "VOTOS_GANADOR": 4020.0, "PCT_GANADOR": 59.3 }, "geometry": { "type": "Point", "coordinates": [ -74.20486502, 4.63560566 ] } },
{ "type": "Feature", "properties": { "LOCALIDAD": "Kennedy", "DIRECCION": "CLL 52 A Sur # 77 W - 05", "SITIO": "Catalina", "NOMBRE": "Colegio Distrital Las Américas - Sede B (San Rafaél)", "ABELARDO DE LA ESPRIELLA": 1952.0, "CARLOS EDUARDO CAICEDO OMAR": 3.0, "CLAUDIA LÓPEZ": 156.0, "GUSTAVO MATAMOROS CAMACHO": 1.0, "IVÁN CEPEDA CASTRO": 2683.0, "LUIS GILBERTO MURILLO URRUTIA": 4.0, "MIGUEL URIBE LONDOÑO": 10.0, "PALOMA VALENCIA LASERNA": 415.0, "RAÚL SANTIAGO BOTERO JARAMILLO": 42.0, "ROY LEONARDO BARRERAS MONTEALEGRE": 3.0, "SERGIO FAJARDO VALDERRAMA": 251.0, "SONDRA MACOLLINS GARVIN PINTO": 2.0, "ÓSCAR MAURICIO LIZCANO ARANGO": 6.0, "TOTAL_VOTOS": 5528.0, "GANADOR": "IVÁN CEPEDA CASTRO", "VOTOS_GANADOR": 2683.0, "PCT_GANADOR": 48.5 }, "geometry": { "type": "Point", "coordinates": [ -74.16898938, 4.61001117 ] } },
{ "type": "Feature", "properties": { "LOCALIDAD": "Kennedy", "DIRECCION": "CRA 74 B # 38 A - 35 Sur", "SITIO": "John F. Kennedy", "NOMBRE": "Colegio Distrital Jhon F. Kennedy", "ABELARDO DE LA ESPRIELLA": 1688.0, "CARLOS EDUARDO CAICEDO OMAR": 0.0, "CLAUDIA LÓPEZ": 130.0, "GUSTAVO MATAMOROS CAMACHO": 1.0, "IVÁN CEPEDA CASTRO": 2240.0, "LUIS GILBERTO MURILLO URRUTIA": 2.0, "MIGUEL URIBE LONDOÑO": 1.0, "PALOMA VALENCIA LASERNA": 374.0, "RAÚL SANTIAGO BOTERO JARAMILLO": 27.0, "ROY LEONARDO BARRERAS MONTEALEGRE": 4.0, "SERGIO FAJARDO VALDERRAMA": 269.0, "SONDRA MACOLLINS GARVIN PINTO": 2.0, "ÓSCAR MAURICIO LIZCANO ARANGO": 9.0, "TOTAL_VOTOS": 4747.0, "GANADOR": "IVÁN CEPEDA CASTRO", "VOTOS_GANADOR": 2240.0, "PCT_GANADOR": 47.2 }, "geometry": { "type": "Point", "coordinates": [ -74.15025404, 4.61957328 ] } },
{ "type": "Feature", "properties": { "LOCALIDAD": "Kennedy", "DIRECCION": "CRA 80 # 39 A - 55 Sur", "SITIO": "Polideportivo Cayetano Cañizares", "NOMBRE": "Polideportivo Cayetano Cañizares", "ABELARDO DE LA ESPRIELLA": 1723.0, "CARLOS EDUARDO CAICEDO OMAR": 0.0, "CLAUDIA LÓPEZ": 146.0, "GUSTAVO MATAMOROS CAMACHO": 0.0, "IVÁN CEPEDA CASTRO": 2149.0, "LUIS GILBERTO MURILLO URRUTIA": 5.0, "MIGUEL URIBE LONDOÑO": 11.0, "PALOMA VALENCIA LASERNA": 405.0, "RAÚL SANTIAGO BOTERO JARAMILLO": 35.0, "ROY LEONARDO BARRERAS MONTEALEGRE": 5.0, "SERGIO FAJARDO VALDERRAMA": 161.0, "SONDRA MACOLLINS GARVIN PINTO": 1.0, "ÓSCAR MAURICIO LIZCANO ARANGO": 16.0, "TOTAL_VOTOS": 4657.0, "GANADOR": "IVÁN CEPEDA CASTRO", "VOTOS_GANADOR": 2149.0, "PCT_GANADOR": 46.1 }, "geometry": { "type": "Point", "coordinates": [ -74.16032959, 4.62562787 ] } },
{ "type": "Feature", "properties": { "LOCALIDAD": "Kennedy", "DIRECCION": "CLL 35 C Sur # 78 N - 10", "SITIO": "Francisco Jose de Caldas - INEM Sede B", "NOMBRE": "Colegio Distrital INEM Francisco de Paula Santander -Sede B", "ABELARDO DE LA ESPRIELLA": 2008.0, "CARLOS EDUARDO CAICEDO OMAR": 2.0, "CLAUDIA LÓPEZ": 113.0, "GUSTAVO MATAMOROS CAMACHO": 0.0, "IVÁN CEPEDA CASTRO": 1885.0, "LUIS GILBERTO MURILLO URRUTIA": 1.0, "MIGUEL URIBE LONDOÑO": 4.0, "PALOMA VALENCIA LASERNA": 413.0, "RAÚL SANTIAGO BOTERO JARAMILLO": 22.0, "ROY LEONARDO BARRERAS MONTEALEGRE": 3.0, "SERGIO FAJARDO VALDERRAMA": 207.0, "SONDRA MACOLLINS GARVIN PINTO": 3.0, "ÓSCAR MAURICIO LIZCANO ARANGO": 5.0, "TOTAL_VOTOS": 4666.0, "GANADOR": "ABELARDO DE LA ESPRIELLA", "VOTOS_GANADOR": 2008.0, "PCT_GANADOR": 43.0 }, "geometry": { "type": "Point", "coordinates": [ -74.15317528, 4.62654572 ] } },
{ "type": "Feature", "properties": { "LOCALIDAD": "Kennedy", "DIRECCION": "CLL 35 B Sur # 73 A - 40 Int 1", "SITIO": "Los Héroes", "NOMBRE": "Colegio Distrital Los Héroes", "ABELARDO DE LA ESPRIELLA": 1199.0, "CARLOS EDUARDO CAICEDO OMAR": 0.0, "CLAUDIA LÓPEZ": 70.0, "GUSTAVO MATAMOROS CAMACHO": 2.0, "IVÁN CEPEDA CASTRO": 996.0, "LUIS GILBERTO MURILLO URRUTIA": 2.0, "MIGUEL URIBE LONDOÑO": 3.0, "PALOMA VALENCIA LASERNA": 258.0, "RAÚL SANTIAGO BOTERO JARAMILLO": 9.0, "ROY LEONARDO BARRERAS MONTEALEGRE": 1.0, "SERGIO FAJARDO VALDERRAMA": 144.0, "SONDRA MACOLLINS GARVIN PINTO": 2.0, "ÓSCAR MAURICIO LIZCANO ARANGO": 13.0, "TOTAL_VOTOS": 2699.0, "GANADOR": "ABELARDO DE LA ESPRIELLA", "VOTOS_GANADOR": 1199.0, "PCT_GANADOR": 44.4 }, "geometry": { "type": "Point", "coordinates": [ -74.14522564, 4.62054083 ] } },
{ "type": "Feature", "properties": { "LOCALIDAD": "Kennedy", "DIRECCION": "CLL 5 Sur # 72 A - 69", "SITIO": "Mandalay - Colegio Kennedy", "NOMBRE": "Colegio Distrital Kennedy", "ABELARDO DE LA ESPRIELLA": 3192.0, "CARLOS EDUARDO CAICEDO OMAR": 1.0, "CLAUDIA LÓPEZ": 167.0, "GUSTAVO MATAMOROS CAMACHO": 0.0, "IVÁN CEPEDA CASTRO": 2356.0, "LUIS GILBERTO MURILLO URRUTIA": 3.0, "MIGUEL URIBE LONDOÑO": 3.0, "PALOMA VALENCIA LASERNA": 726.0, "RAÚL SANTIAGO BOTERO JARAMILLO": 29.0, "ROY LEONARDO BARRERAS MONTEALEGRE": 1.0, "SERGIO FAJARDO VALDERRAMA": 576.0, "SONDRA MACOLLINS GARVIN PINTO": 3.0, "ÓSCAR MAURICIO LIZCANO ARANGO": 5.0, "TOTAL_VOTOS": 7062.0, "GANADOR": "ABELARDO DE LA ESPRIELLA", "VOTOS_GANADOR": 3192.0, "PCT_GANADOR": 45.2 }, "geometry": { "type": "Point", "coordinates": [ -74.14082628, 4.62026763 ] } },
{ "type": "Feature", "properties": { "LOCALIDAD": "Kennedy", "DIRECCION": "CRA 79 F # 6 B - 30 / CRA 79 F # 6 B - 34", "SITIO": "Pio XII - Sede Colegio Isabel II", "NOMBRE": "Colegio Distrital Isabel II -  Sede B", "ABELARDO DE LA ESPRIELLA": 1483.0, "CARLOS EDUARDO CAICEDO OMAR": 0.0, "CLAUDIA LÓPEZ": 97.0, "GUSTAVO MATAMOROS CAMACHO": 0.0, "IVÁN CEPEDA CASTRO": 1439.0, "LUIS GILBERTO MURILLO URRUTIA": 0.0, "MIGUEL URIBE LONDOÑO": 5.0, "PALOMA VALENCIA LASERNA": 352.0, "RAÚL SANTIAGO BOTERO JARAMILLO": 19.0, "ROY LEONARDO BARRERAS MONTEALEGRE": 1.0, "SERGIO FAJARDO VALDERRAMA": 260.0, "SONDRA MACOLLINS GARVIN PINTO": 4.0, "ÓSCAR MAURICIO LIZCANO ARANGO": 12.0, "TOTAL_VOTOS": 3672.0, "GANADOR": "ABELARDO DE LA ESPRIELLA", "VOTOS_GANADOR": 1483.0, "PCT_GANADOR": 40.4 }, "geometry": { "type": "Point", "coordinates": [ -74.15182268, 4.63536117 ] } },
{ "type": "Feature", "properties": { "LOCALIDAD": "Kennedy", "DIRECCION": "CRA 78 C # 8 A - 43", "SITIO": "Colegio Nueva Castilla", "NOMBRE": "Colegio Distrital Nueva Castilla", "ABELARDO DE LA ESPRIELLA": 3975.0, "CARLOS EDUARDO CAICEDO OMAR": 1.0, "CLAUDIA LÓPEZ": 261.0, "GUSTAVO MATAMOROS CAMACHO": 2.0, "IVÁN CEPEDA CASTRO": 3079.0, "LUIS GILBERTO MURILLO URRUTIA": 4.0, "MIGUEL URIBE LONDOÑO": 6.0, "PALOMA VALENCIA LASERNA": 933.0, "RAÚL SANTIAGO BOTERO JARAMILLO": 22.0, "ROY LEONARDO BARRERAS MONTEALEGRE": 3.0, "SERGIO FAJARDO VALDERRAMA": 637.0, "SONDRA MACOLLINS GARVIN PINTO": 5.0, "ÓSCAR MAURICIO LIZCANO ARANGO": 11.0, "TOTAL_VOTOS": 8939.0, "GANADOR": "ABELARDO DE LA ESPRIELLA", "VOTOS_GANADOR": 3975.0, "PCT_GANADOR": 44.5 }, "geometry": { "type": "Point", "coordinates": [ -74.14191584, 4.64046558 ] } },
{ "type": "Feature", "properties": { "LOCALIDAD": "Kennedy", "DIRECCION": "CRA 79 C # 13 A - 40", "SITIO": "Visión de Colombia", "NOMBRE": "Colegio Distrital San José de Castilla - Sede C", "ABELARDO DE LA ESPRIELLA": 3075.0, "CARLOS EDUARDO CAICEDO OMAR": 2.0, "CLAUDIA LÓPEZ": 246.0, "GUSTAVO MATAMOROS CAMACHO": 0.0, "IVÁN CEPEDA CASTRO": 3118.0, "LUIS GILBERTO MURILLO URRUTIA": 3.0, "MIGUEL URIBE LONDOÑO": 12.0, "PALOMA VALENCIA LASERNA": 638.0, "RAÚL SANTIAGO BOTERO JARAMILLO": 41.0, "ROY LEONARDO BARRERAS MONTEALEGRE": 2.0, "SERGIO FAJARDO VALDERRAMA": 395.0, "SONDRA MACOLLINS GARVIN PINTO": 5.0, "ÓSCAR MAURICIO LIZCANO ARANGO": 11.0, "TOTAL_VOTOS": 7548.0, "GANADOR": "IVÁN CEPEDA CASTRO", "VOTOS_GANADOR": 3118.0, "PCT_GANADOR": 41.3 }, "geometry": { "type": "Point", "coordinates": [ -74.13528234, 4.65068339 ] } },
{ "type": "Feature", "properties": { "LOCALIDAD": "Kennedy", "DIRECCION": "CLL 11 B # 80 B - 61 / CLL 11 B # 80 C - 10", "SITIO": "Colegio Gustavo Rojas Pinilla", "NOMBRE": "Colegio Distrital Gustavo Rojas Pinilla", "ABELARDO DE LA ESPRIELLA": 3253.0, "CARLOS EDUARDO CAICEDO OMAR": 2.0, "CLAUDIA LÓPEZ": 192.0, "GUSTAVO MATAMOROS CAMACHO": 0.0, "IVÁN CEPEDA CASTRO": 3023.0, "LUIS GILBERTO MURILLO URRUTIA": 4.0, "MIGUEL URIBE LONDOÑO": 6.0, "PALOMA VALENCIA LASERNA": 678.0, "RAÚL SANTIAGO BOTERO JARAMILLO": 35.0, "ROY LEONARDO BARRERAS MONTEALEGRE": 2.0, "SERGIO FAJARDO VALDERRAMA": 614.0, "SONDRA MACOLLINS GARVIN PINTO": 3.0, "ÓSCAR MAURICIO LIZCANO ARANGO": 14.0, "TOTAL_VOTOS": 7826.0, "GANADOR": "ABELARDO DE LA ESPRIELLA", "VOTOS_GANADOR": 3253.0, "PCT_GANADOR": 41.6 }, "geometry": { "type": "Point", "coordinates": [ -74.14064983, 4.64850908 ] } },
{ "type": "Feature", "properties": { "LOCALIDAD": "Kennedy", "DIRECCION": "CLL 40 Sur # 94 C - 50", "SITIO": "Col. Dis.Cafam Bellavista", "NOMBRE": "Colegio Distrital Cafam Bellavista", "ABELARDO DE LA ESPRIELLA": 2297.0, "CARLOS EDUARDO CAICEDO OMAR": 4.0, "CLAUDIA LÓPEZ": 253.0, "GUSTAVO MATAMOROS CAMACHO": 0.0, "IVÁN CEPEDA CASTRO": 4170.0, "LUIS GILBERTO MURILLO URRUTIA": 4.0, "MIGUEL URIBE LONDOÑO": 4.0, "PALOMA VALENCIA LASERNA": 530.0, "RAÚL SANTIAGO BOTERO JARAMILLO": 70.0, "ROY LEONARDO BARRERAS MONTEALEGRE": 7.0, "SERGIO FAJARDO VALDERRAMA": 326.0, "SONDRA MACOLLINS GARVIN PINTO": 5.0, "ÓSCAR MAURICIO LIZCANO ARANGO": 19.0, "TOTAL_VOTOS": 7689.0, "GANADOR": "IVÁN CEPEDA CASTRO", "VOTOS_GANADOR": 4170.0, "PCT_GANADOR": 54.2 }, "geometry": { "type": "Point", "coordinates": [ -74.17254202, 4.64538585 ] } },
{ "type": "Feature", "properties": { "LOCALIDAD": "Kennedy", "DIRECCION": "CRA 72 # 12 B - 48", "SITIO": "Centro Comercial El Edén", "NOMBRE": "Centro Comercial El Edén", "ABELARDO DE LA ESPRIELLA": 5791.0, "CARLOS EDUARDO CAICEDO OMAR": 5.0, "CLAUDIA LÓPEZ": 328.0, "GUSTAVO MATAMOROS CAMACHO": 1.0, "IVÁN CEPEDA CASTRO": 4167.0, "LUIS GILBERTO MURILLO URRUTIA": 5.0, "MIGUEL URIBE LONDOÑO": 3.0, "PALOMA VALENCIA LASERNA": 1296.0, "RAÚL SANTIAGO BOTERO JARAMILLO": 38.0, "ROY LEONARDO BARRERAS MONTEALEGRE": 7.0, "SERGIO FAJARDO VALDERRAMA": 1188.0, "SONDRA MACOLLINS GARVIN PINTO": 5.0, "ÓSCAR MAURICIO LIZCANO ARANGO": 19.0, "TOTAL_VOTOS": 12853.0, "GANADOR": "ABELARDO DE LA ESPRIELLA", "VOTOS_GANADOR": 5791.0, "PCT_GANADOR": 45.1 }, "geometry": { "type": "Point", "coordinates": [ -74.12914781, 4.64652563 ] } },
{ "type": "Feature", "properties": { "LOCALIDAD": "Puente Aranda", "DIRECCION": "AV las Américas # 50 - 15 / AV CLL 9 # 50 - 15", "SITIO": "CRA Centro Comercial", "NOMBRE": "Centro Comercial", "ABELARDO DE LA ESPRIELLA": 895.0, "CARLOS EDUARDO CAICEDO OMAR": 1.0, "CLAUDIA LÓPEZ": 26.0, "GUSTAVO MATAMOROS CAMACHO": 0.0, "IVÁN CEPEDA CASTRO": 756.0, "LUIS GILBERTO MURILLO URRUTIA": 1.0, "MIGUEL URIBE LONDOÑO": 1.0, "PALOMA VALENCIA LASERNA": 117.0, "RAÚL SANTIAGO BOTERO JARAMILLO": 23.0, "ROY LEONARDO BARRERAS MONTEALEGRE": 0.0, "SERGIO FAJARDO VALDERRAMA": 201.0, "SONDRA MACOLLINS GARVIN PINTO": 1.0, "ÓSCAR MAURICIO LIZCANO ARANGO": 3.0, "TOTAL_VOTOS": 2025.0, "GANADOR": "ABELARDO DE LA ESPRIELLA", "VOTOS_GANADOR": 895.0, "PCT_GANADOR": 44.2 }, "geometry": { "type": "Point", "coordinates": [ -74.10792935, 4.6264742 ] } },
{ "type": "Feature", "properties": { "LOCALIDAD": "Puente Aranda", "DIRECCION": "CRA 38 # 10 - 90", "SITIO": "San Andresito", "NOMBRE": "Centro Comercial Puerto López", "ABELARDO DE LA ESPRIELLA": 1362.0, "CARLOS EDUARDO CAICEDO OMAR": 0.0, "CLAUDIA LÓPEZ": 46.0, "GUSTAVO MATAMOROS CAMACHO": 0.0, "IVÁN CEPEDA CASTRO": 780.0, "LUIS GILBERTO MURILLO URRUTIA": 1.0, "MIGUEL URIBE LONDOÑO": 2.0, "PALOMA VALENCIA LASERNA": 142.0, "RAÚL SANTIAGO BOTERO JARAMILLO": 16.0, "ROY LEONARDO BARRERAS MONTEALEGRE": 0.0, "SERGIO FAJARDO VALDERRAMA": 133.0, "SONDRA MACOLLINS GARVIN PINTO": 0.0, "ÓSCAR MAURICIO LIZCANO ARANGO": 2.0, "TOTAL_VOTOS": 2484.0, "GANADOR": "ABELARDO DE LA ESPRIELLA", "VOTOS_GANADOR": 1362.0, "PCT_GANADOR": 54.8 }, "geometry": { "type": "Point", "coordinates": [ -74.1014283, 4.61695696 ] } },
{ "type": "Feature", "properties": { "LOCALIDAD": "Candelaria", "DIRECCION": "CRA 8 # 10 - 65 Entre Calles 10, 11 y 12", "SITIO": "Alcaldía Mayor", "NOMBRE": "Parqueadero de La Alcaldía Mayor y Palacio de Justicia", "ABELARDO DE LA ESPRIELLA": 1764.0, "CARLOS EDUARDO CAICEDO OMAR": 2.0, "CLAUDIA LÓPEZ": 126.0, "GUSTAVO MATAMOROS CAMACHO": 3.0, "IVÁN CEPEDA CASTRO": 2197.0, "LUIS GILBERTO MURILLO URRUTIA": 4.0, "MIGUEL URIBE LONDOÑO": 6.0, "PALOMA VALENCIA LASERNA": 519.0, "RAÚL SANTIAGO BOTERO JARAMILLO": 24.0, "ROY LEONARDO BARRERAS MONTEALEGRE": 15.0, "SERGIO FAJARDO VALDERRAMA": 179.0, "SONDRA MACOLLINS GARVIN PINTO": 3.0, "ÓSCAR MAURICIO LIZCANO ARANGO": 17.0, "TOTAL_VOTOS": 4859.0, "GANADOR": "IVÁN CEPEDA CASTRO", "VOTOS_GANADOR": 2197.0, "PCT_GANADOR": 45.2 }, "geometry": { "type": "Point", "coordinates": [ -74.07650556, 4.5984276 ] } },
{ "type": "Feature", "properties": { "LOCALIDAD": "Usme", "DIRECCION": "CRA 6 H Este # 114 - 88 Sur /TRV 7 Este # 107 A - 50 Sur", "SITIO": "Uval - Puerta al Llano", "NOMBRE": "Colegio Distrital Ciudad de Villavicencio Sede A", "ABELARDO DE LA ESPRIELLA": 614.0, "CARLOS EDUARDO CAICEDO OMAR": 2.0, "CLAUDIA LÓPEZ": 99.0, "GUSTAVO MATAMOROS CAMACHO": 1.0, "IVÁN CEPEDA CASTRO": 1903.0, "LUIS GILBERTO MURILLO URRUTIA": 2.0, "MIGUEL URIBE LONDOÑO": 4.0, "PALOMA VALENCIA LASERNA": 112.0, "RAÚL SANTIAGO BOTERO JARAMILLO": 37.0, "ROY LEONARDO BARRERAS MONTEALEGRE": 0.0, "SERGIO FAJARDO VALDERRAMA": 75.0, "SONDRA MACOLLINS GARVIN PINTO": 2.0, "ÓSCAR MAURICIO LIZCANO ARANGO": 7.0, "TOTAL_VOTOS": 2858.0, "GANADOR": "IVÁN CEPEDA CASTRO", "VOTOS_GANADOR": 1903.0, "PCT_GANADOR": 66.6 }, "geometry": { "type": "Point", "coordinates": [ -74.102477, 4.487109 ] } },
{ "type": "Feature", "properties": { "LOCALIDAD": "Usme", "DIRECCION": "CLL 111 A Sur # 4 B - 07 Este /CLL 111 A Bis Sur # 3 A - 07 *", "SITIO": "Villa Alemania", "NOMBRE": "Colegio Distrital Eduardo Umaña Mendoza", "ABELARDO DE LA ESPRIELLA": 489.0, "CARLOS EDUARDO CAICEDO OMAR": 4.0, "CLAUDIA LÓPEZ": 61.0, "GUSTAVO MATAMOROS CAMACHO": 0.0, "IVÁN CEPEDA CASTRO": 1901.0, "LUIS GILBERTO MURILLO URRUTIA": 4.0, "MIGUEL URIBE LONDOÑO": 4.0, "PALOMA VALENCIA LASERNA": 113.0, "RAÚL SANTIAGO BOTERO JARAMILLO": 30.0, "ROY LEONARDO BARRERAS MONTEALEGRE": 0.0, "SERGIO FAJARDO VALDERRAMA": 73.0, "SONDRA MACOLLINS GARVIN PINTO": 2.0, "ÓSCAR MAURICIO LIZCANO ARANGO": 3.0, "TOTAL_VOTOS": 2684.0, "GANADOR": "IVÁN CEPEDA CASTRO", "VOTOS_GANADOR": 1901.0, "PCT_GANADOR": 70.8 }, "geometry": { "type": "Point", "coordinates": [ -74.11255111, 4.48973567 ] } },
{ "type": "Feature", "properties": { "LOCALIDAD": "Usme", "DIRECCION": "CRA 4 Este # 90 D - 24 Sur", "SITIO": "La Alborada", "NOMBRE": "Colegio Distrital Estanislao Zuleta Sede B", "ABELARDO DE LA ESPRIELLA": 472.0, "CARLOS EDUARDO CAICEDO OMAR": 0.0, "CLAUDIA LÓPEZ": 41.0, "GUSTAVO MATAMOROS CAMACHO": 0.0, "IVÁN CEPEDA CASTRO": 1243.0, "LUIS GILBERTO MURILLO URRUTIA": 0.0, "MIGUEL URIBE LONDOÑO": 2.0, "PALOMA VALENCIA LASERNA": 96.0, "RAÚL SANTIAGO BOTERO JARAMILLO": 15.0, "ROY LEONARDO BARRERAS MONTEALEGRE": 2.0, "SERGIO FAJARDO VALDERRAMA": 64.0, "SONDRA MACOLLINS GARVIN PINTO": 0.0, "ÓSCAR MAURICIO LIZCANO ARANGO": 5.0, "TOTAL_VOTOS": 1940.0, "GANADOR": "IVÁN CEPEDA CASTRO", "VOTOS_GANADOR": 1243.0, "PCT_GANADOR": 64.1 }, "geometry": { "type": "Point", "coordinates": [ -74.103957, 4.497972 ] } },
{ "type": "Feature", "properties": { "LOCALIDAD": "Usme", "DIRECCION": "CRA 7 C Este # 92 - 48 Sur/CRA 7 C Este # 90 A - 35 Sur ", "SITIO": "Alfonso López", "NOMBRE": "Colegio Distrital Estanislao Zuleta Sede A", "ABELARDO DE LA ESPRIELLA": 834.0, "CARLOS EDUARDO CAICEDO OMAR": 1.0, "CLAUDIA LÓPEZ": 78.0, "GUSTAVO MATAMOROS CAMACHO": 2.0, "IVÁN CEPEDA CASTRO": 2927.0, "LUIS GILBERTO MURILLO URRUTIA": 1.0, "MIGUEL URIBE LONDOÑO": 3.0, "PALOMA VALENCIA LASERNA": 162.0, "RAÚL SANTIAGO BOTERO JARAMILLO": 49.0, "ROY LEONARDO BARRERAS MONTEALEGRE": 1.0, "SERGIO FAJARDO VALDERRAMA": 163.0, "SONDRA MACOLLINS GARVIN PINTO": 2.0, "ÓSCAR MAURICIO LIZCANO ARANGO": 5.0, "TOTAL_VOTOS": 4228.0, "GANADOR": "IVÁN CEPEDA CASTRO", "VOTOS_GANADOR": 2927.0, "PCT_GANADOR": 69.2 }, "geometry": { "type": "Point", "coordinates": [ -74.100862, 4.497976 ] } },
{ "type": "Feature", "properties": { "LOCALIDAD": "Usme", "DIRECCION": "CRA 4 A # 89 - 43 Sur /CRA 4 # 89 - 43 Sur", "SITIO": "Colegio Fernando González Ochoa", "NOMBRE": "Colegio Distrital Fernando González Ochoa", "ABELARDO DE LA ESPRIELLA": 535.0, "CARLOS EDUARDO CAICEDO OMAR": 0.0, "CLAUDIA LÓPEZ": 61.0, "GUSTAVO MATAMOROS CAMACHO": 1.0, "IVÁN CEPEDA CASTRO": 1598.0, "LUIS GILBERTO MURILLO URRUTIA": 0.0, "MIGUEL URIBE LONDOÑO": 1.0, "PALOMA VALENCIA LASERNA": 101.0, "RAÚL SANTIAGO BOTERO JARAMILLO": 22.0, "ROY LEONARDO BARRERAS MONTEALEGRE": 0.0, "SERGIO FAJARDO VALDERRAMA": 131.0, "SONDRA MACOLLINS GARVIN PINTO": 0.0, "ÓSCAR MAURICIO LIZCANO ARANGO": 6.0, "TOTAL_VOTOS": 2456.0, "GANADOR": "IVÁN CEPEDA CASTRO", "VOTOS_GANADOR": 1598.0, "PCT_GANADOR": 65.1 }, "geometry": { "type": "Point", "coordinates": [ -74.10763077, 4.50266929 ] } },
{ "type": "Feature", "properties": { "LOCALIDAD": "Usme", "DIRECCION": "CLL 95 Sur # 14 B - 64", "SITIO": "Tenerife", "NOMBRE": "Colegio Distrital Eduardo Mora Osejo", "ABELARDO DE LA ESPRIELLA": 416.0, "CARLOS EDUARDO CAICEDO OMAR": 1.0, "CLAUDIA LÓPEZ": 57.0, "GUSTAVO MATAMOROS CAMACHO": 2.0, "IVÁN CEPEDA CASTRO": 1387.0, "LUIS GILBERTO MURILLO URRUTIA": 2.0, "MIGUEL URIBE LONDOÑO": 5.0, "PALOMA VALENCIA LASERNA": 82.0, "RAÚL SANTIAGO BOTERO JARAMILLO": 19.0, "ROY LEONARDO BARRERAS MONTEALEGRE": 0.0, "SERGIO FAJARDO VALDERRAMA": 69.0, "SONDRA MACOLLINS GARVIN PINTO": 1.0, "ÓSCAR MAURICIO LIZCANO ARANGO": 3.0, "TOTAL_VOTOS": 2044.0, "GANADOR": "IVÁN CEPEDA CASTRO", "VOTOS_GANADOR": 1387.0, "PCT_GANADOR": 67.9 }, "geometry": { "type": "Point", "coordinates": [ -74.11880591, 4.50393517 ] } },
{ "type": "Feature", "properties": { "LOCALIDAD": "Usme", "DIRECCION": "CLL 81 C Sur # 8 A - 06", "SITIO": "Gran Yomasa", "NOMBRE": "Colegio Distrital Gran Yomasa", "ABELARDO DE LA ESPRIELLA": 991.0, "CARLOS EDUARDO CAICEDO OMAR": 3.0, "CLAUDIA LÓPEZ": 123.0, "GUSTAVO MATAMOROS CAMACHO": 2.0, "IVÁN CEPEDA CASTRO": 3519.0, "LUIS GILBERTO MURILLO URRUTIA": 5.0, "MIGUEL URIBE LONDOÑO": 4.0, "PALOMA VALENCIA LASERNA": 241.0, "RAÚL SANTIAGO BOTERO JARAMILLO": 58.0, "ROY LEONARDO BARRERAS MONTEALEGRE": 5.0, "SERGIO FAJARDO VALDERRAMA": 204.0, "SONDRA MACOLLINS GARVIN PINTO": 3.0, "ÓSCAR MAURICIO LIZCANO ARANGO": 8.0, "TOTAL_VOTOS": 5166.0, "GANADOR": "IVÁN CEPEDA CASTRO", "VOTOS_GANADOR": 3519.0, "PCT_GANADOR": 68.1 }, "geometry": { "type": "Point", "coordinates": [ -74.109734, 4.508524 ] } },
{ "type": "Feature", "properties": { "LOCALIDAD": "Usme", "DIRECCION": "CLL 80 A Sur # 5 - 15", "SITIO": "Cabañas", "NOMBRE": "Colegio Distrital Federico Lorca Sede B", "ABELARDO DE LA ESPRIELLA": 316.0, "CARLOS EDUARDO CAICEDO OMAR": 2.0, "CLAUDIA LÓPEZ": 31.0, "GUSTAVO MATAMOROS CAMACHO": 0.0, "IVÁN CEPEDA CASTRO": 811.0, "LUIS GILBERTO MURILLO URRUTIA": 0.0, "MIGUEL URIBE LONDOÑO": 1.0, "PALOMA VALENCIA LASERNA": 67.0, "RAÚL SANTIAGO BOTERO JARAMILLO": 9.0, "ROY LEONARDO BARRERAS MONTEALEGRE": 2.0, "SERGIO FAJARDO VALDERRAMA": 50.0, "SONDRA MACOLLINS GARVIN PINTO": 2.0, "ÓSCAR MAURICIO LIZCANO ARANGO": 1.0, "TOTAL_VOTOS": 1292.0, "GANADOR": "IVÁN CEPEDA CASTRO", "VOTOS_GANADOR": 811.0, "PCT_GANADOR": 62.8 }, "geometry": { "type": "Point", "coordinates": [ -74.10794, 4.509259 ] } },
{ "type": "Feature", "properties": { "LOCALIDAD": "Usme", "DIRECCION": "CLL 75 C Bis Sur # 5 - 52", "SITIO": "Tejares", "NOMBRE": "Colegio Distrital Los Tejares Sede A", "ABELARDO DE LA ESPRIELLA": 310.0, "CARLOS EDUARDO CAICEDO OMAR": 1.0, "CLAUDIA LÓPEZ": 34.0, "GUSTAVO MATAMOROS CAMACHO": 1.0, "IVÁN CEPEDA CASTRO": 1176.0, "LUIS GILBERTO MURILLO URRUTIA": 2.0, "MIGUEL URIBE LONDOÑO": 1.0, "PALOMA VALENCIA LASERNA": 77.0, "RAÚL SANTIAGO BOTERO JARAMILLO": 14.0, "ROY LEONARDO BARRERAS MONTEALEGRE": 1.0, "SERGIO FAJARDO VALDERRAMA": 57.0, "SONDRA MACOLLINS GARVIN PINTO": 0.0, "ÓSCAR MAURICIO LIZCANO ARANGO": 4.0, "TOTAL_VOTOS": 1678.0, "GANADOR": "IVÁN CEPEDA CASTRO", "VOTOS_GANADOR": 1176.0, "PCT_GANADOR": 70.1 }, "geometry": { "type": "Point", "coordinates": [ -74.1083354, 4.51305906 ] } },
{ "type": "Feature", "properties": { "LOCALIDAD": "Usme", "DIRECCION": "CRA 12 B # 73 B - 97 Sur /CRA 12 B # 73 B - 31 Sur", "SITIO": "Brasilia", "NOMBRE": "Colegio Distrital Brasilia", "ABELARDO DE LA ESPRIELLA": 930.0, "CARLOS EDUARDO CAICEDO OMAR": 3.0, "CLAUDIA LÓPEZ": 90.0, "GUSTAVO MATAMOROS CAMACHO": 1.0, "IVÁN CEPEDA CASTRO": 2746.0, "LUIS GILBERTO MURILLO URRUTIA": 1.0, "MIGUEL URIBE LONDOÑO": 3.0, "PALOMA VALENCIA LASERNA": 179.0, "RAÚL SANTIAGO BOTERO JARAMILLO": 42.0, "ROY LEONARDO BARRERAS MONTEALEGRE": 0.0, "SERGIO FAJARDO VALDERRAMA": 192.0, "SONDRA MACOLLINS GARVIN PINTO": 2.0, "ÓSCAR MAURICIO LIZCANO ARANGO": 2.0, "TOTAL_VOTOS": 4191.0, "GANADOR": "IVÁN CEPEDA CASTRO", "VOTOS_GANADOR": 2746.0, "PCT_GANADOR": 65.5 }, "geometry": { "type": "Point", "coordinates": [ -74.11643953, 4.51760874 ] } },
{ "type": "Feature", "properties": { "LOCALIDAD": "Usme", "DIRECCION": "CRA 2A # 74B - 00 Sur /CLL 74B Sur # 14H - 25 ", "SITIO": "El Cortijo", "NOMBRE": "Colegio Distrital El Cortijo Vianey - Sede A", "ABELARDO DE LA ESPRIELLA": 495.0, "CARLOS EDUARDO CAICEDO OMAR": 2.0, "CLAUDIA LÓPEZ": 71.0, "GUSTAVO MATAMOROS CAMACHO": 1.0, "IVÁN CEPEDA CASTRO": 1671.0, "LUIS GILBERTO MURILLO URRUTIA": 3.0, "MIGUEL URIBE LONDOÑO": 1.0, "PALOMA VALENCIA LASERNA": 96.0, "RAÚL SANTIAGO BOTERO JARAMILLO": 21.0, "ROY LEONARDO BARRERAS MONTEALEGRE": 0.0, "SERGIO FAJARDO VALDERRAMA": 115.0, "SONDRA MACOLLINS GARVIN PINTO": 2.0, "ÓSCAR MAURICIO LIZCANO ARANGO": 4.0, "TOTAL_VOTOS": 2482.0, "GANADOR": "IVÁN CEPEDA CASTRO", "VOTOS_GANADOR": 1671.0, "PCT_GANADOR": 67.3 }, "geometry": { "type": "Point", "coordinates": [ -74.11894304, 4.51510234 ] } },
{ "type": "Feature", "properties": { "LOCALIDAD": "San Cristóbal", "DIRECCION": "CRA 15 A Este # 57 A - 16 Sur", "SITIO": "Juana Escobar Sede A", "NOMBRE": "Colegio Distrital Juana Escobar", "ABELARDO DE LA ESPRIELLA": 483.0, "CARLOS EDUARDO CAICEDO OMAR": 2.0, "CLAUDIA LÓPEZ": 71.0, "GUSTAVO MATAMOROS CAMACHO": 0.0, "IVÁN CEPEDA CASTRO": 1632.0, "LUIS GILBERTO MURILLO URRUTIA": 0.0, "MIGUEL URIBE LONDOÑO": 3.0, "PALOMA VALENCIA LASERNA": 110.0, "RAÚL SANTIAGO BOTERO JARAMILLO": 16.0, "ROY LEONARDO BARRERAS MONTEALEGRE": 2.0, "SERGIO FAJARDO VALDERRAMA": 99.0, "SONDRA MACOLLINS GARVIN PINTO": 2.0, "ÓSCAR MAURICIO LIZCANO ARANGO": 4.0, "TOTAL_VOTOS": 2424.0, "GANADOR": "IVÁN CEPEDA CASTRO", "VOTOS_GANADOR": 1632.0, "PCT_GANADOR": 67.3 }, "geometry": { "type": "Point", "coordinates": [ -74.08541719, 4.53056748 ] } },
{ "type": "Feature", "properties": { "LOCALIDAD": "Usme", "DIRECCION": "CRA 11 # 65 C - 50 Sur", "SITIO": "Portal Usme", "NOMBRE": "Colegio Distrital Paulo Freire", "ABELARDO DE LA ESPRIELLA": 1615.0, "CARLOS EDUARDO CAICEDO OMAR": 0.0, "CLAUDIA LÓPEZ": 186.0, "GUSTAVO MATAMOROS CAMACHO": 1.0, "IVÁN CEPEDA CASTRO": 3958.0, "LUIS GILBERTO MURILLO URRUTIA": 3.0, "MIGUEL URIBE LONDOÑO": 7.0, "PALOMA VALENCIA LASERNA": 349.0, "RAÚL SANTIAGO BOTERO JARAMILLO": 56.0, "ROY LEONARDO BARRERAS MONTEALEGRE": 2.0, "SERGIO FAJARDO VALDERRAMA": 337.0, "SONDRA MACOLLINS GARVIN PINTO": 3.0, "ÓSCAR MAURICIO LIZCANO ARANGO": 6.0, "TOTAL_VOTOS": 6523.0, "GANADOR": "IVÁN CEPEDA CASTRO", "VOTOS_GANADOR": 3958.0, "PCT_GANADOR": 60.7 }, "geometry": { "type": "Point", "coordinates": [ -74.11700228, 4.53263147 ] } },
{ "type": "Feature", "properties": { "LOCALIDAD": "San Cristóbal", "DIRECCION": "CLL 48 Sur # 4 - 85 Este", "SITIO": "Roma Colsubsidio", "NOMBRE": "Colegio Nueva Roma I.D.E.", "ABELARDO DE LA ESPRIELLA": 186.0, "CARLOS EDUARDO CAICEDO OMAR": 0.0, "CLAUDIA LÓPEZ": 22.0, "GUSTAVO MATAMOROS CAMACHO": 1.0, "IVÁN CEPEDA CASTRO": 585.0, "LUIS GILBERTO MURILLO URRUTIA": 0.0, "MIGUEL URIBE LONDOÑO": 0.0, "PALOMA VALENCIA LASERNA": 26.0, "RAÚL SANTIAGO BOTERO JARAMILLO": 13.0, "ROY LEONARDO BARRERAS MONTEALEGRE": 1.0, "SERGIO FAJARDO VALDERRAMA": 36.0, "SONDRA MACOLLINS GARVIN PINTO": 1.0, "ÓSCAR MAURICIO LIZCANO ARANGO": 2.0, "TOTAL_VOTOS": 873.0, "GANADOR": "IVÁN CEPEDA CASTRO", "VOTOS_GANADOR": 585.0, "PCT_GANADOR": 67.0 }, "geometry": { "type": "Point", "coordinates": [ -74.09591549, 4.54107974 ] } },
{ "type": "Feature", "properties": { "LOCALIDAD": "Rafael Uribe Uribe", "DIRECCION": "TRV 1 B Este # 49 B - 20 Sur", "SITIO": "La Marqueza", "NOMBRE": "Integración Social Mi Taller Creativo", "ABELARDO DE LA ESPRIELLA": 248.0, "CARLOS EDUARDO CAICEDO OMAR": 0.0, "CLAUDIA LÓPEZ": 38.0, "GUSTAVO MATAMOROS CAMACHO": 0.0, "IVÁN CEPEDA CASTRO": 714.0, "LUIS GILBERTO MURILLO URRUTIA": 2.0, "MIGUEL URIBE LONDOÑO": 1.0, "PALOMA VALENCIA LASERNA": 57.0, "RAÚL SANTIAGO BOTERO JARAMILLO": 14.0, "ROY LEONARDO BARRERAS MONTEALEGRE": 0.0, "SERGIO FAJARDO VALDERRAMA": 27.0, "SONDRA MACOLLINS GARVIN PINTO": 0.0, "ÓSCAR MAURICIO LIZCANO ARANGO": 3.0, "TOTAL_VOTOS": 1104.0, "GANADOR": "IVÁN CEPEDA CASTRO", "VOTOS_GANADOR": 714.0, "PCT_GANADOR": 64.7 }, "geometry": { "type": "Point", "coordinates": [ -74.106957, 4.543018 ] } },
{ "type": "Feature", "properties": { "LOCALIDAD": "Ciudad Bolívar", "DIRECCION": "DIAG 74 B Bis A Sur # 26 C - 12 /CRA 27 # 74 B - 51 Sur", "SITIO": "Bella Flor", "NOMBRE": "Colegio Distrital José María Vargas Vila (Bella Flor)", "ABELARDO DE LA ESPRIELLA": 234.0, "CARLOS EDUARDO CAICEDO OMAR": 1.0, "CLAUDIA LÓPEZ": 39.0, "GUSTAVO MATAMOROS CAMACHO": 0.0, "IVÁN CEPEDA CASTRO": 799.0, "LUIS GILBERTO MURILLO URRUTIA": 0.0, "MIGUEL URIBE LONDOÑO": 1.0, "PALOMA VALENCIA LASERNA": 60.0, "RAÚL SANTIAGO BOTERO JARAMILLO": 22.0, "ROY LEONARDO BARRERAS MONTEALEGRE": 0.0, "SERGIO FAJARDO VALDERRAMA": 30.0, "SONDRA MACOLLINS GARVIN PINTO": 0.0, "ÓSCAR MAURICIO LIZCANO ARANGO": 0.0, "TOTAL_VOTOS": 1186.0, "GANADOR": "IVÁN CEPEDA CASTRO", "VOTOS_GANADOR": 799.0, "PCT_GANADOR": 67.4 }, "geometry": { "type": "Point", "coordinates": [ -74.16173742, 4.54330343 ] } },
{ "type": "Feature", "properties": { "LOCALIDAD": "Rafael Uribe Uribe", "DIRECCION": "CRA 4 D Bis # 52 - 95 Sur", "SITIO": "Salón Comunal Cebadal", "NOMBRE": "Salón Comunal Cebadal", "ABELARDO DE LA ESPRIELLA": 53.0, "CARLOS EDUARDO CAICEDO OMAR": 0.0, "CLAUDIA LÓPEZ": 8.0, "GUSTAVO MATAMOROS CAMACHO": 0.0, "IVÁN CEPEDA CASTRO": 115.0, "LUIS GILBERTO MURILLO URRUTIA": 0.0, "MIGUEL URIBE LONDOÑO": 0.0, "PALOMA VALENCIA LASERNA": 13.0, "RAÚL SANTIAGO BOTERO JARAMILLO": 2.0, "ROY LEONARDO BARRERAS MONTEALEGRE": 0.0, "SERGIO FAJARDO VALDERRAMA": 6.0, "SONDRA MACOLLINS GARVIN PINTO": 0.0, "ÓSCAR MAURICIO LIZCANO ARANGO": 1.0, "TOTAL_VOTOS": 198.0, "GANADOR": "IVÁN CEPEDA CASTRO", "VOTOS_GANADOR": 115.0, "PCT_GANADOR": 58.1 }, "geometry": { "type": "Point", "coordinates": [ -74.115074, 4.543416 ] } },
{ "type": "Feature", "properties": { "LOCALIDAD": "Ciudad Bolívar", "DIRECCION": "CRA 27 L # 71 H - 46 Sur", "SITIO": "El Mirador", "NOMBRE": "Colegio Distrital Paraíso Mirador", "ABELARDO DE LA ESPRIELLA": 724.0, "CARLOS EDUARDO CAICEDO OMAR": 1.0, "CLAUDIA LÓPEZ": 81.0, "GUSTAVO MATAMOROS CAMACHO": 0.0, "IVÁN CEPEDA CASTRO": 2035.0, "LUIS GILBERTO MURILLO URRUTIA": 4.0, "MIGUEL URIBE LONDOÑO": 9.0, "PALOMA VALENCIA LASERNA": 148.0, "RAÚL SANTIAGO BOTERO JARAMILLO": 52.0, "ROY LEONARDO BARRERAS MONTEALEGRE": 2.0, "SERGIO FAJARDO VALDERRAMA": 85.0, "SONDRA MACOLLINS GARVIN PINTO": 2.0, "ÓSCAR MAURICIO LIZCANO ARANGO": 4.0, "TOTAL_VOTOS": 3147.0, "GANADOR": "IVÁN CEPEDA CASTRO", "VOTOS_GANADOR": 2035.0, "PCT_GANADOR": 64.7 }, "geometry": { "type": "Point", "coordinates": [ -74.16189115, 4.55155805 ] } },
{ "type": "Feature", "properties": { "LOCALIDAD": "Ciudad Bolívar", "DIRECCION": "CRA 17 B # 64 B - 45 Sur", "SITIO": "Montreal", "NOMBRE": "Colegio Rómulo Gallego Sede B (Villas del Diamante)", "ABELARDO DE LA ESPRIELLA": 292.0, "CARLOS EDUARDO CAICEDO OMAR": 0.0, "CLAUDIA LÓPEZ": 34.0, "GUSTAVO MATAMOROS CAMACHO": 0.0, "IVÁN CEPEDA CASTRO": 637.0, "LUIS GILBERTO MURILLO URRUTIA": 0.0, "MIGUEL URIBE LONDOÑO": 1.0, "PALOMA VALENCIA LASERNA": 82.0, "RAÚL SANTIAGO BOTERO JARAMILLO": 12.0, "ROY LEONARDO BARRERAS MONTEALEGRE": 0.0, "SERGIO FAJARDO VALDERRAMA": 38.0, "SONDRA MACOLLINS GARVIN PINTO": 1.0, "ÓSCAR MAURICIO LIZCANO ARANGO": 5.0, "TOTAL_VOTOS": 1102.0, "GANADOR": "IVÁN CEPEDA CASTRO", "VOTOS_GANADOR": 637.0, "PCT_GANADOR": 57.8 }, "geometry": { "type": "Point", "coordinates": [ -74.138289, 4.553398 ] } },
{ "type": "Feature", "properties": { "LOCALIDAD": "San Cristóbal", "DIRECCION": "CRA 3 A Este # 35 - 37 Sur /CRA 3 A Este # 37 A - 59 Sur", "SITIO": "Escuela La Victoria B", "NOMBRE": "Colegio Distrital La Victoria Sede B", "ABELARDO DE LA ESPRIELLA": 648.0, "CARLOS EDUARDO CAICEDO OMAR": 1.0, "CLAUDIA LÓPEZ": 86.0, "GUSTAVO MATAMOROS CAMACHO": 2.0, "IVÁN CEPEDA CASTRO": 1923.0, "LUIS GILBERTO MURILLO URRUTIA": 4.0, "MIGUEL URIBE LONDOÑO": 3.0, "PALOMA VALENCIA LASERNA": 180.0, "RAÚL SANTIAGO BOTERO JARAMILLO": 32.0, "ROY LEONARDO BARRERAS MONTEALEGRE": 2.0, "SERGIO FAJARDO VALDERRAMA": 130.0, "SONDRA MACOLLINS GARVIN PINTO": 1.0, "ÓSCAR MAURICIO LIZCANO ARANGO": 5.0, "TOTAL_VOTOS": 3017.0, "GANADOR": "IVÁN CEPEDA CASTRO", "VOTOS_GANADOR": 1923.0, "PCT_GANADOR": 63.7 }, "geometry": { "type": "Point", "coordinates": [ -74.09391079, 4.55434881 ] } },
{ "type": "Feature", "properties": { "LOCALIDAD": "Rafael Uribe Uribe", "DIRECCION": "TRV 5 G # 48 P - 03 /CLL 48 P Sur # 5 G - 07", "SITIO": "Liceo San Pablo", "NOMBRE": "Liceo Psicopedagógico San Pablo", "ABELARDO DE LA ESPRIELLA": 202.0, "CARLOS EDUARDO CAICEDO OMAR": 0.0, "CLAUDIA LÓPEZ": 19.0, "GUSTAVO MATAMOROS CAMACHO": 0.0, "IVÁN CEPEDA CASTRO": 310.0, "LUIS GILBERTO MURILLO URRUTIA": 2.0, "MIGUEL URIBE LONDOÑO": 0.0, "PALOMA VALENCIA LASERNA": 40.0, "RAÚL SANTIAGO BOTERO JARAMILLO": 4.0, "ROY LEONARDO BARRERAS MONTEALEGRE": 0.0, "SERGIO FAJARDO VALDERRAMA": 34.0, "SONDRA MACOLLINS GARVIN PINTO": 0.0, "ÓSCAR MAURICIO LIZCANO ARANGO": 1.0, "TOTAL_VOTOS": 612.0, "GANADOR": "IVÁN CEPEDA CASTRO", "VOTOS_GANADOR": 310.0, "PCT_GANADOR": 50.7 }, "geometry": { "type": "Point", "coordinates": [ -74.11162579, 4.55445588 ] } },
{ "type": "Feature", "properties": { "LOCALIDAD": "San Cristóbal", "DIRECCION": "TRV 6 C Este # 33 - 70 Sur", "SITIO": "San Vicente Colsubsidio", "NOMBRE": "Colegio San Vicente I.D.E.", "ABELARDO DE LA ESPRIELLA": 564.0, "CARLOS EDUARDO CAICEDO OMAR": 0.0, "CLAUDIA LÓPEZ": 65.0, "GUSTAVO MATAMOROS CAMACHO": 3.0, "IVÁN CEPEDA CASTRO": 1658.0, "LUIS GILBERTO MURILLO URRUTIA": 3.0, "MIGUEL URIBE LONDOÑO": 3.0, "PALOMA VALENCIA LASERNA": 143.0, "RAÚL SANTIAGO BOTERO JARAMILLO": 21.0, "ROY LEONARDO BARRERAS MONTEALEGRE": 2.0, "SERGIO FAJARDO VALDERRAMA": 138.0, "SONDRA MACOLLINS GARVIN PINTO": 2.0, "ÓSCAR MAURICIO LIZCANO ARANGO": 5.0, "TOTAL_VOTOS": 2607.0, "GANADOR": "IVÁN CEPEDA CASTRO", "VOTOS_GANADOR": 1658.0, "PCT_GANADOR": 63.6 }, "geometry": { "type": "Point", "coordinates": [ -74.087694, 4.555281 ] } },
{ "type": "Feature", "properties": { "LOCALIDAD": "San Cristóbal", "DIRECCION": "CLL 37 A Bis Sur # 2 A - 04", "SITIO": "Guacamayas II", "NOMBRE": "Colegio Distrital Alemania Unificada Sede A", "ABELARDO DE LA ESPRIELLA": 662.0, "CARLOS EDUARDO CAICEDO OMAR": 4.0, "CLAUDIA LÓPEZ": 73.0, "GUSTAVO MATAMOROS CAMACHO": 0.0, "IVÁN CEPEDA CASTRO": 2424.0, "LUIS GILBERTO MURILLO URRUTIA": 3.0, "MIGUEL URIBE LONDOÑO": 3.0, "PALOMA VALENCIA LASERNA": 135.0, "RAÚL SANTIAGO BOTERO JARAMILLO": 24.0, "ROY LEONARDO BARRERAS MONTEALEGRE": 3.0, "SERGIO FAJARDO VALDERRAMA": 140.0, "SONDRA MACOLLINS GARVIN PINTO": 3.0, "ÓSCAR MAURICIO LIZCANO ARANGO": 3.0, "TOTAL_VOTOS": 3477.0, "GANADOR": "IVÁN CEPEDA CASTRO", "VOTOS_GANADOR": 2424.0, "PCT_GANADOR": 69.7 }, "geometry": { "type": "Point", "coordinates": [ -74.09673593, 4.55573948 ] } },
{ "type": "Feature", "properties": { "LOCALIDAD": "Ciudad Bolívar", "DIRECCION": "CRA 18 M # 63 D - 09 Sur / CRA 18 M # 63 D -15 Sur", "SITIO": "Unión Europea", "NOMBRE": "Colegio Distrital Unión Europea Sede A", "ABELARDO DE LA ESPRIELLA": 357.0, "CARLOS EDUARDO CAICEDO OMAR": 0.0, "CLAUDIA LÓPEZ": 37.0, "GUSTAVO MATAMOROS CAMACHO": 0.0, "IVÁN CEPEDA CASTRO": 1004.0, "LUIS GILBERTO MURILLO URRUTIA": 1.0, "MIGUEL URIBE LONDOÑO": 5.0, "PALOMA VALENCIA LASERNA": 65.0, "RAÚL SANTIAGO BOTERO JARAMILLO": 19.0, "ROY LEONARDO BARRERAS MONTEALEGRE": 0.0, "SERGIO FAJARDO VALDERRAMA": 67.0, "SONDRA MACOLLINS GARVIN PINTO": 1.0, "ÓSCAR MAURICIO LIZCANO ARANGO": 1.0, "TOTAL_VOTOS": 1557.0, "GANADOR": "IVÁN CEPEDA CASTRO", "VOTOS_GANADOR": 1004.0, "PCT_GANADOR": 64.5 }, "geometry": { "type": "Point", "coordinates": [ -74.14190998, 4.55591685 ] } },
{ "type": "Feature", "properties": { "LOCALIDAD": "Tunjuelito", "DIRECCION": "CLL 58 Sur # 12A - 45 / CLL 58A Sur # 12 A - 25", "SITIO": "Tunjuelito B", "NOMBRE": "Centro Educativo Distrital Nuevo Tunjuelito (Rufi# José de Cuervo Sede C)", "ABELARDO DE LA ESPRIELLA": 314.0, "CARLOS EDUARDO CAICEDO OMAR": 0.0, "CLAUDIA LÓPEZ": 29.0, "GUSTAVO MATAMOROS CAMACHO": 0.0, "IVÁN CEPEDA CASTRO": 643.0, "LUIS GILBERTO MURILLO URRUTIA": 0.0, "MIGUEL URIBE LONDOÑO": 2.0, "PALOMA VALENCIA LASERNA": 58.0, "RAÚL SANTIAGO BOTERO JARAMILLO": 10.0, "ROY LEONARDO BARRERAS MONTEALEGRE": 1.0, "SERGIO FAJARDO VALDERRAMA": 45.0, "SONDRA MACOLLINS GARVIN PINTO": 0.0, "ÓSCAR MAURICIO LIZCANO ARANGO": 1.0, "TOTAL_VOTOS": 1103.0, "GANADOR": "IVÁN CEPEDA CASTRO", "VOTOS_GANADOR": 643.0, "PCT_GANADOR": 58.3 }, "geometry": { "type": "Point", "coordinates": [ -74.12936562, 4.55908065 ] } },
{ "type": "Feature", "properties": { "LOCALIDAD": "Ciudad Bolívar", "DIRECCION": "CRA 20 C # 67 - 00 Sur / CLL 67 Sur # 20 A - 51 ", "SITIO": "San Francisco Sede B", "NOMBRE": "Colegio Distrital San Francisco Sede B", "ABELARDO DE LA ESPRIELLA": 640.0, "CARLOS EDUARDO CAICEDO OMAR": 1.0, "CLAUDIA LÓPEZ": 61.0, "GUSTAVO MATAMOROS CAMACHO": 0.0, "IVÁN CEPEDA CASTRO": 1711.0, "LUIS GILBERTO MURILLO URRUTIA": 5.0, "MIGUEL URIBE LONDOÑO": 6.0, "PALOMA VALENCIA LASERNA": 137.0, "RAÚL SANTIAGO BOTERO JARAMILLO": 40.0, "ROY LEONARDO BARRERAS MONTEALEGRE": 2.0, "SERGIO FAJARDO VALDERRAMA": 105.0, "SONDRA MACOLLINS GARVIN PINTO": 1.0, "ÓSCAR MAURICIO LIZCANO ARANGO": 5.0, "TOTAL_VOTOS": 2714.0, "GANADOR": "IVÁN CEPEDA CASTRO", "VOTOS_GANADOR": 1711.0, "PCT_GANADOR": 63.0 }, "geometry": { "type": "Point", "coordinates": [ -74.14975263, 4.56251426 ] } },
{ "type": "Feature", "properties": { "LOCALIDAD": "San Cristóbal", "DIRECCION": "CRA 2 A # 29 A - 29 Sur", "SITIO": "Suramérica", "NOMBRE": "Colegio Distrital Francisco Javier Matiz", "ABELARDO DE LA ESPRIELLA": 283.0, "CARLOS EDUARDO CAICEDO OMAR": 1.0, "CLAUDIA LÓPEZ": 31.0, "GUSTAVO MATAMOROS CAMACHO": 0.0, "IVÁN CEPEDA CASTRO": 614.0, "LUIS GILBERTO MURILLO URRUTIA": 1.0, "MIGUEL URIBE LONDOÑO": 0.0, "PALOMA VALENCIA LASERNA": 67.0, "RAÚL SANTIAGO BOTERO JARAMILLO": 6.0, "ROY LEONARDO BARRERAS MONTEALEGRE": 1.0, "SERGIO FAJARDO VALDERRAMA": 60.0, "SONDRA MACOLLINS GARVIN PINTO": 1.0, "ÓSCAR MAURICIO LIZCANO ARANGO": 3.0, "TOTAL_VOTOS": 1068.0, "GANADOR": "IVÁN CEPEDA CASTRO", "VOTOS_GANADOR": 614.0, "PCT_GANADOR": 57.5 }, "geometry": { "type": "Point", "coordinates": [ -74.09360624, 4.56528638 ] } },
{ "type": "Feature", "properties": { "LOCALIDAD": "Ciudad Bolívar", "DIRECCION": "CRA 22 # 64 - 29 Sur", "SITIO": "San Francisco Sede A", "NOMBRE": "Colegio Distrital San Francisco Sede A", "ABELARDO DE LA ESPRIELLA": 2214.0, "CARLOS EDUARDO CAICEDO OMAR": 3.0, "CLAUDIA LÓPEZ": 166.0, "GUSTAVO MATAMOROS CAMACHO": 1.0, "IVÁN CEPEDA CASTRO": 5499.0, "LUIS GILBERTO MURILLO URRUTIA": 2.0, "MIGUEL URIBE LONDOÑO": 7.0, "PALOMA VALENCIA LASERNA": 400.0, "RAÚL SANTIAGO BOTERO JARAMILLO": 97.0, "ROY LEONARDO BARRERAS MONTEALEGRE": 3.0, "SERGIO FAJARDO VALDERRAMA": 400.0, "SONDRA MACOLLINS GARVIN PINTO": 6.0, "ÓSCAR MAURICIO LIZCANO ARANGO": 10.0, "TOTAL_VOTOS": 8808.0, "GANADOR": "IVÁN CEPEDA CASTRO", "VOTOS_GANADOR": 5499.0, "PCT_GANADOR": 62.4 }, "geometry": { "type": "Point", "coordinates": [ -74.147127, 4.566305 ] } },
{ "type": "Feature", "properties": { "LOCALIDAD": "Ciudad Bolívar", "DIRECCION": "CRA 29 entre Calles 64 y 64 C Sur", "SITIO": "José Celestino Mutis", "NOMBRE": "Vía pública al costado del Colegio Distrital Rodrigo Lara Bonilla Sede B (José Celesti# Mutis)", "ABELARDO DE LA ESPRIELLA": 1055.0, "CARLOS EDUARDO CAICEDO OMAR": 1.0, "CLAUDIA LÓPEZ": 112.0, "GUSTAVO MATAMOROS CAMACHO": 2.0, "IVÁN CEPEDA CASTRO": 2728.0, "LUIS GILBERTO MURILLO URRUTIA": 3.0, "MIGUEL URIBE LONDOÑO": 2.0, "PALOMA VALENCIA LASERNA": 204.0, "RAÚL SANTIAGO BOTERO JARAMILLO": 35.0, "ROY LEONARDO BARRERAS MONTEALEGRE": 0.0, "SERGIO FAJARDO VALDERRAMA": 236.0, "SONDRA MACOLLINS GARVIN PINTO": 4.0, "ÓSCAR MAURICIO LIZCANO ARANGO": 7.0, "TOTAL_VOTOS": 4389.0, "GANADOR": "IVÁN CEPEDA CASTRO", "VOTOS_GANADOR": 2728.0, "PCT_GANADOR": 62.2 }, "geometry": { "type": "Point", "coordinates": [ -74.14997741, 4.56874508 ] } },
{ "type": "Feature", "properties": { "LOCALIDAD": "San Cristóbal", "DIRECCION": "CRA 18 Este # 13 - 42 Sur", "SITIO": "San Gerónimo", "NOMBRE": "Cancha Maracaná", "ABELARDO DE LA ESPRIELLA": 199.0, "CARLOS EDUARDO CAICEDO OMAR": 1.0, "CLAUDIA LÓPEZ": 22.0, "GUSTAVO MATAMOROS CAMACHO": 0.0, "IVÁN CEPEDA CASTRO": 459.0, "LUIS GILBERTO MURILLO URRUTIA": 0.0, "MIGUEL URIBE LONDOÑO": 0.0, "PALOMA VALENCIA LASERNA": 48.0, "RAÚL SANTIAGO BOTERO JARAMILLO": 1.0, "ROY LEONARDO BARRERAS MONTEALEGRE": 0.0, "SERGIO FAJARDO VALDERRAMA": 32.0, "SONDRA MACOLLINS GARVIN PINTO": 0.0, "ÓSCAR MAURICIO LIZCANO ARANGO": 0.0, "TOTAL_VOTOS": 762.0, "GANADOR": "IVÁN CEPEDA CASTRO", "VOTOS_GANADOR": 459.0, "PCT_GANADOR": 60.2 }, "geometry": { "type": "Point", "coordinates": [ -74.07476983, 4.56905108 ] } },
{ "type": "Feature", "properties": { "LOCALIDAD": "San Cristóbal", "DIRECCION": "CRA 7 A # 24 - 01 Sur /CLL 25 Sur # 7 - 76", "SITIO": "20 de Julio Sede B", "NOMBRE": "Colegio Distrital 20 de Julio Sede A", "ABELARDO DE LA ESPRIELLA": 1491.0, "CARLOS EDUARDO CAICEDO OMAR": 0.0, "CLAUDIA LÓPEZ": 104.0, "GUSTAVO MATAMOROS CAMACHO": 0.0, "IVÁN CEPEDA CASTRO": 3170.0, "LUIS GILBERTO MURILLO URRUTIA": 2.0, "MIGUEL URIBE LONDOÑO": 3.0, "PALOMA VALENCIA LASERNA": 312.0, "RAÚL SANTIAGO BOTERO JARAMILLO": 28.0, "ROY LEONARDO BARRERAS MONTEALEGRE": 1.0, "SERGIO FAJARDO VALDERRAMA": 353.0, "SONDRA MACOLLINS GARVIN PINTO": 1.0, "ÓSCAR MAURICIO LIZCANO ARANGO": 4.0, "TOTAL_VOTOS": 5469.0, "GANADOR": "IVÁN CEPEDA CASTRO", "VOTOS_GANADOR": 3170.0, "PCT_GANADOR": 58.0 }, "geometry": { "type": "Point", "coordinates": [ -74.09452945, 4.57146427 ] } },
{ "type": "Feature", "properties": { "LOCALIDAD": "Rafael Uribe Uribe", "DIRECCION": "CLL 45 A Sur # 14 A - 19 / DIAG 45 Bis B Sur # 13F - 36", "SITIO": "San Jorge", "NOMBRE": "Colegio Distrital  Alexander Fleming - sede A", "ABELARDO DE LA ESPRIELLA": 340.0, "CARLOS EDUARDO CAICEDO OMAR": 0.0, "CLAUDIA LÓPEZ": 29.0, "GUSTAVO MATAMOROS CAMACHO": 0.0, "IVÁN CEPEDA CASTRO": 889.0, "LUIS GILBERTO MURILLO URRUTIA": 2.0, "MIGUEL URIBE LONDOÑO": 0.0, "PALOMA VALENCIA LASERNA": 68.0, "RAÚL SANTIAGO BOTERO JARAMILLO": 15.0, "ROY LEONARDO BARRERAS MONTEALEGRE": 0.0, "SERGIO FAJARDO VALDERRAMA": 52.0, "SONDRA MACOLLINS GARVIN PINTO": 1.0, "ÓSCAR MAURICIO LIZCANO ARANGO": 3.0, "TOTAL_VOTOS": 1399.0, "GANADOR": "IVÁN CEPEDA CASTRO", "VOTOS_GANADOR": 889.0, "PCT_GANADOR": 63.5 }, "geometry": { "type": "Point", "coordinates": [ -74.11984848, 4.57167503 ] } },
{ "type": "Feature", "properties": { "LOCALIDAD": "Rafael Uribe Uribe", "DIRECCION": "CRA 12 H Bis B # 28 C - 24 Sur", "SITIO": "Gustavo Restrepo", "NOMBRE": "Colegio Distrital Gustavo Restrepo - Sede A", "ABELARDO DE LA ESPRIELLA": 1694.0, "CARLOS EDUARDO CAICEDO OMAR": 1.0, "CLAUDIA LÓPEZ": 119.0, "GUSTAVO MATAMOROS CAMACHO": 2.0, "IVÁN CEPEDA CASTRO": 2580.0, "LUIS GILBERTO MURILLO URRUTIA": 3.0, "MIGUEL URIBE LONDOÑO": 3.0, "PALOMA VALENCIA LASERNA": 346.0, "RAÚL SANTIAGO BOTERO JARAMILLO": 36.0, "ROY LEONARDO BARRERAS MONTEALEGRE": 1.0, "SERGIO FAJARDO VALDERRAMA": 448.0, "SONDRA MACOLLINS GARVIN PINTO": 2.0, "ÓSCAR MAURICIO LIZCANO ARANGO": 7.0, "TOTAL_VOTOS": 5242.0, "GANADOR": "IVÁN CEPEDA CASTRO", "VOTOS_GANADOR": 2580.0, "PCT_GANADOR": 49.2 }, "geometry": { "type": "Point", "coordinates": [ -74.10616394, 4.5757555 ] } },
{ "type": "Feature", "properties": { "LOCALIDAD": "San Cristóbal", "DIRECCION": "CRA 5 Bis # 18 A - 14 Sur / CL 19 S # 5 - 40", "SITIO": "Coliseo Deportivo Primera de Mayo", "NOMBRE": "Coliseo Deportivo Primera de Mayo", "ABELARDO DE LA ESPRIELLA": 918.0, "CARLOS EDUARDO CAICEDO OMAR": 1.0, "CLAUDIA LÓPEZ": 63.0, "GUSTAVO MATAMOROS CAMACHO": 1.0, "IVÁN CEPEDA CASTRO": 1595.0, "LUIS GILBERTO MURILLO URRUTIA": 3.0, "MIGUEL URIBE LONDOÑO": 1.0, "PALOMA VALENCIA LASERNA": 269.0, "RAÚL SANTIAGO BOTERO JARAMILLO": 14.0, "ROY LEONARDO BARRERAS MONTEALEGRE": 0.0, "SERGIO FAJARDO VALDERRAMA": 219.0, "SONDRA MACOLLINS GARVIN PINTO": 0.0, "ÓSCAR MAURICIO LIZCANO ARANGO": 9.0, "TOTAL_VOTOS": 3093.0, "GANADOR": "IVÁN CEPEDA CASTRO", "VOTOS_GANADOR": 1595.0, "PCT_GANADOR": 51.6 }, "geometry": { "type": "Point", "coordinates": [ -74.08919655, 4.5737321 ] } },
{ "type": "Feature", "properties": { "LOCALIDAD": "Tunjuelito", "DIRECCION": "CLL 48 C Sur # 24 - 14 / CLL 48 C Sur # 24 - 41 ", "SITIO": "El Tunal \\\"B\\\"", "NOMBRE": "Colegio Distrital José María Córdoba", "ABELARDO DE LA ESPRIELLA": 1838.0, "CARLOS EDUARDO CAICEDO OMAR": 1.0, "CLAUDIA LÓPEZ": 141.0, "GUSTAVO MATAMOROS CAMACHO": 1.0, "IVÁN CEPEDA CASTRO": 2996.0, "LUIS GILBERTO MURILLO URRUTIA": 9.0, "MIGUEL URIBE LONDOÑO": 3.0, "PALOMA VALENCIA LASERNA": 404.0, "RAÚL SANTIAGO BOTERO JARAMILLO": 30.0, "ROY LEONARDO BARRERAS MONTEALEGRE": 4.0, "SERGIO FAJARDO VALDERRAMA": 481.0, "SONDRA MACOLLINS GARVIN PINTO": 7.0, "ÓSCAR MAURICIO LIZCANO ARANGO": 11.0, "TOTAL_VOTOS": 5926.0, "GANADOR": "IVÁN CEPEDA CASTRO", "VOTOS_GANADOR": 2996.0, "PCT_GANADOR": 50.6 }, "geometry": { "type": "Point", "coordinates": [ -74.13189651, 4.57767466 ] } },
{ "type": "Feature", "properties": { "LOCALIDAD": "Tunjuelito", "DIRECCION": "CLL 48 B Sur # 28 - 56", "SITIO": "El Carmen Sur \\\"B\\\"", "NOMBRE": "Colegio Distrital Santiago Pérez Sede B", "ABELARDO DE LA ESPRIELLA": 550.0, "CARLOS EDUARDO CAICEDO OMAR": 3.0, "CLAUDIA LÓPEZ": 49.0, "GUSTAVO MATAMOROS CAMACHO": 0.0, "IVÁN CEPEDA CASTRO": 1073.0, "LUIS GILBERTO MURILLO URRUTIA": 1.0, "MIGUEL URIBE LONDOÑO": 0.0, "PALOMA VALENCIA LASERNA": 115.0, "RAÚL SANTIAGO BOTERO JARAMILLO": 23.0, "ROY LEONARDO BARRERAS MONTEALEGRE": 0.0, "SERGIO FAJARDO VALDERRAMA": 75.0, "SONDRA MACOLLINS GARVIN PINTO": 0.0, "ÓSCAR MAURICIO LIZCANO ARANGO": 4.0, "TOTAL_VOTOS": 1893.0, "GANADOR": "IVÁN CEPEDA CASTRO", "VOTOS_GANADOR": 1073.0, "PCT_GANADOR": 56.7 }, "geometry": { "type": "Point", "coordinates": [ -74.131871, 4.583144 ] } },
{ "type": "Feature", "properties": { "LOCALIDAD": "Rafael Uribe Uribe", "DIRECCION": "CLL 41 Sur # 27 - 87 / CRA 26 A # 41 - 10 Sur", "SITIO": "Salón Comunal Ingles", "NOMBRE": "Salón Comunal Ingles", "ABELARDO DE LA ESPRIELLA": 310.0, "CARLOS EDUARDO CAICEDO OMAR": 1.0, "CLAUDIA LÓPEZ": 18.0, "GUSTAVO MATAMOROS CAMACHO": 0.0, "IVÁN CEPEDA CASTRO": 501.0, "LUIS GILBERTO MURILLO URRUTIA": 0.0, "MIGUEL URIBE LONDOÑO": 3.0, "PALOMA VALENCIA LASERNA": 66.0, "RAÚL SANTIAGO BOTERO JARAMILLO": 9.0, "ROY LEONARDO BARRERAS MONTEALEGRE": 0.0, "SERGIO FAJARDO VALDERRAMA": 59.0, "SONDRA MACOLLINS GARVIN PINTO": 0.0, "ÓSCAR MAURICIO LIZCANO ARANGO": 1.0, "TOTAL_VOTOS": 968.0, "GANADOR": "IVÁN CEPEDA CASTRO", "VOTOS_GANADOR": 501.0, "PCT_GANADOR": 51.8 }, "geometry": { "type": "Point", "coordinates": [ -74.12364275, 4.58336395 ] } },
{ "type": "Feature", "properties": { "LOCALIDAD": "Rafael Uribe Uribe", "DIRECCION": "CLL 46 Sur # 27 - 30", "SITIO": "Salón Comunal Claret", "NOMBRE": "Salón Comunal Claret", "ABELARDO DE LA ESPRIELLA": 736.0, "CARLOS EDUARDO CAICEDO OMAR": 0.0, "CLAUDIA LÓPEZ": 52.0, "GUSTAVO MATAMOROS CAMACHO": 0.0, "IVÁN CEPEDA CASTRO": 1126.0, "LUIS GILBERTO MURILLO URRUTIA": 2.0, "MIGUEL URIBE LONDOÑO": 0.0, "PALOMA VALENCIA LASERNA": 140.0, "RAÚL SANTIAGO BOTERO JARAMILLO": 14.0, "ROY LEONARDO BARRERAS MONTEALEGRE": 1.0, "SERGIO FAJARDO VALDERRAMA": 151.0, "SONDRA MACOLLINS GARVIN PINTO": 4.0, "ÓSCAR MAURICIO LIZCANO ARANGO": 2.0, "TOTAL_VOTOS": 2228.0, "GANADOR": "IVÁN CEPEDA CASTRO", "VOTOS_GANADOR": 1126.0, "PCT_GANADOR": 50.5 }, "geometry": { "type": "Point", "coordinates": [ -74.12849367, 4.5834128 ] } },
{ "type": "Feature", "properties": { "LOCALIDAD": "Tunjuelito", "DIRECCION": "DIAG 50 # 34 A - 00 Sur /DIAG 52 A Sur # 33 - 81 ", "SITIO": "Fátima \\\"B\\\"", "NOMBRE": "Colegio Instituto Técnico Industrial Piloto Sede B", "ABELARDO DE LA ESPRIELLA": 796.0, "CARLOS EDUARDO CAICEDO OMAR": 1.0, "CLAUDIA LÓPEZ": 60.0, "GUSTAVO MATAMOROS CAMACHO": 1.0, "IVÁN CEPEDA CASTRO": 1232.0, "LUIS GILBERTO MURILLO URRUTIA": 1.0, "MIGUEL URIBE LONDOÑO": 2.0, "PALOMA VALENCIA LASERNA": 151.0, "RAÚL SANTIAGO BOTERO JARAMILLO": 17.0, "ROY LEONARDO BARRERAS MONTEALEGRE": 2.0, "SERGIO FAJARDO VALDERRAMA": 146.0, "SONDRA MACOLLINS GARVIN PINTO": 3.0, "ÓSCAR MAURICIO LIZCANO ARANGO": 3.0, "TOTAL_VOTOS": 2415.0, "GANADOR": "IVÁN CEPEDA CASTRO", "VOTOS_GANADOR": 1232.0, "PCT_GANADOR": 51.0 }, "geometry": { "type": "Point", "coordinates": [ -74.13874222, 4.58468218 ] } },
{ "type": "Feature", "properties": { "LOCALIDAD": "Tunjuelito", "DIRECCION": "CRA 59 # 52 A - 50 Sur / CRA 61 B # 52 A 20 Sur ", "SITIO": "Nuevo Muzu \\\"B\\\"", "NOMBRE": "Polideportivo Nuevo Muzu", "ABELARDO DE LA ESPRIELLA": 516.0, "CARLOS EDUARDO CAICEDO OMAR": 0.0, "CLAUDIA LÓPEZ": 28.0, "GUSTAVO MATAMOROS CAMACHO": 0.0, "IVÁN CEPEDA CASTRO": 744.0, "LUIS GILBERTO MURILLO URRUTIA": 1.0, "MIGUEL URIBE LONDOÑO": 0.0, "PALOMA VALENCIA LASERNA": 110.0, "RAÚL SANTIAGO BOTERO JARAMILLO": 4.0, "ROY LEONARDO BARRERAS MONTEALEGRE": 1.0, "SERGIO FAJARDO VALDERRAMA": 76.0, "SONDRA MACOLLINS GARVIN PINTO": 0.0, "ÓSCAR MAURICIO LIZCANO ARANGO": 2.0, "TOTAL_VOTOS": 1482.0, "GANADOR": "IVÁN CEPEDA CASTRO", "VOTOS_GANADOR": 744.0, "PCT_GANADOR": 50.2 }, "geometry": { "type": "Point", "coordinates": [ -74.14743701, 4.58584028 ] } },
{ "type": "Feature", "properties": { "LOCALIDAD": "Ciudad Bolívar", "DIRECCION": "TRV 70 G # 65 - 02 Sur", "SITIO": "Bonavista", "NOMBRE": "Colegio Distrital María Mercedes Carranza", "ABELARDO DE LA ESPRIELLA": 2247.0, "CARLOS EDUARDO CAICEDO OMAR": 1.0, "CLAUDIA LÓPEZ": 175.0, "GUSTAVO MATAMOROS CAMACHO": 3.0, "IVÁN CEPEDA CASTRO": 4523.0, "LUIS GILBERTO MURILLO URRUTIA": 5.0, "MIGUEL URIBE LONDOÑO": 7.0, "PALOMA VALENCIA LASERNA": 483.0, "RAÚL SANTIAGO BOTERO JARAMILLO": 46.0, "ROY LEONARDO BARRERAS MONTEALEGRE": 4.0, "SERGIO FAJARDO VALDERRAMA": 470.0, "SONDRA MACOLLINS GARVIN PINTO": 7.0, "ÓSCAR MAURICIO LIZCANO ARANGO": 8.0, "TOTAL_VOTOS": 7979.0, "GANADOR": "IVÁN CEPEDA CASTRO", "VOTOS_GANADOR": 4523.0, "PCT_GANADOR": 56.7 }, "geometry": { "type": "Point", "coordinates": [ -74.163333, 4.586891 ] } },
{ "type": "Feature", "properties": { "LOCALIDAD": "Antonio Nariño", "DIRECCION": "CLL 13 Sur # 24 B - 04", "SITIO": "La Valvanera", "NOMBRE": "Colegio Parroquial La Valvanera", "ABELARDO DE LA ESPRIELLA": 1713.0, "CARLOS EDUARDO CAICEDO OMAR": 0.0, "CLAUDIA LÓPEZ": 85.0, "GUSTAVO MATAMOROS CAMACHO": 0.0, "IVÁN CEPEDA CASTRO": 1490.0, "LUIS GILBERTO MURILLO URRUTIA": 2.0, "MIGUEL URIBE LONDOÑO": 1.0, "PALOMA VALENCIA LASERNA": 310.0, "RAÚL SANTIAGO BOTERO JARAMILLO": 26.0, "ROY LEONARDO BARRERAS MONTEALEGRE": 3.0, "SERGIO FAJARDO VALDERRAMA": 240.0, "SONDRA MACOLLINS GARVIN PINTO": 1.0, "ÓSCAR MAURICIO LIZCANO ARANGO": 9.0, "TOTAL_VOTOS": 3880.0, "GANADOR": "ABELARDO DE LA ESPRIELLA", "VOTOS_GANADOR": 1713.0, "PCT_GANADOR": 44.1 }, "geometry": { "type": "Point", "coordinates": [ -74.100284, 4.589989 ] } },
{ "type": "Feature", "properties": { "LOCALIDAD": "Mártires", "DIRECCION": "CRA 24 # 1 H - 19", "SITIO": "La Rebeca", "NOMBRE": "Colegio Distrital Eduardo Santos - Sede B - Primera Infancia", "ABELARDO DE LA ESPRIELLA": 395.0, "CARLOS EDUARDO CAICEDO OMAR": 1.0, "CLAUDIA LÓPEZ": 13.0, "GUSTAVO MATAMOROS CAMACHO": 1.0, "IVÁN CEPEDA CASTRO": 299.0, "LUIS GILBERTO MURILLO URRUTIA": 0.0, "MIGUEL URIBE LONDOÑO": 0.0, "PALOMA VALENCIA LASERNA": 70.0, "RAÚL SANTIAGO BOTERO JARAMILLO": 4.0, "ROY LEONARDO BARRERAS MONTEALEGRE": 0.0, "SERGIO FAJARDO VALDERRAMA": 43.0, "SONDRA MACOLLINS GARVIN PINTO": 1.0, "ÓSCAR MAURICIO LIZCANO ARANGO": 1.0, "TOTAL_VOTOS": 828.0, "GANADOR": "ABELARDO DE LA ESPRIELLA", "VOTOS_GANADOR": 395.0, "PCT_GANADOR": 47.7 }, "geometry": { "type": "Point", "coordinates": [ -74.09586258, 4.59690498 ] } },
{ "type": "Feature", "properties": { "LOCALIDAD": "Puente Aranda", "DIRECCION": "CLL 38 Sur # 50 A - 70 / CRA 51 # 37 A - 52 Sur", "SITIO": "Autopista Sur", "NOMBRE": "Salón Comunal Barrio Autopista Sur", "ABELARDO DE LA ESPRIELLA": 939.0, "CARLOS EDUARDO CAICEDO OMAR": 0.0, "CLAUDIA LÓPEZ": 37.0, "GUSTAVO MATAMOROS CAMACHO": 0.0, "IVÁN CEPEDA CASTRO": 621.0, "LUIS GILBERTO MURILLO URRUTIA": 2.0, "MIGUEL URIBE LONDOÑO": 3.0, "PALOMA VALENCIA LASERNA": 175.0, "RAÚL SANTIAGO BOTERO JARAMILLO": 6.0, "ROY LEONARDO BARRERAS MONTEALEGRE": 1.0, "SERGIO FAJARDO VALDERRAMA": 88.0, "SONDRA MACOLLINS GARVIN PINTO": 1.0, "ÓSCAR MAURICIO LIZCANO ARANGO": 3.0, "TOTAL_VOTOS": 1876.0, "GANADOR": "ABELARDO DE LA ESPRIELLA", "VOTOS_GANADOR": 939.0, "PCT_GANADOR": 50.1 }, "geometry": { "type": "Point", "coordinates": [ -74.12678913, 4.59853367 ] } },
{ "type": "Feature", "properties": { "LOCALIDAD": "Bosa", "DIRECCION": "DIAG 71 C Bis A Sur # 77 G - 15", "SITIO": "Carbonell", "NOMBRE": "Colegio Distrital Carlos Albán Holguín Sede B", "ABELARDO DE LA ESPRIELLA": 375.0, "CARLOS EDUARDO CAICEDO OMAR": 0.0, "CLAUDIA LÓPEZ": 28.0, "GUSTAVO MATAMOROS CAMACHO": 0.0, "IVÁN CEPEDA CASTRO": 954.0, "LUIS GILBERTO MURILLO URRUTIA": 1.0, "MIGUEL URIBE LONDOÑO": 1.0, "PALOMA VALENCIA LASERNA": 63.0, "RAÚL SANTIAGO BOTERO JARAMILLO": 9.0, "ROY LEONARDO BARRERAS MONTEALEGRE": 0.0, "SERGIO FAJARDO VALDERRAMA": 74.0, "SONDRA MACOLLINS GARVIN PINTO": 1.0, "ÓSCAR MAURICIO LIZCANO ARANGO": 4.0, "TOTAL_VOTOS": 1510.0, "GANADOR": "IVÁN CEPEDA CASTRO", "VOTOS_GANADOR": 954.0, "PCT_GANADOR": 63.2 }, "geometry": { "type": "Point", "coordinates": [ -74.197716, 4.599669 ] } },
{ "type": "Feature", "properties": { "LOCALIDAD": "Bosa", "DIRECCION": "CLL 70 Bis Sur # 77 L - 05 /CLL 70 A Sur # 77 L - 06", "SITIO": "Nueva Granada", "NOMBRE": "Colegio Distrital CEDID San Pablo Sede C", "ABELARDO DE LA ESPRIELLA": 295.0, "CARLOS EDUARDO CAICEDO OMAR": 0.0, "CLAUDIA LÓPEZ": 26.0, "GUSTAVO MATAMOROS CAMACHO": 0.0, "IVÁN CEPEDA CASTRO": 592.0, "LUIS GILBERTO MURILLO URRUTIA": 0.0, "MIGUEL URIBE LONDOÑO": 2.0, "PALOMA VALENCIA LASERNA": 58.0, "RAÚL SANTIAGO BOTERO JARAMILLO": 9.0, "ROY LEONARDO BARRERAS MONTEALEGRE": 2.0, "SERGIO FAJARDO VALDERRAMA": 34.0, "SONDRA MACOLLINS GARVIN PINTO": 0.0, "ÓSCAR MAURICIO LIZCANO ARANGO": 2.0, "TOTAL_VOTOS": 1020.0, "GANADOR": "IVÁN CEPEDA CASTRO", "VOTOS_GANADOR": 592.0, "PCT_GANADOR": 58.0 }, "geometry": { "type": "Point", "coordinates": [ -74.192261, 4.600995 ] } },
{ "type": "Feature", "properties": { "LOCALIDAD": "Bosa", "DIRECCION": "CLL 73 B Sur # 78 A Bis - 15 / CLL 73 B Sur # 78 A - 15", "SITIO": "Llano Oriental", "NOMBRE": "Colegio Distrital Llano Oriental", "ABELARDO DE LA ESPRIELLA": 834.0, "CARLOS EDUARDO CAICEDO OMAR": 1.0, "CLAUDIA LÓPEZ": 82.0, "GUSTAVO MATAMOROS CAMACHO": 1.0, "IVÁN CEPEDA CASTRO": 1826.0, "LUIS GILBERTO MURILLO URRUTIA": 0.0, "MIGUEL URIBE LONDOÑO": 2.0, "PALOMA VALENCIA LASERNA": 153.0, "RAÚL SANTIAGO BOTERO JARAMILLO": 38.0, "ROY LEONARDO BARRERAS MONTEALEGRE": 0.0, "SERGIO FAJARDO VALDERRAMA": 114.0, "SONDRA MACOLLINS GARVIN PINTO": 5.0, "ÓSCAR MAURICIO LIZCANO ARANGO": 3.0, "TOTAL_VOTOS": 3059.0, "GANADOR": "IVÁN CEPEDA CASTRO", "VOTOS_GANADOR": 1826.0, "PCT_GANADOR": 59.7 }, "geometry": { "type": "Point", "coordinates": [ -74.19999756, 4.60336507 ] } },
{ "type": "Feature", "properties": { "LOCALIDAD": "Bosa", "DIRECCION": "CLL 63 Sur # 78J - 10", "SITIO": "Nueva Estación", "NOMBRE": "Nueva Estación", "ABELARDO DE LA ESPRIELLA": 921.0, "CARLOS EDUARDO CAICEDO OMAR": 2.0, "CLAUDIA LÓPEZ": 69.0, "GUSTAVO MATAMOROS CAMACHO": 1.0, "IVÁN CEPEDA CASTRO": 1602.0, "LUIS GILBERTO MURILLO URRUTIA": 1.0, "MIGUEL URIBE LONDOÑO": 1.0, "PALOMA VALENCIA LASERNA": 206.0, "RAÚL SANTIAGO BOTERO JARAMILLO": 35.0, "ROY LEONARDO BARRERAS MONTEALEGRE": 1.0, "SERGIO FAJARDO VALDERRAMA": 147.0, "SONDRA MACOLLINS GARVIN PINTO": 2.0, "ÓSCAR MAURICIO LIZCANO ARANGO": 6.0, "TOTAL_VOTOS": 2994.0, "GANADOR": "IVÁN CEPEDA CASTRO", "VOTOS_GANADOR": 1602.0, "PCT_GANADOR": 53.5 }, "geometry": { "type": "Point", "coordinates": [ -74.18230046, 4.60517869 ] } },
{ "type": "Feature", "properties": { "LOCALIDAD": "Bosa", "DIRECCION": "CLL 72 A Sur # 80 J - 20 / CRA 80 J # 72 - 19 Sur", "SITIO": "Nuevo Carlos Albán", "NOMBRE": "Colegio Distrital Gran Colombiano Sede D", "ABELARDO DE LA ESPRIELLA": 998.0, "CARLOS EDUARDO CAICEDO OMAR": 4.0, "CLAUDIA LÓPEZ": 94.0, "GUSTAVO MATAMOROS CAMACHO": 0.0, "IVÁN CEPEDA CASTRO": 2522.0, "LUIS GILBERTO MURILLO URRUTIA": 3.0, "MIGUEL URIBE LONDOÑO": 4.0, "PALOMA VALENCIA LASERNA": 203.0, "RAÚL SANTIAGO BOTERO JARAMILLO": 39.0, "ROY LEONARDO BARRERAS MONTEALEGRE": 0.0, "SERGIO FAJARDO VALDERRAMA": 170.0, "SONDRA MACOLLINS GARVIN PINTO": 4.0, "ÓSCAR MAURICIO LIZCANO ARANGO": 7.0, "TOTAL_VOTOS": 4048.0, "GANADOR": "IVÁN CEPEDA CASTRO", "VOTOS_GANADOR": 2522.0, "PCT_GANADOR": 62.3 }, "geometry": { "type": "Point", "coordinates": [ -74.19669726, 4.60814774 ] } },
{ "type": "Feature", "properties": { "LOCALIDAD": "Bosa", "DIRECCION": "CRA 80 M # 71 C - 31 Sur", "SITIO": "Naranjos", "NOMBRE": "Colegio Distrital Los Naranjos", "ABELARDO DE LA ESPRIELLA": 975.0, "CARLOS EDUARDO CAICEDO OMAR": 1.0, "CLAUDIA LÓPEZ": 101.0, "GUSTAVO MATAMOROS CAMACHO": 1.0, "IVÁN CEPEDA CASTRO": 2394.0, "LUIS GILBERTO MURILLO URRUTIA": 1.0, "MIGUEL URIBE LONDOÑO": 3.0, "PALOMA VALENCIA LASERNA": 200.0, "RAÚL SANTIAGO BOTERO JARAMILLO": 37.0, "ROY LEONARDO BARRERAS MONTEALEGRE": 1.0, "SERGIO FAJARDO VALDERRAMA": 182.0, "SONDRA MACOLLINS GARVIN PINTO": 2.0, "ÓSCAR MAURICIO LIZCANO ARANGO": 2.0, "TOTAL_VOTOS": 3900.0, "GANADOR": "IVÁN CEPEDA CASTRO", "VOTOS_GANADOR": 2394.0, "PCT_GANADOR": 61.4 }, "geometry": { "type": "Point", "coordinates": [ -74.194879, 4.609038 ] } },
{ "type": "Feature", "properties": { "LOCALIDAD": "Bosa", "DIRECCION": "CLL 73 F Sur # 80 N Bis - 49 / CLL 73 F Sur # 80 N - 41", "SITIO": "Laureles II", "NOMBRE": "Colegio Distrital Gran Colombiano Sede A", "ABELARDO DE LA ESPRIELLA": 1178.0, "CARLOS EDUARDO CAICEDO OMAR": 2.0, "CLAUDIA LÓPEZ": 115.0, "GUSTAVO MATAMOROS CAMACHO": 1.0, "IVÁN CEPEDA CASTRO": 3282.0, "LUIS GILBERTO MURILLO URRUTIA": 2.0, "MIGUEL URIBE LONDOÑO": 6.0, "PALOMA VALENCIA LASERNA": 253.0, "RAÚL SANTIAGO BOTERO JARAMILLO": 47.0, "ROY LEONARDO BARRERAS MONTEALEGRE": 1.0, "SERGIO FAJARDO VALDERRAMA": 236.0, "SONDRA MACOLLINS GARVIN PINTO": 2.0, "ÓSCAR MAURICIO LIZCANO ARANGO": 5.0, "TOTAL_VOTOS": 5130.0, "GANADOR": "IVÁN CEPEDA CASTRO", "VOTOS_GANADOR": 3282.0, "PCT_GANADOR": 64.0 }, "geometry": { "type": "Point", "coordinates": [ -74.19991419, 4.61022667 ] } },
{ "type": "Feature", "properties": { "LOCALIDAD": "Bosa", "DIRECCION": "CLL 60 Sur # 80 K - 02 / CLL 60 Sur # 80 H - 58", "SITIO": "Claretiano", "NOMBRE": "Colegio Claretiano de Bosa", "ABELARDO DE LA ESPRIELLA": 1994.0, "CARLOS EDUARDO CAICEDO OMAR": 3.0, "CLAUDIA LÓPEZ": 201.0, "GUSTAVO MATAMOROS CAMACHO": 1.0, "IVÁN CEPEDA CASTRO": 5269.0, "LUIS GILBERTO MURILLO URRUTIA": 3.0, "MIGUEL URIBE LONDOÑO": 7.0, "PALOMA VALENCIA LASERNA": 382.0, "RAÚL SANTIAGO BOTERO JARAMILLO": 69.0, "ROY LEONARDO BARRERAS MONTEALEGRE": 4.0, "SERGIO FAJARDO VALDERRAMA": 528.0, "SONDRA MACOLLINS GARVIN PINTO": 3.0, "ÓSCAR MAURICIO LIZCANO ARANGO": 4.0, "TOTAL_VOTOS": 8468.0, "GANADOR": "IVÁN CEPEDA CASTRO", "VOTOS_GANADOR": 5269.0, "PCT_GANADOR": 62.2 }, "geometry": { "type": "Point", "coordinates": [ -74.18399516, 4.61186041 ] } },
{ "type": "Feature", "properties": { "LOCALIDAD": "Kennedy", "DIRECCION": "CRA 78 N # 41 - 17/ 21 Sur / CRA 78 P # 41 - 20 Sur", "SITIO": "Colegio Paulo VI Sede A", "NOMBRE": "Colegio Distrital Paulo VI Sede A", "ABELARDO DE LA ESPRIELLA": 601.0, "CARLOS EDUARDO CAICEDO OMAR": 1.0, "CLAUDIA LÓPEZ": 37.0, "GUSTAVO MATAMOROS CAMACHO": 0.0, "IVÁN CEPEDA CASTRO": 907.0, "LUIS GILBERTO MURILLO URRUTIA": 1.0, "MIGUEL URIBE LONDOÑO": 0.0, "PALOMA VALENCIA LASERNA": 156.0, "RAÚL SANTIAGO BOTERO JARAMILLO": 13.0, "ROY LEONARDO BARRERAS MONTEALEGRE": 1.0, "SERGIO FAJARDO VALDERRAMA": 65.0, "SONDRA MACOLLINS GARVIN PINTO": 2.0, "ÓSCAR MAURICIO LIZCANO ARANGO": 2.0, "TOTAL_VOTOS": 1786.0, "GANADOR": "IVÁN CEPEDA CASTRO", "VOTOS_GANADOR": 907.0, "PCT_GANADOR": 50.8 }, "geometry": { "type": "Point", "coordinates": [ -74.15802883, 4.62088803 ] } },
{ "type": "Feature", "properties": { "LOCALIDAD": "Puente Aranda", "DIRECCION": "CRA 53F # 4G - 04", "SITIO": "Salón Comunal Colón", "NOMBRE": "Salón Comunal Barrio Colón", "ABELARDO DE LA ESPRIELLA": 830.0, "CARLOS EDUARDO CAICEDO OMAR": 2.0, "CLAUDIA LÓPEZ": 46.0, "GUSTAVO MATAMOROS CAMACHO": 1.0, "IVÁN CEPEDA CASTRO": 662.0, "LUIS GILBERTO MURILLO URRUTIA": 3.0, "MIGUEL URIBE LONDOÑO": 1.0, "PALOMA VALENCIA LASERNA": 176.0, "RAÚL SANTIAGO BOTERO JARAMILLO": 5.0, "ROY LEONARDO BARRERAS MONTEALEGRE": 2.0, "SERGIO FAJARDO VALDERRAMA": 116.0, "SONDRA MACOLLINS GARVIN PINTO": 2.0, "ÓSCAR MAURICIO LIZCANO ARANGO": 2.0, "TOTAL_VOTOS": 1848.0, "GANADOR": "ABELARDO DE LA ESPRIELLA", "VOTOS_GANADOR": 830.0, "PCT_GANADOR": 44.9 }, "geometry": { "type": "Point", "coordinates": [ -74.11500638, 4.62225696 ] } },
{ "type": "Feature", "properties": { "LOCALIDAD": "Bosa", "DIRECCION": "CRA 87 C # 69 A - 80 Sur / CLL 69 B Sur # 87 B - 32", "SITIO": "La Independencia", "NOMBRE": "Colegio Mixto Villa Carolina", "ABELARDO DE LA ESPRIELLA": 615.0, "CARLOS EDUARDO CAICEDO OMAR": 1.0, "CLAUDIA LÓPEZ": 61.0, "GUSTAVO MATAMOROS CAMACHO": 0.0, "IVÁN CEPEDA CASTRO": 1301.0, "LUIS GILBERTO MURILLO URRUTIA": 2.0, "MIGUEL URIBE LONDOÑO": 1.0, "PALOMA VALENCIA LASERNA": 115.0, "RAÚL SANTIAGO BOTERO JARAMILLO": 20.0, "ROY LEONARDO BARRERAS MONTEALEGRE": 1.0, "SERGIO FAJARDO VALDERRAMA": 75.0, "SONDRA MACOLLINS GARVIN PINTO": 4.0, "ÓSCAR MAURICIO LIZCANO ARANGO": 4.0, "TOTAL_VOTOS": 2200.0, "GANADOR": "IVÁN CEPEDA CASTRO", "VOTOS_GANADOR": 1301.0, "PCT_GANADOR": 59.1 }, "geometry": { "type": "Point", "coordinates": [ -74.194785, 4.620748 ] } },
{ "type": "Feature", "properties": { "LOCALIDAD": "Kennedy", "DIRECCION": "CRA 80 # 43 - 43 Sur /AV CRA 80 # 43 - 43 Sur", "SITIO": "Centro Desarrollo Comunitario Kennedy", "NOMBRE": "Centro de Desarrollo Comunitario Kennedy", "ABELARDO DE LA ESPRIELLA": 1419.0, "CARLOS EDUARDO CAICEDO OMAR": 1.0, "CLAUDIA LÓPEZ": 101.0, "GUSTAVO MATAMOROS CAMACHO": 0.0, "IVÁN CEPEDA CASTRO": 2055.0, "LUIS GILBERTO MURILLO URRUTIA": 2.0, "MIGUEL URIBE LONDOÑO": 2.0, "PALOMA VALENCIA LASERNA": 356.0, "RAÚL SANTIAGO BOTERO JARAMILLO": 30.0, "ROY LEONARDO BARRERAS MONTEALEGRE": 1.0, "SERGIO FAJARDO VALDERRAMA": 213.0, "SONDRA MACOLLINS GARVIN PINTO": 0.0, "ÓSCAR MAURICIO LIZCANO ARANGO": 6.0, "TOTAL_VOTOS": 4186.0, "GANADOR": "IVÁN CEPEDA CASTRO", "VOTOS_GANADOR": 2055.0, "PCT_GANADOR": 49.1 }, "geometry": { "type": "Point", "coordinates": [ -74.16661075, 4.62090271 ] } },
{ "type": "Feature", "properties": { "LOCALIDAD": "Bosa", "DIRECCION": "CLL 82 Sur # 89 - 21", "SITIO": "Campo Verde - Potreritos", "NOMBRE": "Colegio Distrital Kimy Pernia", "ABELARDO DE LA ESPRIELLA": 1500.0, "CARLOS EDUARDO CAICEDO OMAR": 6.0, "CLAUDIA LÓPEZ": 220.0, "GUSTAVO MATAMOROS CAMACHO": 0.0, "IVÁN CEPEDA CASTRO": 3421.0, "LUIS GILBERTO MURILLO URRUTIA": 5.0, "MIGUEL URIBE LONDOÑO": 11.0, "PALOMA VALENCIA LASERNA": 347.0, "RAÚL SANTIAGO BOTERO JARAMILLO": 51.0, "ROY LEONARDO BARRERAS MONTEALEGRE": 1.0, "SERGIO FAJARDO VALDERRAMA": 236.0, "SONDRA MACOLLINS GARVIN PINTO": 6.0, "ÓSCAR MAURICIO LIZCANO ARANGO": 12.0, "TOTAL_VOTOS": 5816.0, "GANADOR": "IVÁN CEPEDA CASTRO", "VOTOS_GANADOR": 3421.0, "PCT_GANADOR": 58.8 }, "geometry": { "type": "Point", "coordinates": [ -74.207959, 4.622137 ] } },
{ "type": "Feature", "properties": { "LOCALIDAD": "Bosa", "DIRECCION": "CLL 59 B Sur # 87 B - 02", "SITIO": "Bosanova", "NOMBRE": "Colegio Distrital Bosa Nova", "ABELARDO DE LA ESPRIELLA": 455.0, "CARLOS EDUARDO CAICEDO OMAR": 2.0, "CLAUDIA LÓPEZ": 35.0, "GUSTAVO MATAMOROS CAMACHO": 1.0, "IVÁN CEPEDA CASTRO": 803.0, "LUIS GILBERTO MURILLO URRUTIA": 3.0, "MIGUEL URIBE LONDOÑO": 1.0, "PALOMA VALENCIA LASERNA": 72.0, "RAÚL SANTIAGO BOTERO JARAMILLO": 19.0, "ROY LEONARDO BARRERAS MONTEALEGRE": 1.0, "SERGIO FAJARDO VALDERRAMA": 63.0, "SONDRA MACOLLINS GARVIN PINTO": 1.0, "ÓSCAR MAURICIO LIZCANO ARANGO": 1.0, "TOTAL_VOTOS": 1457.0, "GANADOR": "IVÁN CEPEDA CASTRO", "VOTOS_GANADOR": 803.0, "PCT_GANADOR": 55.1 }, "geometry": { "type": "Point", "coordinates": [ -74.188373, 4.622721 ] } },
{ "type": "Feature", "properties": { "LOCALIDAD": "Chapinero", "DIRECCION": "TRV 1 Este # 40 B - 90", "SITIO": "Salón Comunal Paraíso el Tropihueco", "NOMBRE": "Vía Pública Salón Comunal Paraíso El Tropihueco", "ABELARDO DE LA ESPRIELLA": 150.0, "CARLOS EDUARDO CAICEDO OMAR": 0.0, "CLAUDIA LÓPEZ": 15.0, "GUSTAVO MATAMOROS CAMACHO": 0.0, "IVÁN CEPEDA CASTRO": 355.0, "LUIS GILBERTO MURILLO URRUTIA": 0.0, "MIGUEL URIBE LONDOÑO": 1.0, "PALOMA VALENCIA LASERNA": 38.0, "RAÚL SANTIAGO BOTERO JARAMILLO": 1.0, "ROY LEONARDO BARRERAS MONTEALEGRE": 0.0, "SERGIO FAJARDO VALDERRAMA": 30.0, "SONDRA MACOLLINS GARVIN PINTO": 1.0, "ÓSCAR MAURICIO LIZCANO ARANGO": 3.0, "TOTAL_VOTOS": 594.0, "GANADOR": "IVÁN CEPEDA CASTRO", "VOTOS_GANADOR": 355.0, "PCT_GANADOR": 59.8 }, "geometry": { "type": "Point", "coordinates": [ -74.06058272, 4.62699392 ] } },
{ "type": "Feature", "properties": { "LOCALIDAD": "Teusaquillo", "DIRECCION": "CRA 32 A # 27 A - 16/CRA 32 A # 27 A -20", "SITIO": "Acevedo Tejada", "NOMBRE": "Salón Comunal Acevedo Tejada", "ABELARDO DE LA ESPRIELLA": 429.0, "CARLOS EDUARDO CAICEDO OMAR": 0.0, "CLAUDIA LÓPEZ": 30.0, "GUSTAVO MATAMOROS CAMACHO": 0.0, "IVÁN CEPEDA CASTRO": 844.0, "LUIS GILBERTO MURILLO URRUTIA": 0.0, "MIGUEL URIBE LONDOÑO": 0.0, "PALOMA VALENCIA LASERNA": 170.0, "RAÚL SANTIAGO BOTERO JARAMILLO": 1.0, "ROY LEONARDO BARRERAS MONTEALEGRE": 0.0, "SERGIO FAJARDO VALDERRAMA": 132.0, "SONDRA MACOLLINS GARVIN PINTO": 0.0, "ÓSCAR MAURICIO LIZCANO ARANGO": 1.0, "TOTAL_VOTOS": 1607.0, "GANADOR": "IVÁN CEPEDA CASTRO", "VOTOS_GANADOR": 844.0, "PCT_GANADOR": 52.5 }, "geometry": { "type": "Point", "coordinates": [ -74.081239, 4.629909 ] } },
{ "type": "Feature", "properties": { "LOCALIDAD": "Chapinero", "DIRECCION": "CRA 2 # 44 A - 20 / CRA 2 # 44 - 36", "SITIO": "Colegio  San Martín de Porres Sede B", "NOMBRE": "Colegio Distrital San Martín de Porres Sede B", "ABELARDO DE LA ESPRIELLA": 87.0, "CARLOS EDUARDO CAICEDO OMAR": 0.0, "CLAUDIA LÓPEZ": 7.0, "GUSTAVO MATAMOROS CAMACHO": 0.0, "IVÁN CEPEDA CASTRO": 229.0, "LUIS GILBERTO MURILLO URRUTIA": 0.0, "MIGUEL URIBE LONDOÑO": 0.0, "PALOMA VALENCIA LASERNA": 18.0, "RAÚL SANTIAGO BOTERO JARAMILLO": 3.0, "ROY LEONARDO BARRERAS MONTEALEGRE": 0.0, "SERGIO FAJARDO VALDERRAMA": 27.0, "SONDRA MACOLLINS GARVIN PINTO": 0.0, "ÓSCAR MAURICIO LIZCANO ARANGO": 1.0, "TOTAL_VOTOS": 372.0, "GANADOR": "IVÁN CEPEDA CASTRO", "VOTOS_GANADOR": 229.0, "PCT_GANADOR": 61.6 }, "geometry": { "type": "Point", "coordinates": [ -74.06121181, 4.63071314 ] } },
{ "type": "Feature", "properties": { "LOCALIDAD": "Kennedy", "DIRECCION": "TRV 78 C # 6 D - 49", "SITIO": "Colegio Fe y Alegría", "NOMBRE": "Colegio Fe y Alegría", "ABELARDO DE LA ESPRIELLA": 2476.0, "CARLOS EDUARDO CAICEDO OMAR": 0.0, "CLAUDIA LÓPEZ": 122.0, "GUSTAVO MATAMOROS CAMACHO": 0.0, "IVÁN CEPEDA CASTRO": 2256.0, "LUIS GILBERTO MURILLO URRUTIA": 2.0, "MIGUEL URIBE LONDOÑO": 2.0, "PALOMA VALENCIA LASERNA": 531.0, "RAÚL SANTIAGO BOTERO JARAMILLO": 19.0, "ROY LEONARDO BARRERAS MONTEALEGRE": 3.0, "SERGIO FAJARDO VALDERRAMA": 568.0, "SONDRA MACOLLINS GARVIN PINTO": 3.0, "ÓSCAR MAURICIO LIZCANO ARANGO": 6.0, "TOTAL_VOTOS": 5988.0, "GANADOR": "ABELARDO DE LA ESPRIELLA", "VOTOS_GANADOR": 2476.0, "PCT_GANADOR": 41.3 }, "geometry": { "type": "Point", "coordinates": [ -74.146056, 4.635106 ] } },
{ "type": "Feature", "properties": { "LOCALIDAD": "Kennedy", "DIRECCION": "CLL 7 C # 78 F - 20 /CRA 78 F # 7 D - 03", "SITIO": "San Jose de Castilla Sede A", "NOMBRE": "Colegio Distrital San José de Castilla - Sede A", "ABELARDO DE LA ESPRIELLA": 2490.0, "CARLOS EDUARDO CAICEDO OMAR": 0.0, "CLAUDIA LÓPEZ": 148.0, "GUSTAVO MATAMOROS CAMACHO": 0.0, "IVÁN CEPEDA CASTRO": 1934.0, "LUIS GILBERTO MURILLO URRUTIA": 6.0, "MIGUEL URIBE LONDOÑO": 2.0, "PALOMA VALENCIA LASERNA": 552.0, "RAÚL SANTIAGO BOTERO JARAMILLO": 16.0, "ROY LEONARDO BARRERAS MONTEALEGRE": 3.0, "SERGIO FAJARDO VALDERRAMA": 477.0, "SONDRA MACOLLINS GARVIN PINTO": 1.0, "ÓSCAR MAURICIO LIZCANO ARANGO": 9.0, "TOTAL_VOTOS": 5638.0, "GANADOR": "ABELARDO DE LA ESPRIELLA", "VOTOS_GANADOR": 2490.0, "PCT_GANADOR": 44.2 }, "geometry": { "type": "Point", "coordinates": [ -74.14384, 4.638309 ] } },
{ "type": "Feature", "properties": { "LOCALIDAD": "Teusaquillo", "DIRECCION": "CRA 22 # 51 - 68", "SITIO": "Liceo Parroquial Sara Zapata", "NOMBRE": "Liceo Parroquial Sara Zapata", "ABELARDO DE LA ESPRIELLA": 664.0, "CARLOS EDUARDO CAICEDO OMAR": 0.0, "CLAUDIA LÓPEZ": 37.0, "GUSTAVO MATAMOROS CAMACHO": 1.0, "IVÁN CEPEDA CASTRO": 798.0, "LUIS GILBERTO MURILLO URRUTIA": 0.0, "MIGUEL URIBE LONDOÑO": 2.0, "PALOMA VALENCIA LASERNA": 185.0, "RAÚL SANTIAGO BOTERO JARAMILLO": 4.0, "ROY LEONARDO BARRERAS MONTEALEGRE": 0.0, "SERGIO FAJARDO VALDERRAMA": 143.0, "SONDRA MACOLLINS GARVIN PINTO": 0.0, "ÓSCAR MAURICIO LIZCANO ARANGO": 3.0, "TOTAL_VOTOS": 1837.0, "GANADOR": "IVÁN CEPEDA CASTRO", "VOTOS_GANADOR": 798.0, "PCT_GANADOR": 43.4 }, "geometry": { "type": "Point", "coordinates": [ -74.07275263, 4.64012933 ] } },
{ "type": "Feature", "properties": { "LOCALIDAD": "Kennedy", "DIRECCION": "CLL 38 B Sur # 89 - 81 /CLL 38 Sur # 89 - 81", "SITIO": "Colegio Rodrigo Triana", "NOMBRE": "Colegio Distrital Rodrigo Triana Sede A (Paraiso)", "ABELARDO DE LA ESPRIELLA": 3054.0, "CARLOS EDUARDO CAICEDO OMAR": 6.0, "CLAUDIA LÓPEZ": 216.0, "GUSTAVO MATAMOROS CAMACHO": 0.0, "IVÁN CEPEDA CASTRO": 5478.0, "LUIS GILBERTO MURILLO URRUTIA": 1.0, "MIGUEL URIBE LONDOÑO": 9.0, "PALOMA VALENCIA LASERNA": 474.0, "RAÚL SANTIAGO BOTERO JARAMILLO": 100.0, "ROY LEONARDO BARRERAS MONTEALEGRE": 3.0, "SERGIO FAJARDO VALDERRAMA": 447.0, "SONDRA MACOLLINS GARVIN PINTO": 5.0, "ÓSCAR MAURICIO LIZCANO ARANGO": 11.0, "TOTAL_VOTOS": 9804.0, "GANADOR": "IVÁN CEPEDA CASTRO", "VOTOS_GANADOR": 5478.0, "PCT_GANADOR": 55.9 }, "geometry": { "type": "Point", "coordinates": [ -74.16738579, 4.64001021 ] } },
{ "type": "Feature", "properties": { "LOCALIDAD": "Kennedy", "DIRECCION": "CLL 5 A Sur # 88 B - 08", "SITIO": "Colegio Darío Echandía", "NOMBRE": "Colegio Distrital Darío Echandía", "ABELARDO DE LA ESPRIELLA": 2028.0, "CARLOS EDUARDO CAICEDO OMAR": 1.0, "CLAUDIA LÓPEZ": 193.0, "GUSTAVO MATAMOROS CAMACHO": 0.0, "IVÁN CEPEDA CASTRO": 3809.0, "LUIS GILBERTO MURILLO URRUTIA": 6.0, "MIGUEL URIBE LONDOÑO": 6.0, "PALOMA VALENCIA LASERNA": 373.0, "RAÚL SANTIAGO BOTERO JARAMILLO": 50.0, "ROY LEONARDO BARRERAS MONTEALEGRE": 3.0, "SERGIO FAJARDO VALDERRAMA": 367.0, "SONDRA MACOLLINS GARVIN PINTO": 1.0, "ÓSCAR MAURICIO LIZCANO ARANGO": 11.0, "TOTAL_VOTOS": 6848.0, "GANADOR": "IVÁN CEPEDA CASTRO", "VOTOS_GANADOR": 3809.0, "PCT_GANADOR": 55.6 }, "geometry": { "type": "Point", "coordinates": [ -74.161696, 4.642173 ] } },
{ "type": "Feature", "properties": { "LOCALIDAD": "Kennedy", "DIRECCION": "CLL 6 D # 90 - 51", "SITIO": "San Francisco en el Tintal", "NOMBRE": "Colegio Gimnasio Moderno San Francisco El Tintal", "ABELARDO DE LA ESPRIELLA": 1985.0, "CARLOS EDUARDO CAICEDO OMAR": 1.0, "CLAUDIA LÓPEZ": 182.0, "GUSTAVO MATAMOROS CAMACHO": 1.0, "IVÁN CEPEDA CASTRO": 2049.0, "LUIS GILBERTO MURILLO URRUTIA": 2.0, "MIGUEL URIBE LONDOÑO": 0.0, "PALOMA VALENCIA LASERNA": 429.0, "RAÚL SANTIAGO BOTERO JARAMILLO": 31.0, "ROY LEONARDO BARRERAS MONTEALEGRE": 1.0, "SERGIO FAJARDO VALDERRAMA": 375.0, "SONDRA MACOLLINS GARVIN PINTO": 3.0, "ÓSCAR MAURICIO LIZCANO ARANGO": 6.0, "TOTAL_VOTOS": 5065.0, "GANADOR": "IVÁN CEPEDA CASTRO", "VOTOS_GANADOR": 2049.0, "PCT_GANADOR": 40.5 }, "geometry": { "type": "Point", "coordinates": [ -74.15821, 4.649993 ] } },
{ "type": "Feature", "properties": { "LOCALIDAD": "Kennedy", "DIRECCION": "CRA 94 # 6 C - 30 /CRA 93 # 6 B - 50", "SITIO": "Centro Comercial Ciudad Tintal", "NOMBRE": "Centro Comercial Ciudad Tintal", "ABELARDO DE LA ESPRIELLA": 1044.0, "CARLOS EDUARDO CAICEDO OMAR": 1.0, "CLAUDIA LÓPEZ": 99.0, "GUSTAVO MATAMOROS CAMACHO": 1.0, "IVÁN CEPEDA CASTRO": 1125.0, "LUIS GILBERTO MURILLO URRUTIA": 0.0, "MIGUEL URIBE LONDOÑO": 3.0, "PALOMA VALENCIA LASERNA": 205.0, "RAÚL SANTIAGO BOTERO JARAMILLO": 13.0, "ROY LEONARDO BARRERAS MONTEALEGRE": 0.0, "SERGIO FAJARDO VALDERRAMA": 169.0, "SONDRA MACOLLINS GARVIN PINTO": 2.0, "ÓSCAR MAURICIO LIZCANO ARANGO": 7.0, "TOTAL_VOTOS": 2669.0, "GANADOR": "IVÁN CEPEDA CASTRO", "VOTOS_GANADOR": 1125.0, "PCT_GANADOR": 42.2 }, "geometry": { "type": "Point", "coordinates": [ -74.15974956, 4.65277405 ] } },
{ "type": "Feature", "properties": { "LOCALIDAD": "Kennedy", "DIRECCION": "AV Ciudad de Cali # 11 B - 95  /CLL 11 A # 86 - 66 ", "SITIO": "Universidad Uniagustiniana", "NOMBRE": "Universidad Uniagustiniana", "ABELARDO DE LA ESPRIELLA": 2315.0, "CARLOS EDUARDO CAICEDO OMAR": 2.0, "CLAUDIA LÓPEZ": 148.0, "GUSTAVO MATAMOROS CAMACHO": 1.0, "IVÁN CEPEDA CASTRO": 2486.0, "LUIS GILBERTO MURILLO URRUTIA": 3.0, "MIGUEL URIBE LONDOÑO": 0.0, "PALOMA VALENCIA LASERNA": 447.0, "RAÚL SANTIAGO BOTERO JARAMILLO": 20.0, "ROY LEONARDO BARRERAS MONTEALEGRE": 2.0, "SERGIO FAJARDO VALDERRAMA": 569.0, "SONDRA MACOLLINS GARVIN PINTO": 1.0, "ÓSCAR MAURICIO LIZCANO ARANGO": 12.0, "TOTAL_VOTOS": 6006.0, "GANADOR": "IVÁN CEPEDA CASTRO", "VOTOS_GANADOR": 2486.0, "PCT_GANADOR": 41.4 }, "geometry": { "type": "Point", "coordinates": [ -74.14514654, 4.65339506 ] } },
{ "type": "Feature", "properties": { "LOCALIDAD": "Teusaquillo", "DIRECCION": "AV CRA 60 # 57 - 60", "SITIO": "Biblioteca Virgilio Barco", "NOMBRE": "Biblioteca Virgilio Barco", "ABELARDO DE LA ESPRIELLA": 879.0, "CARLOS EDUARDO CAICEDO OMAR": 0.0, "CLAUDIA LÓPEZ": 78.0, "GUSTAVO MATAMOROS CAMACHO": 0.0, "IVÁN CEPEDA CASTRO": 1000.0, "LUIS GILBERTO MURILLO URRUTIA": 2.0, "MIGUEL URIBE LONDOÑO": 0.0, "PALOMA VALENCIA LASERNA": 340.0, "RAÚL SANTIAGO BOTERO JARAMILLO": 5.0, "ROY LEONARDO BARRERAS MONTEALEGRE": 0.0, "SERGIO FAJARDO VALDERRAMA": 370.0, "SONDRA MACOLLINS GARVIN PINTO": 2.0, "ÓSCAR MAURICIO LIZCANO ARANGO": 3.0, "TOTAL_VOTOS": 2679.0, "GANADOR": "IVÁN CEPEDA CASTRO", "VOTOS_GANADOR": 1000.0, "PCT_GANADOR": 37.3 }, "geometry": { "type": "Point", "coordinates": [ -74.0886788, 4.65709427 ] } },
{ "type": "Feature", "properties": { "LOCALIDAD": "Fontibon", "DIRECCION": "CLL 19 # 79 - 37", "SITIO": "La Felicidad", "NOMBRE": "Colegio Distrital La Felicidad", "ABELARDO DE LA ESPRIELLA": 4636.0, "CARLOS EDUARDO CAICEDO OMAR": 3.0, "CLAUDIA LÓPEZ": 227.0, "GUSTAVO MATAMOROS CAMACHO": 1.0, "IVÁN CEPEDA CASTRO": 2464.0, "LUIS GILBERTO MURILLO URRUTIA": 3.0, "MIGUEL URIBE LONDOÑO": 5.0, "PALOMA VALENCIA LASERNA": 995.0, "RAÚL SANTIAGO BOTERO JARAMILLO": 15.0, "ROY LEONARDO BARRERAS MONTEALEGRE": 3.0, "SERGIO FAJARDO VALDERRAMA": 1027.0, "SONDRA MACOLLINS GARVIN PINTO": 8.0, "ÓSCAR MAURICIO LIZCANO ARANGO": 8.0, "TOTAL_VOTOS": 9395.0, "GANADOR": "ABELARDO DE LA ESPRIELLA", "VOTOS_GANADOR": 4636.0, "PCT_GANADOR": 49.3 }, "geometry": { "type": "Point", "coordinates": [ -74.1305907, 4.65635641 ] } },
{ "type": "Feature", "properties": { "LOCALIDAD": "Fontibon", "DIRECCION": "CRA 74 # 24 B - 80", "SITIO": "Navarra Modelia", "NOMBRE": "Liceo Navarra", "ABELARDO DE LA ESPRIELLA": 1725.0, "CARLOS EDUARDO CAICEDO OMAR": 0.0, "CLAUDIA LÓPEZ": 78.0, "GUSTAVO MATAMOROS CAMACHO": 1.0, "IVÁN CEPEDA CASTRO": 756.0, "LUIS GILBERTO MURILLO URRUTIA": 3.0, "MIGUEL URIBE LONDOÑO": 2.0, "PALOMA VALENCIA LASERNA": 426.0, "RAÚL SANTIAGO BOTERO JARAMILLO": 10.0, "ROY LEONARDO BARRERAS MONTEALEGRE": 2.0, "SERGIO FAJARDO VALDERRAMA": 348.0, "SONDRA MACOLLINS GARVIN PINTO": 1.0, "ÓSCAR MAURICIO LIZCANO ARANGO": 7.0, "TOTAL_VOTOS": 3359.0, "GANADOR": "ABELARDO DE LA ESPRIELLA", "VOTOS_GANADOR": 1725.0, "PCT_GANADOR": 51.4 }, "geometry": { "type": "Point", "coordinates": [ -74.117062, 4.66582 ] } },
{ "type": "Feature", "properties": { "LOCALIDAD": "Fontibon", "DIRECCION": "CLL 24 D # 82 - 13 /CRA 82 # 24 C - 29 ", "SITIO": "Modelia Real", "NOMBRE": "Colegio Gimnasio Modelia Real", "ABELARDO DE LA ESPRIELLA": 3060.0, "CARLOS EDUARDO CAICEDO OMAR": 1.0, "CLAUDIA LÓPEZ": 119.0, "GUSTAVO MATAMOROS CAMACHO": 0.0, "IVÁN CEPEDA CASTRO": 1598.0, "LUIS GILBERTO MURILLO URRUTIA": 2.0, "MIGUEL URIBE LONDOÑO": 3.0, "PALOMA VALENCIA LASERNA": 682.0, "RAÚL SANTIAGO BOTERO JARAMILLO": 13.0, "ROY LEONARDO BARRERAS MONTEALEGRE": 1.0, "SERGIO FAJARDO VALDERRAMA": 789.0, "SONDRA MACOLLINS GARVIN PINTO": 1.0, "ÓSCAR MAURICIO LIZCANO ARANGO": 4.0, "TOTAL_VOTOS": 6273.0, "GANADOR": "ABELARDO DE LA ESPRIELLA", "VOTOS_GANADOR": 3060.0, "PCT_GANADOR": 48.8 }, "geometry": { "type": "Point", "coordinates": [ -74.12140296, 4.67060209 ] } },
{ "type": "Feature", "properties": { "LOCALIDAD": "Chapinero", "DIRECCION": "CRA 7 # 93 - 01 / AV CRA 7 # 93 - 51", "SITIO": "Museo del Chico", "NOMBRE": "Museo del Chico", "ABELARDO DE LA ESPRIELLA": 1472.0, "CARLOS EDUARDO CAICEDO OMAR": 0.0, "CLAUDIA LÓPEZ": 22.0, "GUSTAVO MATAMOROS CAMACHO": 0.0, "IVÁN CEPEDA CASTRO": 172.0, "LUIS GILBERTO MURILLO URRUTIA": 0.0, "MIGUEL URIBE LONDOÑO": 0.0, "PALOMA VALENCIA LASERNA": 685.0, "RAÚL SANTIAGO BOTERO JARAMILLO": 1.0, "ROY LEONARDO BARRERAS MONTEALEGRE": 2.0, "SERGIO FAJARDO VALDERRAMA": 182.0, "SONDRA MACOLLINS GARVIN PINTO": 0.0, "ÓSCAR MAURICIO LIZCANO ARANGO": 3.0, "TOTAL_VOTOS": 2539.0, "GANADOR": "ABELARDO DE LA ESPRIELLA", "VOTOS_GANADOR": 1472.0, "PCT_GANADOR": 58.0 }, "geometry": { "type": "Point", "coordinates": [ -74.0433413, 4.67288285 ] } },
{ "type": "Feature", "properties": { "LOCALIDAD": "Fontibon", "DIRECCION": "CRA 99 # 19 -72", "SITIO": "Santa Teresa Centro", "NOMBRE": "Colegio Santa Teresa Centro", "ABELARDO DE LA ESPRIELLA": 1257.0, "CARLOS EDUARDO CAICEDO OMAR": 1.0, "CLAUDIA LÓPEZ": 73.0, "GUSTAVO MATAMOROS CAMACHO": 0.0, "IVÁN CEPEDA CASTRO": 1168.0, "LUIS GILBERTO MURILLO URRUTIA": 1.0, "MIGUEL URIBE LONDOÑO": 4.0, "PALOMA VALENCIA LASERNA": 259.0, "RAÚL SANTIAGO BOTERO JARAMILLO": 15.0, "ROY LEONARDO BARRERAS MONTEALEGRE": 2.0, "SERGIO FAJARDO VALDERRAMA": 221.0, "SONDRA MACOLLINS GARVIN PINTO": 2.0, "ÓSCAR MAURICIO LIZCANO ARANGO": 8.0, "TOTAL_VOTOS": 3011.0, "GANADOR": "ABELARDO DE LA ESPRIELLA", "VOTOS_GANADOR": 1257.0, "PCT_GANADOR": 41.7 }, "geometry": { "type": "Point", "coordinates": [ -74.142523, 4.673794 ] } },
{ "type": "Feature", "properties": { "LOCALIDAD": "Barrios Unidos", "DIRECCION": "CLL 86 A # 24 - 06", "SITIO": "Polideportivo Polo", "NOMBRE": "Polideportivo Polo", "ABELARDO DE LA ESPRIELLA": 792.0, "CARLOS EDUARDO CAICEDO OMAR": 0.0, "CLAUDIA LÓPEZ": 26.0, "GUSTAVO MATAMOROS CAMACHO": 0.0, "IVÁN CEPEDA CASTRO": 486.0, "LUIS GILBERTO MURILLO URRUTIA": 1.0, "MIGUEL URIBE LONDOÑO": 0.0, "PALOMA VALENCIA LASERNA": 278.0, "RAÚL SANTIAGO BOTERO JARAMILLO": 2.0, "ROY LEONARDO BARRERAS MONTEALEGRE": 1.0, "SERGIO FAJARDO VALDERRAMA": 190.0, "SONDRA MACOLLINS GARVIN PINTO": 0.0, "ÓSCAR MAURICIO LIZCANO ARANGO": 5.0, "TOTAL_VOTOS": 1781.0, "GANADOR": "ABELARDO DE LA ESPRIELLA", "VOTOS_GANADOR": 792.0, "PCT_GANADOR": 44.5 }, "geometry": { "type": "Point", "coordinates": [ -74.06335675, 4.67546585 ] } },
{ "type": "Feature", "properties": { "LOCALIDAD": "Chapinero", "DIRECCION": "CLL 93 # 14 - 20 Entrada C", "SITIO": "Centro Comercial de la 93", "NOMBRE": "Centro Comercial de la 93", "ABELARDO DE LA ESPRIELLA": 1137.0, "CARLOS EDUARDO CAICEDO OMAR": 0.0, "CLAUDIA LÓPEZ": 25.0, "GUSTAVO MATAMOROS CAMACHO": 0.0, "IVÁN CEPEDA CASTRO": 206.0, "LUIS GILBERTO MURILLO URRUTIA": 0.0, "MIGUEL URIBE LONDOÑO": 0.0, "PALOMA VALENCIA LASERNA": 490.0, "RAÚL SANTIAGO BOTERO JARAMILLO": 0.0, "ROY LEONARDO BARRERAS MONTEALEGRE": 1.0, "SERGIO FAJARDO VALDERRAMA": 132.0, "SONDRA MACOLLINS GARVIN PINTO": 0.0, "ÓSCAR MAURICIO LIZCANO ARANGO": 0.0, "TOTAL_VOTOS": 1991.0, "GANADOR": "ABELARDO DE LA ESPRIELLA", "VOTOS_GANADOR": 1137.0, "PCT_GANADOR": 57.1 }, "geometry": { "type": "Point", "coordinates": [ -74.05147767, 4.67684229 ] } },
{ "type": "Feature", "properties": { "LOCALIDAD": "Engativá", "DIRECCION": "CRA 68 H # 71 A - 01 /CRA 69 # 71 - 16 ", "SITIO": "San Joaquín", "NOMBRE": "Colegio Distrital República de Colombia Sede C", "ABELARDO DE LA ESPRIELLA": 514.0, "CARLOS EDUARDO CAICEDO OMAR": 0.0, "CLAUDIA LÓPEZ": 29.0, "GUSTAVO MATAMOROS CAMACHO": 0.0, "IVÁN CEPEDA CASTRO": 612.0, "LUIS GILBERTO MURILLO URRUTIA": 1.0, "MIGUEL URIBE LONDOÑO": 2.0, "PALOMA VALENCIA LASERNA": 113.0, "RAÚL SANTIAGO BOTERO JARAMILLO": 2.0, "ROY LEONARDO BARRERAS MONTEALEGRE": 0.0, "SERGIO FAJARDO VALDERRAMA": 114.0, "SONDRA MACOLLINS GARVIN PINTO": 1.0, "ÓSCAR MAURICIO LIZCANO ARANGO": 3.0, "TOTAL_VOTOS": 1391.0, "GANADOR": "IVÁN CEPEDA CASTRO", "VOTOS_GANADOR": 612.0, "PCT_GANADOR": 44.0 }, "geometry": { "type": "Point", "coordinates": [ -74.089027, 4.680191 ] } },
{ "type": "Feature", "properties": { "LOCALIDAD": "Fontibon", "DIRECCION": "CRA 124 # 17 - 05", "SITIO": "Van Uden CLL 13", "NOMBRE": "Colegio Distrital Antonio Van Uden Sede C", "ABELARDO DE LA ESPRIELLA": 355.0, "CARLOS EDUARDO CAICEDO OMAR": 0.0, "CLAUDIA LÓPEZ": 30.0, "GUSTAVO MATAMOROS CAMACHO": 0.0, "IVÁN CEPEDA CASTRO": 807.0, "LUIS GILBERTO MURILLO URRUTIA": 0.0, "MIGUEL URIBE LONDOÑO": 2.0, "PALOMA VALENCIA LASERNA": 66.0, "RAÚL SANTIAGO BOTERO JARAMILLO": 11.0, "ROY LEONARDO BARRERAS MONTEALEGRE": 0.0, "SERGIO FAJARDO VALDERRAMA": 104.0, "SONDRA MACOLLINS GARVIN PINTO": 1.0, "ÓSCAR MAURICIO LIZCANO ARANGO": 3.0, "TOTAL_VOTOS": 1379.0, "GANADOR": "IVÁN CEPEDA CASTRO", "VOTOS_GANADOR": 807.0, "PCT_GANADOR": 58.5 }, "geometry": { "type": "Point", "coordinates": [ -74.160905, 4.688375 ] } },
{ "type": "Feature", "properties": { "LOCALIDAD": "Fontibon", "DIRECCION": "CLL 22 G # 117 A - 38", "SITIO": "La Aldea", "NOMBRE": "Salón Comunal la Aldea", "ABELARDO DE LA ESPRIELLA": 726.0, "CARLOS EDUARDO CAICEDO OMAR": 0.0, "CLAUDIA LÓPEZ": 75.0, "GUSTAVO MATAMOROS CAMACHO": 0.0, "IVÁN CEPEDA CASTRO": 1284.0, "LUIS GILBERTO MURILLO URRUTIA": 0.0, "MIGUEL URIBE LONDOÑO": 2.0, "PALOMA VALENCIA LASERNA": 173.0, "RAÚL SANTIAGO BOTERO JARAMILLO": 17.0, "ROY LEONARDO BARRERAS MONTEALEGRE": 1.0, "SERGIO FAJARDO VALDERRAMA": 167.0, "SONDRA MACOLLINS GARVIN PINTO": 2.0, "ÓSCAR MAURICIO LIZCANO ARANGO": 5.0, "TOTAL_VOTOS": 2452.0, "GANADOR": "IVÁN CEPEDA CASTRO", "VOTOS_GANADOR": 1284.0, "PCT_GANADOR": 52.4 }, "geometry": { "type": "Point", "coordinates": [ -74.150029, 4.688916 ] } },
{ "type": "Feature", "properties": { "LOCALIDAD": "Engativá", "DIRECCION": "CLL 74 A # 73 A - 85", "SITIO": "Palo Blanco", "NOMBRE": "Colegio Gimnasio El Lago", "ABELARDO DE LA ESPRIELLA": 924.0, "CARLOS EDUARDO CAICEDO OMAR": 0.0, "CLAUDIA LÓPEZ": 43.0, "GUSTAVO MATAMOROS CAMACHO": 0.0, "IVÁN CEPEDA CASTRO": 840.0, "LUIS GILBERTO MURILLO URRUTIA": 1.0, "MIGUEL URIBE LONDOÑO": 4.0, "PALOMA VALENCIA LASERNA": 216.0, "RAÚL SANTIAGO BOTERO JARAMILLO": 6.0, "ROY LEONARDO BARRERAS MONTEALEGRE": 1.0, "SERGIO FAJARDO VALDERRAMA": 216.0, "SONDRA MACOLLINS GARVIN PINTO": 0.0, "ÓSCAR MAURICIO LIZCANO ARANGO": 6.0, "TOTAL_VOTOS": 2257.0, "GANADOR": "ABELARDO DE LA ESPRIELLA", "VOTOS_GANADOR": 924.0, "PCT_GANADOR": 40.9 }, "geometry": { "type": "Point", "coordinates": [ -74.095567, 4.691378 ] } },
{ "type": "Feature", "properties": { "LOCALIDAD": "Usaquén", "DIRECCION": "CLL 119 # 4 - 79", "SITIO": "Alessandro Volta", "NOMBRE": "Colegio Alessandro Volta", "ABELARDO DE LA ESPRIELLA": 4205.0, "CARLOS EDUARDO CAICEDO OMAR": 0.0, "CLAUDIA LÓPEZ": 92.0, "GUSTAVO MATAMOROS CAMACHO": 0.0, "IVÁN CEPEDA CASTRO": 982.0, "LUIS GILBERTO MURILLO URRUTIA": 1.0, "MIGUEL URIBE LONDOÑO": 3.0, "PALOMA VALENCIA LASERNA": 1476.0, "RAÚL SANTIAGO BOTERO JARAMILLO": 12.0, "ROY LEONARDO BARRERAS MONTEALEGRE": 2.0, "SERGIO FAJARDO VALDERRAMA": 680.0, "SONDRA MACOLLINS GARVIN PINTO": 3.0, "ÓSCAR MAURICIO LIZCANO ARANGO": 4.0, "TOTAL_VOTOS": 7460.0, "GANADOR": "ABELARDO DE LA ESPRIELLA", "VOTOS_GANADOR": 4205.0, "PCT_GANADOR": 56.4 }, "geometry": { "type": "Point", "coordinates": [ -74.02790712, 4.6942168 ] } },
{ "type": "Feature", "properties": { "LOCALIDAD": "Suba", "DIRECCION": "CLL 123 A # 47 - 34 /CRA 50 # 123 A - 30", "SITIO": "El Batán", "NOMBRE": "Parque El Batán", "ABELARDO DE LA ESPRIELLA": 1736.0, "CARLOS EDUARDO CAICEDO OMAR": 0.0, "CLAUDIA LÓPEZ": 55.0, "GUSTAVO MATAMOROS CAMACHO": 0.0, "IVÁN CEPEDA CASTRO": 395.0, "LUIS GILBERTO MURILLO URRUTIA": 0.0, "MIGUEL URIBE LONDOÑO": 0.0, "PALOMA VALENCIA LASERNA": 517.0, "RAÚL SANTIAGO BOTERO JARAMILLO": 1.0, "ROY LEONARDO BARRERAS MONTEALEGRE": 1.0, "SERGIO FAJARDO VALDERRAMA": 243.0, "SONDRA MACOLLINS GARVIN PINTO": 5.0, "ÓSCAR MAURICIO LIZCANO ARANGO": 0.0, "TOTAL_VOTOS": 2953.0, "GANADOR": "ABELARDO DE LA ESPRIELLA", "VOTOS_GANADOR": 1736.0, "PCT_GANADOR": 58.8 }, "geometry": { "type": "Point", "coordinates": [ -74.0570232, 4.70480629 ] } },
{ "type": "Feature", "properties": { "LOCALIDAD": "Usaquén", "DIRECCION": "CLL 127 C # 9 A - 03", "SITIO": "Colegio Distrital Usaquén Sede A", "NOMBRE": "Colegio Distrital Usaquén - Sede A", "ABELARDO DE LA ESPRIELLA": 5746.0, "CARLOS EDUARDO CAICEDO OMAR": 0.0, "CLAUDIA LÓPEZ": 95.0, "GUSTAVO MATAMOROS CAMACHO": 1.0, "IVÁN CEPEDA CASTRO": 1096.0, "LUIS GILBERTO MURILLO URRUTIA": 0.0, "MIGUEL URIBE LONDOÑO": 7.0, "PALOMA VALENCIA LASERNA": 1740.0, "RAÚL SANTIAGO BOTERO JARAMILLO": 9.0, "ROY LEONARDO BARRERAS MONTEALEGRE": 1.0, "SERGIO FAJARDO VALDERRAMA": 899.0, "SONDRA MACOLLINS GARVIN PINTO": 1.0, "ÓSCAR MAURICIO LIZCANO ARANGO": 6.0, "TOTAL_VOTOS": 9601.0, "GANADOR": "ABELARDO DE LA ESPRIELLA", "VOTOS_GANADOR": 5746.0, "PCT_GANADOR": 59.8 }, "geometry": { "type": "Point", "coordinates": [ -74.03447424, 4.70700908 ] } },
{ "type": "Feature", "properties": { "LOCALIDAD": "Engativá", "DIRECCION": "CRA 92 # 87 A - 60", "SITIO": "Primavera", "NOMBRE": "Colegio Distrital Simón Bolívar Sede A", "ABELARDO DE LA ESPRIELLA": 964.0, "CARLOS EDUARDO CAICEDO OMAR": 2.0, "CLAUDIA LÓPEZ": 56.0, "GUSTAVO MATAMOROS CAMACHO": 0.0, "IVÁN CEPEDA CASTRO": 1244.0, "LUIS GILBERTO MURILLO URRUTIA": 1.0, "MIGUEL URIBE LONDOÑO": 0.0, "PALOMA VALENCIA LASERNA": 186.0, "RAÚL SANTIAGO BOTERO JARAMILLO": 13.0, "ROY LEONARDO BARRERAS MONTEALEGRE": 0.0, "SERGIO FAJARDO VALDERRAMA": 219.0, "SONDRA MACOLLINS GARVIN PINTO": 1.0, "ÓSCAR MAURICIO LIZCANO ARANGO": 5.0, "TOTAL_VOTOS": 2691.0, "GANADOR": "IVÁN CEPEDA CASTRO", "VOTOS_GANADOR": 1244.0, "PCT_GANADOR": 46.2 }, "geometry": { "type": "Point", "coordinates": [ -74.10000222, 4.71113863 ] } },
{ "type": "Feature", "properties": { "LOCALIDAD": "Usme", "DIRECCION": "TRV 14 T # 70 - 49 Sur", "SITIO": "La Aurora", "NOMBRE": "Colegio Distrital La Aurora", "ABELARDO DE LA ESPRIELLA": 2377.0, "CARLOS EDUARDO CAICEDO OMAR": 3.0, "CLAUDIA LÓPEZ": 270.0, "GUSTAVO MATAMOROS CAMACHO": 0.0, "IVÁN CEPEDA CASTRO": 4863.0, "LUIS GILBERTO MURILLO URRUTIA": 8.0, "MIGUEL URIBE LONDOÑO": 9.0, "PALOMA VALENCIA LASERNA": 619.0, "RAÚL SANTIAGO BOTERO JARAMILLO": 69.0, "ROY LEONARDO BARRERAS MONTEALEGRE": 9.0, "SERGIO FAJARDO VALDERRAMA": 309.0, "SONDRA MACOLLINS GARVIN PINTO": 10.0, "ÓSCAR MAURICIO LIZCANO ARANGO": 17.0, "TOTAL_VOTOS": 8563.0, "GANADOR": "IVÁN CEPEDA CASTRO", "VOTOS_GANADOR": 4863.0, "PCT_GANADOR": 56.8 }, "geometry": { "type": "Point", "coordinates": [ -74.12113946, 4.52168154 ] } },
{ "type": "Feature", "properties": { "LOCALIDAD": "Usme", "DIRECCION": "CRA 1 G Este # 84 A - 42 Sur / CRA 9 # 84 A - 82 Sur", "SITIO": "Chuniza", "NOMBRE": "Colegio Distrital Chuniza", "ABELARDO DE LA ESPRIELLA": 1569.0, "CARLOS EDUARDO CAICEDO OMAR": 1.0, "CLAUDIA LÓPEZ": 169.0, "GUSTAVO MATAMOROS CAMACHO": 1.0, "IVÁN CEPEDA CASTRO": 3301.0, "LUIS GILBERTO MURILLO URRUTIA": 2.0, "MIGUEL URIBE LONDOÑO": 11.0, "PALOMA VALENCIA LASERNA": 344.0, "RAÚL SANTIAGO BOTERO JARAMILLO": 44.0, "ROY LEONARDO BARRERAS MONTEALEGRE": 3.0, "SERGIO FAJARDO VALDERRAMA": 211.0, "SONDRA MACOLLINS GARVIN PINTO": 3.0, "ÓSCAR MAURICIO LIZCANO ARANGO": 16.0, "TOTAL_VOTOS": 5675.0, "GANADOR": "IVÁN CEPEDA CASTRO", "VOTOS_GANADOR": 3301.0, "PCT_GANADOR": 58.2 }, "geometry": { "type": "Point", "coordinates": [ -74.11140449, 4.50597277 ] } },
{ "type": "Feature", "properties": { "LOCALIDAD": "Usme", "DIRECCION": "CRA 7 # 92 A - 31 Sur", "SITIO": "El Virrey", "NOMBRE": "Colegio Distrital El Virrey Solís", "ABELARDO DE LA ESPRIELLA": 1421.0, "CARLOS EDUARDO CAICEDO OMAR": 1.0, "CLAUDIA LÓPEZ": 197.0, "GUSTAVO MATAMOROS CAMACHO": 3.0, "IVÁN CEPEDA CASTRO": 3324.0, "LUIS GILBERTO MURILLO URRUTIA": 4.0, "MIGUEL URIBE LONDOÑO": 7.0, "PALOMA VALENCIA LASERNA": 342.0, "RAÚL SANTIAGO BOTERO JARAMILLO": 52.0, "ROY LEONARDO BARRERAS MONTEALEGRE": 6.0, "SERGIO FAJARDO VALDERRAMA": 194.0, "SONDRA MACOLLINS GARVIN PINTO": 5.0, "ÓSCAR MAURICIO LIZCANO ARANGO": 10.0, "TOTAL_VOTOS": 5566.0, "GANADOR": "IVÁN CEPEDA CASTRO", "VOTOS_GANADOR": 3324.0, "PCT_GANADOR": 59.7 }, "geometry": { "type": "Point", "coordinates": [ -74.11179901, 4.50250234 ] } },
{ "type": "Feature", "properties": { "LOCALIDAD": "Usme", "DIRECCION": "CLL 88 F Sur # 12 F - 20 Este", "SITIO": "Juan José Rondón", "NOMBRE": "Colegio Distrital Gabriel García Marquez", "ABELARDO DE LA ESPRIELLA": 416.0, "CARLOS EDUARDO CAICEDO OMAR": 2.0, "CLAUDIA LÓPEZ": 94.0, "GUSTAVO MATAMOROS CAMACHO": 0.0, "IVÁN CEPEDA CASTRO": 1531.0, "LUIS GILBERTO MURILLO URRUTIA": 0.0, "MIGUEL URIBE LONDOÑO": 8.0, "PALOMA VALENCIA LASERNA": 115.0, "RAÚL SANTIAGO BOTERO JARAMILLO": 41.0, "ROY LEONARDO BARRERAS MONTEALEGRE": 1.0, "SERGIO FAJARDO VALDERRAMA": 50.0, "SONDRA MACOLLINS GARVIN PINTO": 4.0, "ÓSCAR MAURICIO LIZCANO ARANGO": 2.0, "TOTAL_VOTOS": 2264.0, "GANADOR": "IVÁN CEPEDA CASTRO", "VOTOS_GANADOR": 1531.0, "PCT_GANADOR": 67.6 }, "geometry": { "type": "Point", "coordinates": [ -74.09119912, 4.50371957 ] } },
{ "type": "Feature", "properties": { "LOCALIDAD": "Usme", "DIRECCION": "CLL 65 Sur # 5 - 65", "SITIO": "La Fiscala", "NOMBRE": "Colegio Distrital Fabio Lozano Simonelli", "ABELARDO DE LA ESPRIELLA": 1169.0, "CARLOS EDUARDO CAICEDO OMAR": 2.0, "CLAUDIA LÓPEZ": 178.0, "GUSTAVO MATAMOROS CAMACHO": 2.0, "IVÁN CEPEDA CASTRO": 3028.0, "LUIS GILBERTO MURILLO URRUTIA": 3.0, "MIGUEL URIBE LONDOÑO": 3.0, "PALOMA VALENCIA LASERNA": 296.0, "RAÚL SANTIAGO BOTERO JARAMILLO": 50.0, "ROY LEONARDO BARRERAS MONTEALEGRE": 0.0, "SERGIO FAJARDO VALDERRAMA": 175.0, "SONDRA MACOLLINS GARVIN PINTO": 3.0, "ÓSCAR MAURICIO LIZCANO ARANGO": 8.0, "TOTAL_VOTOS": 4917.0, "GANADOR": "IVÁN CEPEDA CASTRO", "VOTOS_GANADOR": 3028.0, "PCT_GANADOR": 61.6 }, "geometry": { "type": "Point", "coordinates": [ -74.11172754, 4.53377083 ] } },
{ "type": "Feature", "properties": { "LOCALIDAD": "Suba", "DIRECCION": "DIAG 129 B Bis # 93 B - 51", "SITIO": "Ramon De Zubiria Sede A - IED", "NOMBRE": "Colegio Distrital Ramón de Subiría - Sede A", "ABELARDO DE LA ESPRIELLA": 1730.0, "CARLOS EDUARDO CAICEDO OMAR": 1.0, "CLAUDIA LÓPEZ": 140.0, "GUSTAVO MATAMOROS CAMACHO": 1.0, "IVÁN CEPEDA CASTRO": 3699.0, "LUIS GILBERTO MURILLO URRUTIA": 3.0, "MIGUEL URIBE LONDOÑO": 3.0, "PALOMA VALENCIA LASERNA": 342.0, "RAÚL SANTIAGO BOTERO JARAMILLO": 51.0, "ROY LEONARDO BARRERAS MONTEALEGRE": 0.0, "SERGIO FAJARDO VALDERRAMA": 379.0, "SONDRA MACOLLINS GARVIN PINTO": 3.0, "ÓSCAR MAURICIO LIZCANO ARANGO": 4.0, "TOTAL_VOTOS": 6356.0, "GANADOR": "IVÁN CEPEDA CASTRO", "VOTOS_GANADOR": 3699.0, "PCT_GANADOR": 58.2 }, "geometry": { "type": "Point", "coordinates": [ -74.092143, 4.725401 ] } },
{ "type": "Feature", "properties": { "LOCALIDAD": "Suba", "DIRECCION": "CLL 130 D # 88 B - 20", "SITIO": "Ramon de Zubiria Sede B - IED", "NOMBRE": "Colegio Distrital Ramón de Subiría - Sede B", "ABELARDO DE LA ESPRIELLA": 1178.0, "CARLOS EDUARDO CAICEDO OMAR": 1.0, "CLAUDIA LÓPEZ": 70.0, "GUSTAVO MATAMOROS CAMACHO": 1.0, "IVÁN CEPEDA CASTRO": 2015.0, "LUIS GILBERTO MURILLO URRUTIA": 2.0, "MIGUEL URIBE LONDOÑO": 1.0, "PALOMA VALENCIA LASERNA": 201.0, "RAÚL SANTIAGO BOTERO JARAMILLO": 29.0, "ROY LEONARDO BARRERAS MONTEALEGRE": 0.0, "SERGIO FAJARDO VALDERRAMA": 183.0, "SONDRA MACOLLINS GARVIN PINTO": 1.0, "ÓSCAR MAURICIO LIZCANO ARANGO": 4.0, "TOTAL_VOTOS": 3686.0, "GANADOR": "IVÁN CEPEDA CASTRO", "VOTOS_GANADOR": 2015.0, "PCT_GANADOR": 54.7 }, "geometry": { "type": "Point", "coordinates": [ -74.086593, 4.727428 ] } },
{ "type": "Feature", "properties": { "LOCALIDAD": "Suba", "DIRECCION": "CLL 128 C # 102 A - 25 / CRA 102 A # 128 A - 40", "SITIO": "Nueva Colombia - IED", "NOMBRE": "Colegio Distrital Nueva Colombia", "ABELARDO DE LA ESPRIELLA": 2068.0, "CARLOS EDUARDO CAICEDO OMAR": 1.0, "CLAUDIA LÓPEZ": 130.0, "GUSTAVO MATAMOROS CAMACHO": 3.0, "IVÁN CEPEDA CASTRO": 3623.0, "LUIS GILBERTO MURILLO URRUTIA": 3.0, "MIGUEL URIBE LONDOÑO": 3.0, "PALOMA VALENCIA LASERNA": 400.0, "RAÚL SANTIAGO BOTERO JARAMILLO": 44.0, "ROY LEONARDO BARRERAS MONTEALEGRE": 2.0, "SERGIO FAJARDO VALDERRAMA": 405.0, "SONDRA MACOLLINS GARVIN PINTO": 8.0, "ÓSCAR MAURICIO LIZCANO ARANGO": 5.0, "TOTAL_VOTOS": 6695.0, "GANADOR": "IVÁN CEPEDA CASTRO", "VOTOS_GANADOR": 3623.0, "PCT_GANADOR": 54.1 }, "geometry": { "type": "Point", "coordinates": [ -74.09984256, 4.72853918 ] } },
{ "type": "Feature", "properties": { "LOCALIDAD": "Suba", "DIRECCION": "CLL 130 A # 98 - 71 ", "SITIO": "Gonzalo Arango - IED", "NOMBRE": "Colegio Distrital Gonzalo Arango", "ABELARDO DE LA ESPRIELLA": 2022.0, "CARLOS EDUARDO CAICEDO OMAR": 2.0, "CLAUDIA LÓPEZ": 143.0, "GUSTAVO MATAMOROS CAMACHO": 1.0, "IVÁN CEPEDA CASTRO": 3227.0, "LUIS GILBERTO MURILLO URRUTIA": 2.0, "MIGUEL URIBE LONDOÑO": 3.0, "PALOMA VALENCIA LASERNA": 351.0, "RAÚL SANTIAGO BOTERO JARAMILLO": 38.0, "ROY LEONARDO BARRERAS MONTEALEGRE": 1.0, "SERGIO FAJARDO VALDERRAMA": 355.0, "SONDRA MACOLLINS GARVIN PINTO": 6.0, "ÓSCAR MAURICIO LIZCANO ARANGO": 4.0, "TOTAL_VOTOS": 6155.0, "GANADOR": "IVÁN CEPEDA CASTRO", "VOTOS_GANADOR": 3227.0, "PCT_GANADOR": 52.4 }, "geometry": { "type": "Point", "coordinates": [ -74.09492315, 4.72981232 ] } },
{ "type": "Feature", "properties": { "LOCALIDAD": "Suba", "DIRECCION": "CLL 131 B # 94 F - 31", "SITIO": "Virginia Gutierrez De Pineda - IED", "NOMBRE": "Colegio Distrital Virginia Gutiérrez de Pineda", "ABELARDO DE LA ESPRIELLA": 1323.0, "CARLOS EDUARDO CAICEDO OMAR": 2.0, "CLAUDIA LÓPEZ": 75.0, "GUSTAVO MATAMOROS CAMACHO": 1.0, "IVÁN CEPEDA CASTRO": 2375.0, "LUIS GILBERTO MURILLO URRUTIA": 2.0, "MIGUEL URIBE LONDOÑO": 5.0, "PALOMA VALENCIA LASERNA": 300.0, "RAÚL SANTIAGO BOTERO JARAMILLO": 34.0, "ROY LEONARDO BARRERAS MONTEALEGRE": 2.0, "SERGIO FAJARDO VALDERRAMA": 243.0, "SONDRA MACOLLINS GARVIN PINTO": 1.0, "ÓSCAR MAURICIO LIZCANO ARANGO": 5.0, "TOTAL_VOTOS": 4368.0, "GANADOR": "IVÁN CEPEDA CASTRO", "VOTOS_GANADOR": 2375.0, "PCT_GANADOR": 54.4 }, "geometry": { "type": "Point", "coordinates": [ -74.09174549, 4.73105591 ] } },
{ "type": "Feature", "properties": { "LOCALIDAD": "Usaquén", "DIRECCION": "CLL 151 # 15 - 70", "SITIO": "Colegio Colsubsidio Norte Usaquén", "NOMBRE": "Colegio Colsubsidio Norte", "ABELARDO DE LA ESPRIELLA": 4258.0, "CARLOS EDUARDO CAICEDO OMAR": 0.0, "CLAUDIA LÓPEZ": 118.0, "GUSTAVO MATAMOROS CAMACHO": 1.0, "IVÁN CEPEDA CASTRO": 1354.0, "LUIS GILBERTO MURILLO URRUTIA": 2.0, "MIGUEL URIBE LONDOÑO": 2.0, "PALOMA VALENCIA LASERNA": 1220.0, "RAÚL SANTIAGO BOTERO JARAMILLO": 6.0, "ROY LEONARDO BARRERAS MONTEALEGRE": 1.0, "SERGIO FAJARDO VALDERRAMA": 865.0, "SONDRA MACOLLINS GARVIN PINTO": 2.0, "ÓSCAR MAURICIO LIZCANO ARANGO": 8.0, "TOTAL_VOTOS": 7837.0, "GANADOR": "ABELARDO DE LA ESPRIELLA", "VOTOS_GANADOR": 4258.0, "PCT_GANADOR": 54.3 }, "geometry": { "type": "Point", "coordinates": [ -74.040596, 4.732726 ] } },
{ "type": "Feature", "properties": { "LOCALIDAD": "Suba", "DIRECCION": "AV CLL 147 con AV CRA 72 /AV CLL 147 # 58 C - 91", "SITIO": "Almacén Éxito la Colina", "NOMBRE": "Almacén Éxito la Colina", "ABELARDO DE LA ESPRIELLA": 6819.0, "CARLOS EDUARDO CAICEDO OMAR": 0.0, "CLAUDIA LÓPEZ": 180.0, "GUSTAVO MATAMOROS CAMACHO": 0.0, "IVÁN CEPEDA CASTRO": 1806.0, "LUIS GILBERTO MURILLO URRUTIA": 1.0, "MIGUEL URIBE LONDOÑO": 4.0, "PALOMA VALENCIA LASERNA": 1783.0, "RAÚL SANTIAGO BOTERO JARAMILLO": 7.0, "ROY LEONARDO BARRERAS MONTEALEGRE": 5.0, "SERGIO FAJARDO VALDERRAMA": 1290.0, "SONDRA MACOLLINS GARVIN PINTO": 1.0, "ÓSCAR MAURICIO LIZCANO ARANGO": 8.0, "TOTAL_VOTOS": 11904.0, "GANADOR": "ABELARDO DE LA ESPRIELLA", "VOTOS_GANADOR": 6819.0, "PCT_GANADOR": 57.3 }, "geometry": { "type": "Point", "coordinates": [ -74.06607259, 4.73471148 ] } },
{ "type": "Feature", "properties": { "LOCALIDAD": "Usaquén", "DIRECCION": "CRA 8A # 158 - 04", "SITIO": "Colegio General Santander Usaquén", "NOMBRE": "Parque Alta Blanca", "ABELARDO DE LA ESPRIELLA": 2474.0, "CARLOS EDUARDO CAICEDO OMAR": 0.0, "CLAUDIA LÓPEZ": 122.0, "GUSTAVO MATAMOROS CAMACHO": 1.0, "IVÁN CEPEDA CASTRO": 1888.0, "LUIS GILBERTO MURILLO URRUTIA": 6.0, "MIGUEL URIBE LONDOÑO": 5.0, "PALOMA VALENCIA LASERNA": 527.0, "RAÚL SANTIAGO BOTERO JARAMILLO": 23.0, "ROY LEONARDO BARRERAS MONTEALEGRE": 1.0, "SERGIO FAJARDO VALDERRAMA": 586.0, "SONDRA MACOLLINS GARVIN PINTO": 6.0, "ÓSCAR MAURICIO LIZCANO ARANGO": 6.0, "TOTAL_VOTOS": 5645.0, "GANADOR": "ABELARDO DE LA ESPRIELLA", "VOTOS_GANADOR": 2474.0, "PCT_GANADOR": 43.8 }, "geometry": { "type": "Point", "coordinates": [ -74.02905375, 4.73448632 ] } },
{ "type": "Feature", "properties": { "LOCALIDAD": "Suba", "DIRECCION": "CLL 137 # 91 - 61 /CRA 91 # 136 - 53 ", "SITIO": "Colegio Eucarístico Mercedario", "NOMBRE": "Colegio Eucarístico Mercedario", "ABELARDO DE LA ESPRIELLA": 1937.0, "CARLOS EDUARDO CAICEDO OMAR": 5.0, "CLAUDIA LÓPEZ": 136.0, "GUSTAVO MATAMOROS CAMACHO": 0.0, "IVÁN CEPEDA CASTRO": 1777.0, "LUIS GILBERTO MURILLO URRUTIA": 4.0, "MIGUEL URIBE LONDOÑO": 2.0, "PALOMA VALENCIA LASERNA": 448.0, "RAÚL SANTIAGO BOTERO JARAMILLO": 20.0, "ROY LEONARDO BARRERAS MONTEALEGRE": 4.0, "SERGIO FAJARDO VALDERRAMA": 389.0, "SONDRA MACOLLINS GARVIN PINTO": 1.0, "ÓSCAR MAURICIO LIZCANO ARANGO": 5.0, "TOTAL_VOTOS": 4728.0, "GANADOR": "ABELARDO DE LA ESPRIELLA", "VOTOS_GANADOR": 1937.0, "PCT_GANADOR": 41.0 }, "geometry": { "type": "Point", "coordinates": [ -74.086553, 4.735333 ] } },
{ "type": "Feature", "properties": { "LOCALIDAD": "Suba", "DIRECCION": "CLL 152 # 53 A - 05", "SITIO": "Colsubsidio Mazuren", "NOMBRE": "Colsubsidio Mazuren", "ABELARDO DE LA ESPRIELLA": 3225.0, "CARLOS EDUARDO CAICEDO OMAR": 0.0, "CLAUDIA LÓPEZ": 115.0, "GUSTAVO MATAMOROS CAMACHO": 0.0, "IVÁN CEPEDA CASTRO": 940.0, "LUIS GILBERTO MURILLO URRUTIA": 1.0, "MIGUEL URIBE LONDOÑO": 1.0, "PALOMA VALENCIA LASERNA": 846.0, "RAÚL SANTIAGO BOTERO JARAMILLO": 4.0, "ROY LEONARDO BARRERAS MONTEALEGRE": 2.0, "SERGIO FAJARDO VALDERRAMA": 549.0, "SONDRA MACOLLINS GARVIN PINTO": 5.0, "ÓSCAR MAURICIO LIZCANO ARANGO": 6.0, "TOTAL_VOTOS": 5694.0, "GANADOR": "ABELARDO DE LA ESPRIELLA", "VOTOS_GANADOR": 3225.0, "PCT_GANADOR": 56.6 }, "geometry": { "type": "Point", "coordinates": [ -74.05456046, 4.73538415 ] } },
{ "type": "Feature", "properties": { "LOCALIDAD": "Suba", "DIRECCION": "CRA 84 A # 145 B -07", "SITIO": "Salón Comunal San Francisco", "NOMBRE": "Salón Comunal Barrio San Francisco", "ABELARDO DE LA ESPRIELLA": 393.0, "CARLOS EDUARDO CAICEDO OMAR": 0.0, "CLAUDIA LÓPEZ": 22.0, "GUSTAVO MATAMOROS CAMACHO": 0.0, "IVÁN CEPEDA CASTRO": 477.0, "LUIS GILBERTO MURILLO URRUTIA": 0.0, "MIGUEL URIBE LONDOÑO": 0.0, "PALOMA VALENCIA LASERNA": 79.0, "RAÚL SANTIAGO BOTERO JARAMILLO": 7.0, "ROY LEONARDO BARRERAS MONTEALEGRE": 2.0, "SERGIO FAJARDO VALDERRAMA": 93.0, "SONDRA MACOLLINS GARVIN PINTO": 1.0, "ÓSCAR MAURICIO LIZCANO ARANGO": 2.0, "TOTAL_VOTOS": 1076.0, "GANADOR": "IVÁN CEPEDA CASTRO", "VOTOS_GANADOR": 477.0, "PCT_GANADOR": 44.3 }, "geometry": { "type": "Point", "coordinates": [ -74.080342, 4.736659 ] } },
{ "type": "Feature", "properties": { "LOCALIDAD": "Usaquén", "DIRECCION": "CRA 8 C # 163 B - 20", "SITIO": "Colegio Distrital Divino Maestro Sede A", "NOMBRE": "Colegio Distrital Divino Maestro - Sede A", "ABELARDO DE LA ESPRIELLA": 1610.0, "CARLOS EDUARDO CAICEDO OMAR": 1.0, "CLAUDIA LÓPEZ": 93.0, "GUSTAVO MATAMOROS CAMACHO": 1.0, "IVÁN CEPEDA CASTRO": 1533.0, "LUIS GILBERTO MURILLO URRUTIA": 4.0, "MIGUEL URIBE LONDOÑO": 5.0, "PALOMA VALENCIA LASERNA": 335.0, "RAÚL SANTIAGO BOTERO JARAMILLO": 28.0, "ROY LEONARDO BARRERAS MONTEALEGRE": 2.0, "SERGIO FAJARDO VALDERRAMA": 250.0, "SONDRA MACOLLINS GARVIN PINTO": 3.0, "ÓSCAR MAURICIO LIZCANO ARANGO": 3.0, "TOTAL_VOTOS": 3868.0, "GANADOR": "ABELARDO DE LA ESPRIELLA", "VOTOS_GANADOR": 1610.0, "PCT_GANADOR": 41.6 }, "geometry": { "type": "Point", "coordinates": [ -74.02774596, 4.73985282 ] } },
{ "type": "Feature", "properties": { "LOCALIDAD": "Usaquén", "DIRECCION": "CLL 164 # 7 F - 08 / CRA 7 F # 164 - 51", "SITIO": "Colegio Distrital Divino Maestro Sede B", "NOMBRE": "Colegio Distrital Divino Maestro - Sede B", "ABELARDO DE LA ESPRIELLA": 1409.0, "CARLOS EDUARDO CAICEDO OMAR": 1.0, "CLAUDIA LÓPEZ": 61.0, "GUSTAVO MATAMOROS CAMACHO": 1.0, "IVÁN CEPEDA CASTRO": 1536.0, "LUIS GILBERTO MURILLO URRUTIA": 0.0, "MIGUEL URIBE LONDOÑO": 4.0, "PALOMA VALENCIA LASERNA": 253.0, "RAÚL SANTIAGO BOTERO JARAMILLO": 30.0, "ROY LEONARDO BARRERAS MONTEALEGRE": 2.0, "SERGIO FAJARDO VALDERRAMA": 260.0, "SONDRA MACOLLINS GARVIN PINTO": 3.0, "ÓSCAR MAURICIO LIZCANO ARANGO": 0.0, "TOTAL_VOTOS": 3560.0, "GANADOR": "IVÁN CEPEDA CASTRO", "VOTOS_GANADOR": 1536.0, "PCT_GANADOR": 43.1 }, "geometry": { "type": "Point", "coordinates": [ -74.02522373, 4.74025321 ] } },
{ "type": "Feature", "properties": { "LOCALIDAD": "Suba", "DIRECCION": "AV CRA 72 # 152 B - 60", "SITIO": "Carulla Rincón de la Colina", "NOMBRE": "Parqueadero Carulla Rincón de la Colina", "ABELARDO DE LA ESPRIELLA": 3246.0, "CARLOS EDUARDO CAICEDO OMAR": 0.0, "CLAUDIA LÓPEZ": 75.0, "GUSTAVO MATAMOROS CAMACHO": 1.0, "IVÁN CEPEDA CASTRO": 732.0, "LUIS GILBERTO MURILLO URRUTIA": 3.0, "MIGUEL URIBE LONDOÑO": 2.0, "PALOMA VALENCIA LASERNA": 781.0, "RAÚL SANTIAGO BOTERO JARAMILLO": 2.0, "ROY LEONARDO BARRERAS MONTEALEGRE": 2.0, "SERGIO FAJARDO VALDERRAMA": 395.0, "SONDRA MACOLLINS GARVIN PINTO": 2.0, "ÓSCAR MAURICIO LIZCANO ARANGO": 7.0, "TOTAL_VOTOS": 5248.0, "GANADOR": "ABELARDO DE LA ESPRIELLA", "VOTOS_GANADOR": 3246.0, "PCT_GANADOR": 61.9 }, "geometry": { "type": "Point", "coordinates": [ -74.06500451, 4.74054044 ] } },
{ "type": "Feature", "properties": { "LOCALIDAD": "Usaquén", "DIRECCION": "CLL 165 # 8 A - 03", "SITIO": "Colegio Distrital Cristóbal Colón", "NOMBRE": "Colegio Distrital Cristóbal Colón", "ABELARDO DE LA ESPRIELLA": 1471.0, "CARLOS EDUARDO CAICEDO OMAR": 0.0, "CLAUDIA LÓPEZ": 76.0, "GUSTAVO MATAMOROS CAMACHO": 1.0, "IVÁN CEPEDA CASTRO": 1204.0, "LUIS GILBERTO MURILLO URRUTIA": 2.0, "MIGUEL URIBE LONDOÑO": 2.0, "PALOMA VALENCIA LASERNA": 344.0, "RAÚL SANTIAGO BOTERO JARAMILLO": 8.0, "ROY LEONARDO BARRERAS MONTEALEGRE": 1.0, "SERGIO FAJARDO VALDERRAMA": 285.0, "SONDRA MACOLLINS GARVIN PINTO": 4.0, "ÓSCAR MAURICIO LIZCANO ARANGO": 5.0, "TOTAL_VOTOS": 3403.0, "GANADOR": "ABELARDO DE LA ESPRIELLA", "VOTOS_GANADOR": 1471.0, "PCT_GANADOR": 43.2 }, "geometry": { "type": "Point", "coordinates": [ -74.025933, 4.741343 ] } },
{ "type": "Feature", "properties": { "LOCALIDAD": "Suba", "DIRECCION": "CRA 92 # 146C - 38", "SITIO": "Simón Bolívar - IED", "NOMBRE": "Colegio Distrital  Simón Bolívar Suba", "ABELARDO DE LA ESPRIELLA": 1902.0, "CARLOS EDUARDO CAICEDO OMAR": 0.0, "CLAUDIA LÓPEZ": 132.0, "GUSTAVO MATAMOROS CAMACHO": 0.0, "IVÁN CEPEDA CASTRO": 1788.0, "LUIS GILBERTO MURILLO URRUTIA": 4.0, "MIGUEL URIBE LONDOÑO": 8.0, "PALOMA VALENCIA LASERNA": 397.0, "RAÚL SANTIAGO BOTERO JARAMILLO": 22.0, "ROY LEONARDO BARRERAS MONTEALEGRE": 1.0, "SERGIO FAJARDO VALDERRAMA": 397.0, "SONDRA MACOLLINS GARVIN PINTO": 0.0, "ÓSCAR MAURICIO LIZCANO ARANGO": 5.0, "TOTAL_VOTOS": 4656.0, "GANADOR": "ABELARDO DE LA ESPRIELLA", "VOTOS_GANADOR": 1902.0, "PCT_GANADOR": 40.9 }, "geometry": { "type": "Point", "coordinates": [ -74.08484849, 4.74130635 ] } },
{ "type": "Feature", "properties": { "LOCALIDAD": "Usaquén", "DIRECCION": "CRA 14 C # 164 - 75", "SITIO": "Colegio Toberín \\\"B\\\"", "NOMBRE": "Colegio Distrital Toberín Sede B", "ABELARDO DE LA ESPRIELLA": 1668.0, "CARLOS EDUARDO CAICEDO OMAR": 1.0, "CLAUDIA LÓPEZ": 75.0, "GUSTAVO MATAMOROS CAMACHO": 2.0, "IVÁN CEPEDA CASTRO": 1233.0, "LUIS GILBERTO MURILLO URRUTIA": 1.0, "MIGUEL URIBE LONDOÑO": 3.0, "PALOMA VALENCIA LASERNA": 465.0, "RAÚL SANTIAGO BOTERO JARAMILLO": 15.0, "ROY LEONARDO BARRERAS MONTEALEGRE": 1.0, "SERGIO FAJARDO VALDERRAMA": 363.0, "SONDRA MACOLLINS GARVIN PINTO": 4.0, "ÓSCAR MAURICIO LIZCANO ARANGO": 4.0, "TOTAL_VOTOS": 3835.0, "GANADOR": "ABELARDO DE LA ESPRIELLA", "VOTOS_GANADOR": 1668.0, "PCT_GANADOR": 43.5 }, "geometry": { "type": "Point", "coordinates": [ -74.035909, 4.743052 ] } },
{ "type": "Feature", "properties": { "LOCALIDAD": "Suba", "DIRECCION": "CRA 131 # 134 - 44 / CRA 131 # 133 - 44", "SITIO": "Fe Y alegría Jose Maria Velaz - IED", "NOMBRE": "Colegio Fe y Alegría", "ABELARDO DE LA ESPRIELLA": 2139.0, "CARLOS EDUARDO CAICEDO OMAR": 1.0, "CLAUDIA LÓPEZ": 179.0, "GUSTAVO MATAMOROS CAMACHO": 0.0, "IVÁN CEPEDA CASTRO": 4385.0, "LUIS GILBERTO MURILLO URRUTIA": 4.0, "MIGUEL URIBE LONDOÑO": 6.0, "PALOMA VALENCIA LASERNA": 412.0, "RAÚL SANTIAGO BOTERO JARAMILLO": 61.0, "ROY LEONARDO BARRERAS MONTEALEGRE": 2.0, "SERGIO FAJARDO VALDERRAMA": 505.0, "SONDRA MACOLLINS GARVIN PINTO": 3.0, "ÓSCAR MAURICIO LIZCANO ARANGO": 8.0, "TOTAL_VOTOS": 7705.0, "GANADOR": "IVÁN CEPEDA CASTRO", "VOTOS_GANADOR": 4385.0, "PCT_GANADOR": 56.9 }, "geometry": { "type": "Point", "coordinates": [ -74.11245528, 4.74450804 ] } },
{ "type": "Feature", "properties": { "LOCALIDAD": "Suba", "DIRECCION": "CRA 90 # 149 - 73", "SITIO": "Fundación San Felipe Neri", "NOMBRE": "Fundación San Felipe Neri", "ABELARDO DE LA ESPRIELLA": 313.0, "CARLOS EDUARDO CAICEDO OMAR": 0.0, "CLAUDIA LÓPEZ": 17.0, "GUSTAVO MATAMOROS CAMACHO": 0.0, "IVÁN CEPEDA CASTRO": 352.0, "LUIS GILBERTO MURILLO URRUTIA": 1.0, "MIGUEL URIBE LONDOÑO": 1.0, "PALOMA VALENCIA LASERNA": 75.0, "RAÚL SANTIAGO BOTERO JARAMILLO": 3.0, "ROY LEONARDO BARRERAS MONTEALEGRE": 0.0, "SERGIO FAJARDO VALDERRAMA": 44.0, "SONDRA MACOLLINS GARVIN PINTO": 1.0, "ÓSCAR MAURICIO LIZCANO ARANGO": 0.0, "TOTAL_VOTOS": 807.0, "GANADOR": "IVÁN CEPEDA CASTRO", "VOTOS_GANADOR": 352.0, "PCT_GANADOR": 43.6 }, "geometry": { "type": "Point", "coordinates": [ -74.082955, 4.746206 ] } },
{ "type": "Feature", "properties": { "LOCALIDAD": "Suba", "DIRECCION": "TRV 127 C # 139 B - 48", "SITIO": "Colegio Pedagógico Dulce Maria", "NOMBRE": "Colegio Privado Pedagógico Dulce Maria", "ABELARDO DE LA ESPRIELLA": 1663.0, "CARLOS EDUARDO CAICEDO OMAR": 3.0, "CLAUDIA LÓPEZ": 148.0, "GUSTAVO MATAMOROS CAMACHO": 1.0, "IVÁN CEPEDA CASTRO": 2584.0, "LUIS GILBERTO MURILLO URRUTIA": 5.0, "MIGUEL URIBE LONDOÑO": 7.0, "PALOMA VALENCIA LASERNA": 336.0, "RAÚL SANTIAGO BOTERO JARAMILLO": 30.0, "ROY LEONARDO BARRERAS MONTEALEGRE": 1.0, "SERGIO FAJARDO VALDERRAMA": 358.0, "SONDRA MACOLLINS GARVIN PINTO": 6.0, "ÓSCAR MAURICIO LIZCANO ARANGO": 4.0, "TOTAL_VOTOS": 5146.0, "GANADOR": "IVÁN CEPEDA CASTRO", "VOTOS_GANADOR": 2584.0, "PCT_GANADOR": 50.2 }, "geometry": { "type": "Point", "coordinates": [ -74.108241, 4.74661 ] } },
{ "type": "Feature", "properties": { "LOCALIDAD": "Usaquén", "DIRECCION": "CLL 171 B # 6 B - 16 /CRA 6 C # 171 - 39", "SITIO": "Colegio Friedrich Nauman Sede A", "NOMBRE": "Colegio Distrital Friedrich Nauman Sede A", "ABELARDO DE LA ESPRIELLA": 707.0, "CARLOS EDUARDO CAICEDO OMAR": 1.0, "CLAUDIA LÓPEZ": 28.0, "GUSTAVO MATAMOROS CAMACHO": 0.0, "IVÁN CEPEDA CASTRO": 554.0, "LUIS GILBERTO MURILLO URRUTIA": 3.0, "MIGUEL URIBE LONDOÑO": 0.0, "PALOMA VALENCIA LASERNA": 180.0, "RAÚL SANTIAGO BOTERO JARAMILLO": 10.0, "ROY LEONARDO BARRERAS MONTEALEGRE": 0.0, "SERGIO FAJARDO VALDERRAMA": 192.0, "SONDRA MACOLLINS GARVIN PINTO": 1.0, "ÓSCAR MAURICIO LIZCANO ARANGO": 2.0, "TOTAL_VOTOS": 1678.0, "GANADOR": "ABELARDO DE LA ESPRIELLA", "VOTOS_GANADOR": 707.0, "PCT_GANADOR": 42.1 }, "geometry": { "type": "Point", "coordinates": [ -74.02262572, 4.74836357 ] } },
{ "type": "Feature", "properties": { "LOCALIDAD": "Suba", "DIRECCION": "CRA 143 #142 A - 62", "SITIO": "Gerardo Molina Ramirez - IED", "NOMBRE": "Colegio Distrital Gerardo Molina Ramírez", "ABELARDO DE LA ESPRIELLA": 2693.0, "CARLOS EDUARDO CAICEDO OMAR": 4.0, "CLAUDIA LÓPEZ": 253.0, "GUSTAVO MATAMOROS CAMACHO": 1.0, "IVÁN CEPEDA CASTRO": 5245.0, "LUIS GILBERTO MURILLO URRUTIA": 2.0, "MIGUEL URIBE LONDOÑO": 7.0, "PALOMA VALENCIA LASERNA": 505.0, "RAÚL SANTIAGO BOTERO JARAMILLO": 58.0, "ROY LEONARDO BARRERAS MONTEALEGRE": 1.0, "SERGIO FAJARDO VALDERRAMA": 649.0, "SONDRA MACOLLINS GARVIN PINTO": 4.0, "ÓSCAR MAURICIO LIZCANO ARANGO": 17.0, "TOTAL_VOTOS": 9439.0, "GANADOR": "IVÁN CEPEDA CASTRO", "VOTOS_GANADOR": 5245.0, "PCT_GANADOR": 55.6 }, "geometry": { "type": "Point", "coordinates": [ -74.115384, 4.748668 ] } },
{ "type": "Feature", "properties": { "LOCALIDAD": "Suba", "DIRECCION": "CRA 65 entre la CLL 165 Y 166", "SITIO": "Cancha múltiple Villa Delia", "NOMBRE": "Cancha múltiple Villa Delia", "ABELARDO DE LA ESPRIELLA": 2583.0, "CARLOS EDUARDO CAICEDO OMAR": 0.0, "CLAUDIA LÓPEZ": 86.0, "GUSTAVO MATAMOROS CAMACHO": 0.0, "IVÁN CEPEDA CASTRO": 1147.0, "LUIS GILBERTO MURILLO URRUTIA": 3.0, "MIGUEL URIBE LONDOÑO": 2.0, "PALOMA VALENCIA LASERNA": 525.0, "RAÚL SANTIAGO BOTERO JARAMILLO": 17.0, "ROY LEONARDO BARRERAS MONTEALEGRE": 1.0, "SERGIO FAJARDO VALDERRAMA": 472.0, "SONDRA MACOLLINS GARVIN PINTO": 6.0, "ÓSCAR MAURICIO LIZCANO ARANGO": 5.0, "TOTAL_VOTOS": 4847.0, "GANADOR": "ABELARDO DE LA ESPRIELLA", "VOTOS_GANADOR": 2583.0, "PCT_GANADOR": 53.3 }, "geometry": { "type": "Point", "coordinates": [ -74.06384299, 4.74929568 ] } },
{ "type": "Feature", "properties": { "LOCALIDAD": "Suba", "DIRECCION": "CRA 128 # 146 - 52", "SITIO": "Compartir Sede A - IED", "NOMBRE": "Institución Educativa Compartir Suba", "ABELARDO DE LA ESPRIELLA": 3674.0, "CARLOS EDUARDO CAICEDO OMAR": 0.0, "CLAUDIA LÓPEZ": 327.0, "GUSTAVO MATAMOROS CAMACHO": 1.0, "IVÁN CEPEDA CASTRO": 4679.0, "LUIS GILBERTO MURILLO URRUTIA": 7.0, "MIGUEL URIBE LONDOÑO": 13.0, "PALOMA VALENCIA LASERNA": 881.0, "RAÚL SANTIAGO BOTERO JARAMILLO": 27.0, "ROY LEONARDO BARRERAS MONTEALEGRE": 7.0, "SERGIO FAJARDO VALDERRAMA": 941.0, "SONDRA MACOLLINS GARVIN PINTO": 8.0, "ÓSCAR MAURICIO LIZCANO ARANGO": 19.0, "TOTAL_VOTOS": 10584.0, "GANADOR": "IVÁN CEPEDA CASTRO", "VOTOS_GANADOR": 4679.0, "PCT_GANADOR": 44.2 }, "geometry": { "type": "Point", "coordinates": [ -74.10601315, 4.75528672 ] } },
{ "type": "Feature", "properties": { "LOCALIDAD": "Suba", "DIRECCION": "AV CLL 170 # 67 - 51", "SITIO": "Biblioteca Julio Mario Santo Domingo", "NOMBRE": "Biblioteca Julio Mario Santo Domingo", "ABELARDO DE LA ESPRIELLA": 3324.0, "CARLOS EDUARDO CAICEDO OMAR": 0.0, "CLAUDIA LÓPEZ": 130.0, "GUSTAVO MATAMOROS CAMACHO": 0.0, "IVÁN CEPEDA CASTRO": 1294.0, "LUIS GILBERTO MURILLO URRUTIA": 2.0, "MIGUEL URIBE LONDOÑO": 2.0, "PALOMA VALENCIA LASERNA": 799.0, "RAÚL SANTIAGO BOTERO JARAMILLO": 9.0, "ROY LEONARDO BARRERAS MONTEALEGRE": 1.0, "SERGIO FAJARDO VALDERRAMA": 555.0, "SONDRA MACOLLINS GARVIN PINTO": 1.0, "ÓSCAR MAURICIO LIZCANO ARANGO": 4.0, "TOTAL_VOTOS": 6121.0, "GANADOR": "ABELARDO DE LA ESPRIELLA", "VOTOS_GANADOR": 3324.0, "PCT_GANADOR": 54.3 }, "geometry": { "type": "Point", "coordinates": [ -74.062725, 4.756619 ] } },
{ "type": "Feature", "properties": { "LOCALIDAD": "Usaquén", "DIRECCION": "CLL 181 # 18 B - 83", "SITIO": "Colegio Distrital Saludcoop Norte", "NOMBRE": "Colegio Distrital Salud Coop Norte", "ABELARDO DE LA ESPRIELLA": 2165.0, "CARLOS EDUARDO CAICEDO OMAR": 1.0, "CLAUDIA LÓPEZ": 117.0, "GUSTAVO MATAMOROS CAMACHO": 0.0, "IVÁN CEPEDA CASTRO": 2028.0, "LUIS GILBERTO MURILLO URRUTIA": 1.0, "MIGUEL URIBE LONDOÑO": 4.0, "PALOMA VALENCIA LASERNA": 446.0, "RAÚL SANTIAGO BOTERO JARAMILLO": 20.0, "ROY LEONARDO BARRERAS MONTEALEGRE": 0.0, "SERGIO FAJARDO VALDERRAMA": 532.0, "SONDRA MACOLLINS GARVIN PINTO": 2.0, "ÓSCAR MAURICIO LIZCANO ARANGO": 3.0, "TOTAL_VOTOS": 5319.0, "GANADOR": "ABELARDO DE LA ESPRIELLA", "VOTOS_GANADOR": 2165.0, "PCT_GANADOR": 40.7 }, "geometry": { "type": "Point", "coordinates": [ -74.040412, 4.757606 ] } },
{ "type": "Feature", "properties": { "LOCALIDAD": "Usaquén", "DIRECCION": "CLL 181 # 6 - 03 /CLL 182 # 6 - 30", "SITIO": "Colegio Friedrich Nauman Sede B", "NOMBRE": "Colegio Distrital Friedrich Nauman Sede B", "ABELARDO DE LA ESPRIELLA": 348.0, "CARLOS EDUARDO CAICEDO OMAR": 1.0, "CLAUDIA LÓPEZ": 27.0, "GUSTAVO MATAMOROS CAMACHO": 1.0, "IVÁN CEPEDA CASTRO": 730.0, "LUIS GILBERTO MURILLO URRUTIA": 1.0, "MIGUEL URIBE LONDOÑO": 1.0, "PALOMA VALENCIA LASERNA": 69.0, "RAÚL SANTIAGO BOTERO JARAMILLO": 11.0, "ROY LEONARDO BARRERAS MONTEALEGRE": 0.0, "SERGIO FAJARDO VALDERRAMA": 75.0, "SONDRA MACOLLINS GARVIN PINTO": 0.0, "ÓSCAR MAURICIO LIZCANO ARANGO": 2.0, "TOTAL_VOTOS": 1266.0, "GANADOR": "IVÁN CEPEDA CASTRO", "VOTOS_GANADOR": 730.0, "PCT_GANADOR": 57.7 }, "geometry": { "type": "Point", "coordinates": [ -74.02542928, 4.75846123 ] } },
{ "type": "Feature", "properties": { "LOCALIDAD": "Usaquén", "DIRECCION": "CRA 11 # 185 B - 17", "SITIO": "Verbenal Santa María", "NOMBRE": "Colegio Santa María", "ABELARDO DE LA ESPRIELLA": 2174.0, "CARLOS EDUARDO CAICEDO OMAR": 0.0, "CLAUDIA LÓPEZ": 106.0, "GUSTAVO MATAMOROS CAMACHO": 0.0, "IVÁN CEPEDA CASTRO": 1925.0, "LUIS GILBERTO MURILLO URRUTIA": 1.0, "MIGUEL URIBE LONDOÑO": 6.0, "PALOMA VALENCIA LASERNA": 450.0, "RAÚL SANTIAGO BOTERO JARAMILLO": 31.0, "ROY LEONARDO BARRERAS MONTEALEGRE": 2.0, "SERGIO FAJARDO VALDERRAMA": 498.0, "SONDRA MACOLLINS GARVIN PINTO": 2.0, "ÓSCAR MAURICIO LIZCANO ARANGO": 8.0, "TOTAL_VOTOS": 5203.0, "GANADOR": "ABELARDO DE LA ESPRIELLA", "VOTOS_GANADOR": 2174.0, "PCT_GANADOR": 41.8 }, "geometry": { "type": "Point", "coordinates": [ -74.0328493, 4.76267244 ] } },
{ "type": "Feature", "properties": { "LOCALIDAD": "Usaquén", "DIRECCION": "KM 12 Carretera Central del Norte 0 0-00 2334 *", "SITIO": "Colegio Nuevo Horizonte - Sede D Torca", "NOMBRE": "Colegio Distrital Nuevo Horizonte - Sede D Torca", "ABELARDO DE LA ESPRIELLA": 155.0, "CARLOS EDUARDO CAICEDO OMAR": 0.0, "CLAUDIA LÓPEZ": 5.0, "GUSTAVO MATAMOROS CAMACHO": 0.0, "IVÁN CEPEDA CASTRO": 78.0, "LUIS GILBERTO MURILLO URRUTIA": 2.0, "MIGUEL URIBE LONDOÑO": 0.0, "PALOMA VALENCIA LASERNA": 26.0, "RAÚL SANTIAGO BOTERO JARAMILLO": 0.0, "ROY LEONARDO BARRERAS MONTEALEGRE": 0.0, "SERGIO FAJARDO VALDERRAMA": 21.0, "SONDRA MACOLLINS GARVIN PINTO": 0.0, "ÓSCAR MAURICIO LIZCANO ARANGO": 0.0, "TOTAL_VOTOS": 287.0, "GANADOR": "ABELARDO DE LA ESPRIELLA", "VOTOS_GANADOR": 155.0, "PCT_GANADOR": 54.0 }, "geometry": { "type": "Point", "coordinates": [ -74.03027211, 4.80052308 ] } },
{ "type": "Feature", "properties": { "LOCALIDAD": "Fontibon", "DIRECCION": "AV CRA 116 # 22I - 56", "SITIO": "Atahualpa", "NOMBRE": "Colegio Distrital Atahualpa", "ABELARDO DE LA ESPRIELLA": 1666.0, "CARLOS EDUARDO CAICEDO OMAR": 1.0, "CLAUDIA LÓPEZ": 115.0, "GUSTAVO MATAMOROS CAMACHO": 1.0, "IVÁN CEPEDA CASTRO": 3439.0, "LUIS GILBERTO MURILLO URRUTIA": 2.0, "MIGUEL URIBE LONDOÑO": 6.0, "PALOMA VALENCIA LASERNA": 296.0, "RAÚL SANTIAGO BOTERO JARAMILLO": 42.0, "ROY LEONARDO BARRERAS MONTEALEGRE": 1.0, "SERGIO FAJARDO VALDERRAMA": 457.0, "SONDRA MACOLLINS GARVIN PINTO": 0.0, "ÓSCAR MAURICIO LIZCANO ARANGO": 3.0, "TOTAL_VOTOS": 6029.0, "GANADOR": "IVÁN CEPEDA CASTRO", "VOTOS_GANADOR": 3439.0, "PCT_GANADOR": 57.0 }, "geometry": { "type": "Point", "coordinates": [ -74.1483, 4.6883 ] } },
{ "type": "Feature", "properties": { "LOCALIDAD": "Mártires", "DIRECCION": "CRA 27 # 24 C - 19", "SITIO": "Panamericano", "NOMBRE": "Colegio Distrital Panamericano", "ABELARDO DE LA ESPRIELLA": 342.0, "CARLOS EDUARDO CAICEDO OMAR": 0.0, "CLAUDIA LÓPEZ": 13.0, "GUSTAVO MATAMOROS CAMACHO": 0.0, "IVÁN CEPEDA CASTRO": 560.0, "LUIS GILBERTO MURILLO URRUTIA": 0.0, "MIGUEL URIBE LONDOÑO": 2.0, "PALOMA VALENCIA LASERNA": 86.0, "RAÚL SANTIAGO BOTERO JARAMILLO": 4.0, "ROY LEONARDO BARRERAS MONTEALEGRE": 1.0, "SERGIO FAJARDO VALDERRAMA": 92.0, "SONDRA MACOLLINS GARVIN PINTO": 1.0, "ÓSCAR MAURICIO LIZCANO ARANGO": 6.0, "TOTAL_VOTOS": 1107.0, "GANADOR": "IVÁN CEPEDA CASTRO", "VOTOS_GANADOR": 560.0, "PCT_GANADOR": 50.6 }, "geometry": { "type": "Point", "coordinates": [ -74.078835, 4.62305711 ] } },
{ "type": "Feature", "properties": { "LOCALIDAD": "Bosa", "DIRECCION": "CRA 77J # 65A - 38 Sur", "SITIO": "La Acuarela", "NOMBRE": "Colegio Distrital Luis Lopez de Mesa - Sede Nueva", "ABELARDO DE LA ESPRIELLA": 421.0, "CARLOS EDUARDO CAICEDO OMAR": 1.0, "CLAUDIA LÓPEZ": 35.0, "GUSTAVO MATAMOROS CAMACHO": 0.0, "IVÁN CEPEDA CASTRO": 949.0, "LUIS GILBERTO MURILLO URRUTIA": 2.0, "MIGUEL URIBE LONDOÑO": 3.0, "PALOMA VALENCIA LASERNA": 161.0, "RAÚL SANTIAGO BOTERO JARAMILLO": 16.0, "ROY LEONARDO BARRERAS MONTEALEGRE": 0.0, "SERGIO FAJARDO VALDERRAMA": 74.0, "SONDRA MACOLLINS GARVIN PINTO": 0.0, "ÓSCAR MAURICIO LIZCANO ARANGO": 4.0, "TOTAL_VOTOS": 1666.0, "GANADOR": "IVÁN CEPEDA CASTRO", "VOTOS_GANADOR": 949.0, "PCT_GANADOR": 57.0 }, "geometry": { "type": "Point", "coordinates": [ -74.1818, 4.5983 ] } },
{ "type": "Feature", "properties": { "LOCALIDAD": "San Cristóbal", "DIRECCION": "CLL 44 Sur # 9 - 23 Este", "SITIO": "La Gloria – Escuela Altamira", "NOMBRE": "Colegio Distrital Altamira Sur Oriental Sede C - República de Israel", "ABELARDO DE LA ESPRIELLA": 879.0, "CARLOS EDUARDO CAICEDO OMAR": 1.0, "CLAUDIA LÓPEZ": 103.0, "GUSTAVO MATAMOROS CAMACHO": 0.0, "IVÁN CEPEDA CASTRO": 3003.0, "LUIS GILBERTO MURILLO URRUTIA": 1.0, "MIGUEL URIBE LONDOÑO": 7.0, "PALOMA VALENCIA LASERNA": 196.0, "RAÚL SANTIAGO BOTERO JARAMILLO": 40.0, "ROY LEONARDO BARRERAS MONTEALEGRE": 2.0, "SERGIO FAJARDO VALDERRAMA": 215.0, "SONDRA MACOLLINS GARVIN PINTO": 3.0, "ÓSCAR MAURICIO LIZCANO ARANGO": 6.0, "TOTAL_VOTOS": 4456.0, "GANADOR": "IVÁN CEPEDA CASTRO", "VOTOS_GANADOR": 3003.0, "PCT_GANADOR": 67.4 }, "geometry": { "type": "Point", "coordinates": [ -74.0893, 4.5441 ] } },
{ "type": "Feature", "properties": { "LOCALIDAD": "San Cristóbal", "DIRECCION": "CLL 30A Sur # 9A - 78 Este", "SITIO": "Ramajal - Amapolas", "NOMBRE": "Colegio Distrital José Acevedo y Gómez Sede B", "ABELARDO DE LA ESPRIELLA": 239.0, "CARLOS EDUARDO CAICEDO OMAR": 0.0, "CLAUDIA LÓPEZ": 20.0, "GUSTAVO MATAMOROS CAMACHO": 0.0, "IVÁN CEPEDA CASTRO": 741.0, "LUIS GILBERTO MURILLO URRUTIA": 1.0, "MIGUEL URIBE LONDOÑO": 1.0, "PALOMA VALENCIA LASERNA": 61.0, "RAÚL SANTIAGO BOTERO JARAMILLO": 3.0, "ROY LEONARDO BARRERAS MONTEALEGRE": 1.0, "SERGIO FAJARDO VALDERRAMA": 54.0, "SONDRA MACOLLINS GARVIN PINTO": 3.0, "ÓSCAR MAURICIO LIZCANO ARANGO": 1.0, "TOTAL_VOTOS": 1125.0, "GANADOR": "IVÁN CEPEDA CASTRO", "VOTOS_GANADOR": 741.0, "PCT_GANADOR": 65.9 }, "geometry": { "type": "Point", "coordinates": [ -74.0829, 4.5596 ] } },
{ "type": "Feature", "properties": { "LOCALIDAD": "San Cristóbal", "DIRECCION": "CLL 44 SUR # 6 - 74 Este / CLL 44 SUR # 6 - 54 ESTE", "SITIO": "El Rodeo Sede B - La Gloria", "NOMBRE": "Polideportivo Colegio Lorenzo de Alcantuz", "ABELARDO DE LA ESPRIELLA": 298.0, "CARLOS EDUARDO CAICEDO OMAR": 0.0, "CLAUDIA LÓPEZ": 44.0, "GUSTAVO MATAMOROS CAMACHO": 0.0, "IVÁN CEPEDA CASTRO": 885.0, "LUIS GILBERTO MURILLO URRUTIA": 1.0, "MIGUEL URIBE LONDOÑO": 3.0, "PALOMA VALENCIA LASERNA": 65.0, "RAÚL SANTIAGO BOTERO JARAMILLO": 12.0, "ROY LEONARDO BARRERAS MONTEALEGRE": 2.0, "SERGIO FAJARDO VALDERRAMA": 46.0, "SONDRA MACOLLINS GARVIN PINTO": 0.0, "ÓSCAR MAURICIO LIZCANO ARANGO": 1.0, "TOTAL_VOTOS": 1357.0, "GANADOR": "IVÁN CEPEDA CASTRO", "VOTOS_GANADOR": 885.0, "PCT_GANADOR": 65.2 }, "geometry": { "type": "Point", "coordinates": [ -74.0928828, 4.5460791 ] } },
{ "type": "Feature", "properties": { "LOCALIDAD": "Usaquén", "DIRECCION": "CRA 11  # 140 - 20 /CLL 140 # 11 - 20", "SITIO": "Carulla 140", "NOMBRE": "Almacén Carulla CLL 140 - Parqueadero", "ABELARDO DE LA ESPRIELLA": 2883.0, "CARLOS EDUARDO CAICEDO OMAR": 0.0, "CLAUDIA LÓPEZ": 61.0, "GUSTAVO MATAMOROS CAMACHO": 1.0, "IVÁN CEPEDA CASTRO": 562.0, "LUIS GILBERTO MURILLO URRUTIA": 1.0, "MIGUEL URIBE LONDOÑO": 4.0, "PALOMA VALENCIA LASERNA": 711.0, "RAÚL SANTIAGO BOTERO JARAMILLO": 3.0, "ROY LEONARDO BARRERAS MONTEALEGRE": 0.0, "SERGIO FAJARDO VALDERRAMA": 339.0, "SONDRA MACOLLINS GARVIN PINTO": 1.0, "ÓSCAR MAURICIO LIZCANO ARANGO": 2.0, "TOTAL_VOTOS": 4568.0, "GANADOR": "ABELARDO DE LA ESPRIELLA", "VOTOS_GANADOR": 2883.0, "PCT_GANADOR": 63.1 }, "geometry": { "type": "Point", "coordinates": [ -74.03542254, 4.71926086 ] } },
{ "type": "Feature", "properties": { "LOCALIDAD": "San Cristóbal", "DIRECCION": "CRA 3B # 30A - 42 Sur", "SITIO": "El Portal", "NOMBRE": "Colegio Distrital Francisco Javier Matiz Sede B", "ABELARDO DE LA ESPRIELLA": 1032.0, "CARLOS EDUARDO CAICEDO OMAR": 1.0, "CLAUDIA LÓPEZ": 96.0, "GUSTAVO MATAMOROS CAMACHO": 0.0, "IVÁN CEPEDA CASTRO": 2467.0, "LUIS GILBERTO MURILLO URRUTIA": 3.0, "MIGUEL URIBE LONDOÑO": 3.0, "PALOMA VALENCIA LASERNA": 182.0, "RAÚL SANTIAGO BOTERO JARAMILLO": 29.0, "ROY LEONARDO BARRERAS MONTEALEGRE": 0.0, "SERGIO FAJARDO VALDERRAMA": 303.0, "SONDRA MACOLLINS GARVIN PINTO": 2.0, "ÓSCAR MAURICIO LIZCANO ARANGO": 1.0, "TOTAL_VOTOS": 4119.0, "GANADOR": "IVÁN CEPEDA CASTRO", "VOTOS_GANADOR": 2467.0, "PCT_GANADOR": 59.9 }, "geometry": { "type": "Point", "coordinates": [ -74.0949, 4.5658 ] } },
{ "type": "Feature", "properties": { "LOCALIDAD": "Bosa", "DIRECCION": "CRA 68D # 54A - 31 Sur", "SITIO": "Villa del Río II", "NOMBRE": "Gimnasio Santa Rocio", "ABELARDO DE LA ESPRIELLA": 1545.0, "CARLOS EDUARDO CAICEDO OMAR": 0.0, "CLAUDIA LÓPEZ": 93.0, "GUSTAVO MATAMOROS CAMACHO": 0.0, "IVÁN CEPEDA CASTRO": 1851.0, "LUIS GILBERTO MURILLO URRUTIA": 0.0, "MIGUEL URIBE LONDOÑO": 4.0, "PALOMA VALENCIA LASERNA": 291.0, "RAÚL SANTIAGO BOTERO JARAMILLO": 23.0, "ROY LEONARDO BARRERAS MONTEALEGRE": 5.0, "SERGIO FAJARDO VALDERRAMA": 321.0, "SONDRA MACOLLINS GARVIN PINTO": 1.0, "ÓSCAR MAURICIO LIZCANO ARANGO": 6.0, "TOTAL_VOTOS": 4140.0, "GANADOR": "IVÁN CEPEDA CASTRO", "VOTOS_GANADOR": 1851.0, "PCT_GANADOR": 44.7 }, "geometry": { "type": "Point", "coordinates": [ -74.16, 4.6024 ] } },
{ "type": "Feature", "properties": { "LOCALIDAD": "Bosa", "DIRECCION": "CRA 87J # 55 - 06 Sur", "SITIO": "Holanda", "NOMBRE": "Colegio Distrital Brasilia Bosa Sede B", "ABELARDO DE LA ESPRIELLA": 550.0, "CARLOS EDUARDO CAICEDO OMAR": 1.0, "CLAUDIA LÓPEZ": 62.0, "GUSTAVO MATAMOROS CAMACHO": 0.0, "IVÁN CEPEDA CASTRO": 931.0, "LUIS GILBERTO MURILLO URRUTIA": 0.0, "MIGUEL URIBE LONDOÑO": 5.0, "PALOMA VALENCIA LASERNA": 146.0, "RAÚL SANTIAGO BOTERO JARAMILLO": 10.0, "ROY LEONARDO BARRERAS MONTEALEGRE": 1.0, "SERGIO FAJARDO VALDERRAMA": 79.0, "SONDRA MACOLLINS GARVIN PINTO": 0.0, "ÓSCAR MAURICIO LIZCANO ARANGO": 3.0, "TOTAL_VOTOS": 1788.0, "GANADOR": "IVÁN CEPEDA CASTRO", "VOTOS_GANADOR": 931.0, "PCT_GANADOR": 52.1 }, "geometry": { "type": "Point", "coordinates": [ -74.1856, 4.6268 ] } },
{ "type": "Feature", "properties": { "LOCALIDAD": "Bosa", "DIRECCION": "CRA 88I # 54B - 44 Sur", "SITIO": "Portal de Brasil", "NOMBRE": "Colegio Distrital German Arciniegas Sede A", "ABELARDO DE LA ESPRIELLA": 486.0, "CARLOS EDUARDO CAICEDO OMAR": 1.0, "CLAUDIA LÓPEZ": 56.0, "GUSTAVO MATAMOROS CAMACHO": 0.0, "IVÁN CEPEDA CASTRO": 1121.0, "LUIS GILBERTO MURILLO URRUTIA": 0.0, "MIGUEL URIBE LONDOÑO": 3.0, "PALOMA VALENCIA LASERNA": 97.0, "RAÚL SANTIAGO BOTERO JARAMILLO": 19.0, "ROY LEONARDO BARRERAS MONTEALEGRE": 0.0, "SERGIO FAJARDO VALDERRAMA": 103.0, "SONDRA MACOLLINS GARVIN PINTO": 1.0, "ÓSCAR MAURICIO LIZCANO ARANGO": 0.0, "TOTAL_VOTOS": 1887.0, "GANADOR": "IVÁN CEPEDA CASTRO", "VOTOS_GANADOR": 1121.0, "PCT_GANADOR": 59.4 }, "geometry": { "type": "Point", "coordinates": [ -74.1851, 4.6305 ] } },
{ "type": "Feature", "properties": { "LOCALIDAD": "Bosa", "DIRECCION": "CRA 98B # 74 - 68 Sur", "SITIO": "Recreo – Michelsen", "NOMBRE": "Colegio Distrital Alfonso López Michelsen", "ABELARDO DE LA ESPRIELLA": 1607.0, "CARLOS EDUARDO CAICEDO OMAR": 0.0, "CLAUDIA LÓPEZ": 220.0, "GUSTAVO MATAMOROS CAMACHO": 1.0, "IVÁN CEPEDA CASTRO": 5319.0, "LUIS GILBERTO MURILLO URRUTIA": 3.0, "MIGUEL URIBE LONDOÑO": 7.0, "PALOMA VALENCIA LASERNA": 384.0, "RAÚL SANTIAGO BOTERO JARAMILLO": 66.0, "ROY LEONARDO BARRERAS MONTEALEGRE": 3.0, "SERGIO FAJARDO VALDERRAMA": 413.0, "SONDRA MACOLLINS GARVIN PINTO": 2.0, "ÓSCAR MAURICIO LIZCANO ARANGO": 8.0, "TOTAL_VOTOS": 8033.0, "GANADOR": "IVÁN CEPEDA CASTRO", "VOTOS_GANADOR": 5319.0, "PCT_GANADOR": 66.2 }, "geometry": { "type": "Point", "coordinates": [ -74.2066, 4.6314 ] } },
{ "type": "Feature", "properties": { "LOCALIDAD": "Bosa", "DIRECCION": "CRA 77L # 65J - 73 Sur", "SITIO": "CEDID San Pablo", "NOMBRE": "Colegio Distrital CEDID San Pablo Sede A", "ABELARDO DE LA ESPRIELLA": 1719.0, "CARLOS EDUARDO CAICEDO OMAR": 4.0, "CLAUDIA LÓPEZ": 145.0, "GUSTAVO MATAMOROS CAMACHO": 0.0, "IVÁN CEPEDA CASTRO": 4491.0, "LUIS GILBERTO MURILLO URRUTIA": 2.0, "MIGUEL URIBE LONDOÑO": 1.0, "PALOMA VALENCIA LASERNA": 356.0, "RAÚL SANTIAGO BOTERO JARAMILLO": 77.0, "ROY LEONARDO BARRERAS MONTEALEGRE": 3.0, "SERGIO FAJARDO VALDERRAMA": 407.0, "SONDRA MACOLLINS GARVIN PINTO": 1.0, "ÓSCAR MAURICIO LIZCANO ARANGO": 2.0, "TOTAL_VOTOS": 7208.0, "GANADOR": "IVÁN CEPEDA CASTRO", "VOTOS_GANADOR": 4491.0, "PCT_GANADOR": 62.3 }, "geometry": { "type": "Point", "coordinates": [ -74.1876, 4.5998 ] } },
{ "type": "Feature", "properties": { "LOCALIDAD": "Kennedy", "DIRECCION": "CLL 2B # 70 - 22", "SITIO": "Colegio Jean Piaget", "NOMBRE": "Colegio Privado Jean Piaget", "ABELARDO DE LA ESPRIELLA": 806.0, "CARLOS EDUARDO CAICEDO OMAR": 0.0, "CLAUDIA LÓPEZ": 46.0, "GUSTAVO MATAMOROS CAMACHO": 1.0, "IVÁN CEPEDA CASTRO": 631.0, "LUIS GILBERTO MURILLO URRUTIA": 2.0, "MIGUEL URIBE LONDOÑO": 0.0, "PALOMA VALENCIA LASERNA": 137.0, "RAÚL SANTIAGO BOTERO JARAMILLO": 5.0, "ROY LEONARDO BARRERAS MONTEALEGRE": 0.0, "SERGIO FAJARDO VALDERRAMA": 157.0, "SONDRA MACOLLINS GARVIN PINTO": 1.0, "ÓSCAR MAURICIO LIZCANO ARANGO": 3.0, "TOTAL_VOTOS": 1789.0, "GANADOR": "ABELARDO DE LA ESPRIELLA", "VOTOS_GANADOR": 806.0, "PCT_GANADOR": 45.1 }, "geometry": { "type": "Point", "coordinates": [ -74.13168348, 4.62459608 ] } },
{ "type": "Feature", "properties": { "LOCALIDAD": "Kennedy", "DIRECCION": "CRA 79C # 41B - 51 Sur", "SITIO": "Colegio San Pedro Claver Sede A", "NOMBRE": "Colegio Distrital San Pedro Claver Sede A", "ABELARDO DE LA ESPRIELLA": 934.0, "CARLOS EDUARDO CAICEDO OMAR": 1.0, "CLAUDIA LÓPEZ": 51.0, "GUSTAVO MATAMOROS CAMACHO": 0.0, "IVÁN CEPEDA CASTRO": 1628.0, "LUIS GILBERTO MURILLO URRUTIA": 2.0, "MIGUEL URIBE LONDOÑO": 5.0, "PALOMA VALENCIA LASERNA": 200.0, "RAÚL SANTIAGO BOTERO JARAMILLO": 29.0, "ROY LEONARDO BARRERAS MONTEALEGRE": 0.0, "SERGIO FAJARDO VALDERRAMA": 150.0, "SONDRA MACOLLINS GARVIN PINTO": 3.0, "ÓSCAR MAURICIO LIZCANO ARANGO": 2.0, "TOTAL_VOTOS": 3005.0, "GANADOR": "IVÁN CEPEDA CASTRO", "VOTOS_GANADOR": 1628.0, "PCT_GANADOR": 54.2 }, "geometry": { "type": "Point", "coordinates": [ -74.1611, 4.622 ] } },
{ "type": "Feature", "properties": { "LOCALIDAD": "Kennedy", "DIRECCION": "CLL 8A Bis # 94 - 72 / CRA 94 # 8C - 49", "SITIO": "Colegio La Magdalena", "NOMBRE": "Colegio Distrital La Magdalena", "ABELARDO DE LA ESPRIELLA": 1198.0, "CARLOS EDUARDO CAICEDO OMAR": 1.0, "CLAUDIA LÓPEZ": 99.0, "GUSTAVO MATAMOROS CAMACHO": 0.0, "IVÁN CEPEDA CASTRO": 1482.0, "LUIS GILBERTO MURILLO URRUTIA": 1.0, "MIGUEL URIBE LONDOÑO": 5.0, "PALOMA VALENCIA LASERNA": 225.0, "RAÚL SANTIAGO BOTERO JARAMILLO": 23.0, "ROY LEONARDO BARRERAS MONTEALEGRE": 0.0, "SERGIO FAJARDO VALDERRAMA": 236.0, "SONDRA MACOLLINS GARVIN PINTO": 4.0, "ÓSCAR MAURICIO LIZCANO ARANGO": 4.0, "TOTAL_VOTOS": 3278.0, "GANADOR": "IVÁN CEPEDA CASTRO", "VOTOS_GANADOR": 1482.0, "PCT_GANADOR": 45.2 }, "geometry": { "type": "Point", "coordinates": [ -74.1573, 4.6572 ] } },
{ "type": "Feature", "properties": { "LOCALIDAD": "Fontibon", "DIRECCION": "AV CRA 86 # 19A - 50", "SITIO": "Hayuelos - JUMBO", "NOMBRE": "Parqueadero Supermercado JUMBO", "ABELARDO DE LA ESPRIELLA": 4239.0, "CARLOS EDUARDO CAICEDO OMAR": 1.0, "CLAUDIA LÓPEZ": 184.0, "GUSTAVO MATAMOROS CAMACHO": 0.0, "IVÁN CEPEDA CASTRO": 1973.0, "LUIS GILBERTO MURILLO URRUTIA": 4.0, "MIGUEL URIBE LONDOÑO": 6.0, "PALOMA VALENCIA LASERNA": 934.0, "RAÚL SANTIAGO BOTERO JARAMILLO": 16.0, "ROY LEONARDO BARRERAS MONTEALEGRE": 5.0, "SERGIO FAJARDO VALDERRAMA": 823.0, "SONDRA MACOLLINS GARVIN PINTO": 7.0, "ÓSCAR MAURICIO LIZCANO ARANGO": 7.0, "TOTAL_VOTOS": 8199.0, "GANADOR": "ABELARDO DE LA ESPRIELLA", "VOTOS_GANADOR": 4239.0, "PCT_GANADOR": 51.7 }, "geometry": { "type": "Point", "coordinates": [ -74.1323, 4.6628 ] } },
{ "type": "Feature", "properties": { "LOCALIDAD": "Engativá", "DIRECCION": "TRV 113 # 66 - 95", "SITIO": "ALMAZAN - Engativá", "NOMBRE": "Colegio Distrital Tomás Cipriano de Mosquera", "ABELARDO DE LA ESPRIELLA": 2687.0, "CARLOS EDUARDO CAICEDO OMAR": 1.0, "CLAUDIA LÓPEZ": 238.0, "GUSTAVO MATAMOROS CAMACHO": 0.0, "IVÁN CEPEDA CASTRO": 4474.0, "LUIS GILBERTO MURILLO URRUTIA": 8.0, "MIGUEL URIBE LONDOÑO": 10.0, "PALOMA VALENCIA LASERNA": 527.0, "RAÚL SANTIAGO BOTERO JARAMILLO": 74.0, "ROY LEONARDO BARRERAS MONTEALEGRE": 2.0, "SERGIO FAJARDO VALDERRAMA": 552.0, "SONDRA MACOLLINS GARVIN PINTO": 3.0, "ÓSCAR MAURICIO LIZCANO ARANGO": 8.0, "TOTAL_VOTOS": 8584.0, "GANADOR": "IVÁN CEPEDA CASTRO", "VOTOS_GANADOR": 4474.0, "PCT_GANADOR": 52.1 }, "geometry": { "type": "Point", "coordinates": [ -74.1345, 4.7082 ] } },
{ "type": "Feature", "properties": { "LOCALIDAD": "Suba", "DIRECCION": "CLL 134A # 147C - 07", "SITIO": "Colegio Rafael Maya", "NOMBRE": "Colegio Rafael Maya", "ABELARDO DE LA ESPRIELLA": 512.0, "CARLOS EDUARDO CAICEDO OMAR": 1.0, "CLAUDIA LÓPEZ": 34.0, "GUSTAVO MATAMOROS CAMACHO": 1.0, "IVÁN CEPEDA CASTRO": 863.0, "LUIS GILBERTO MURILLO URRUTIA": 2.0, "MIGUEL URIBE LONDOÑO": 3.0, "PALOMA VALENCIA LASERNA": 96.0, "RAÚL SANTIAGO BOTERO JARAMILLO": 11.0, "ROY LEONARDO BARRERAS MONTEALEGRE": 1.0, "SERGIO FAJARDO VALDERRAMA": 90.0, "SONDRA MACOLLINS GARVIN PINTO": 1.0, "ÓSCAR MAURICIO LIZCANO ARANGO": 4.0, "TOTAL_VOTOS": 1619.0, "GANADOR": "IVÁN CEPEDA CASTRO", "VOTOS_GANADOR": 863.0, "PCT_GANADOR": 53.3 }, "geometry": { "type": "Point", "coordinates": [ -74.11884997, 4.74522142 ] } },
{ "type": "Feature", "properties": { "LOCALIDAD": "Suba", "DIRECCION": "CRA 158B # 131A - 45", "SITIO": "Salón Comunal Santa Cecilia", "NOMBRE": "Salón Comunal Santa Cecilia", "ABELARDO DE LA ESPRIELLA": 588.0, "CARLOS EDUARDO CAICEDO OMAR": 1.0, "CLAUDIA LÓPEZ": 62.0, "GUSTAVO MATAMOROS CAMACHO": 0.0, "IVÁN CEPEDA CASTRO": 1275.0, "LUIS GILBERTO MURILLO URRUTIA": 1.0, "MIGUEL URIBE LONDOÑO": 1.0, "PALOMA VALENCIA LASERNA": 130.0, "RAÚL SANTIAGO BOTERO JARAMILLO": 25.0, "ROY LEONARDO BARRERAS MONTEALEGRE": 0.0, "SERGIO FAJARDO VALDERRAMA": 95.0, "SONDRA MACOLLINS GARVIN PINTO": 2.0, "ÓSCAR MAURICIO LIZCANO ARANGO": 4.0, "TOTAL_VOTOS": 2184.0, "GANADOR": "IVÁN CEPEDA CASTRO", "VOTOS_GANADOR": 1275.0, "PCT_GANADOR": 58.4 }, "geometry": { "type": "Point", "coordinates": [ -74.1282, 4.7397 ] } },
{ "type": "Feature", "properties": { "LOCALIDAD": "Suba", "DIRECCION": "CLL 136A # 152A -77", "SITIO": "Instituto San Basilio", "NOMBRE": "Instituto San Basilio", "ABELARDO DE LA ESPRIELLA": 449.0, "CARLOS EDUARDO CAICEDO OMAR": 0.0, "CLAUDIA LÓPEZ": 35.0, "GUSTAVO MATAMOROS CAMACHO": 0.0, "IVÁN CEPEDA CASTRO": 728.0, "LUIS GILBERTO MURILLO URRUTIA": 0.0, "MIGUEL URIBE LONDOÑO": 2.0, "PALOMA VALENCIA LASERNA": 67.0, "RAÚL SANTIAGO BOTERO JARAMILLO": 12.0, "ROY LEONARDO BARRERAS MONTEALEGRE": 0.0, "SERGIO FAJARDO VALDERRAMA": 51.0, "SONDRA MACOLLINS GARVIN PINTO": 2.0, "ÓSCAR MAURICIO LIZCANO ARANGO": 1.0, "TOTAL_VOTOS": 1347.0, "GANADOR": "IVÁN CEPEDA CASTRO", "VOTOS_GANADOR": 728.0, "PCT_GANADOR": 54.0 }, "geometry": { "type": "Point", "coordinates": [ -74.12456902, 4.74389645 ] } },
{ "type": "Feature", "properties": { "LOCALIDAD": "Teusaquillo", "DIRECCION": "CRA 66 # 24 - 09", "SITIO": "Imprenta Nacional", "NOMBRE": "Imprenta Nacional", "ABELARDO DE LA ESPRIELLA": 2676.0, "CARLOS EDUARDO CAICEDO OMAR": 0.0, "CLAUDIA LÓPEZ": 124.0, "GUSTAVO MATAMOROS CAMACHO": 0.0, "IVÁN CEPEDA CASTRO": 1057.0, "LUIS GILBERTO MURILLO URRUTIA": 0.0, "MIGUEL URIBE LONDOÑO": 3.0, "PALOMA VALENCIA LASERNA": 806.0, "RAÚL SANTIAGO BOTERO JARAMILLO": 15.0, "ROY LEONARDO BARRERAS MONTEALEGRE": 1.0, "SERGIO FAJARDO VALDERRAMA": 529.0, "SONDRA MACOLLINS GARVIN PINTO": 0.0, "ÓSCAR MAURICIO LIZCANO ARANGO": 3.0, "TOTAL_VOTOS": 5214.0, "GANADOR": "ABELARDO DE LA ESPRIELLA", "VOTOS_GANADOR": 2676.0, "PCT_GANADOR": 51.3 }, "geometry": { "type": "Point", "coordinates": [ -74.1054, 4.649 ] } },
{ "type": "Feature", "properties": { "LOCALIDAD": "Mártires", "DIRECCION": "CRA 26 # 07 - 61", "SITIO": "Antonio Ricaurte", "NOMBRE": "Colegio Distrital Antonio Ricaurte - Sede A", "ABELARDO DE LA ESPRIELLA": 396.0, "CARLOS EDUARDO CAICEDO OMAR": 0.0, "CLAUDIA LÓPEZ": 12.0, "GUSTAVO MATAMOROS CAMACHO": 0.0, "IVÁN CEPEDA CASTRO": 431.0, "LUIS GILBERTO MURILLO URRUTIA": 1.0, "MIGUEL URIBE LONDOÑO": 0.0, "PALOMA VALENCIA LASERNA": 52.0, "RAÚL SANTIAGO BOTERO JARAMILLO": 8.0, "ROY LEONARDO BARRERAS MONTEALEGRE": 0.0, "SERGIO FAJARDO VALDERRAMA": 83.0, "SONDRA MACOLLINS GARVIN PINTO": 0.0, "ÓSCAR MAURICIO LIZCANO ARANGO": 1.0, "TOTAL_VOTOS": 984.0, "GANADOR": "IVÁN CEPEDA CASTRO", "VOTOS_GANADOR": 431.0, "PCT_GANADOR": 43.8 }, "geometry": { "type": "Point", "coordinates": [ -74.09318331, 4.60549168 ] } },
{ "type": "Feature", "properties": { "LOCALIDAD": "Mártires", "DIRECCION": "CRA 19 A # 1 C -56 / CRA 19 A # 1 C -64 /CRA 19 A # 1 C - 19", "SITIO": "Colegio Distrital Técnico Menorah", "NOMBRE": "Colegio Distrital Técnico Menorah", "ABELARDO DE LA ESPRIELLA": 742.0, "CARLOS EDUARDO CAICEDO OMAR": 0.0, "CLAUDIA LÓPEZ": 42.0, "GUSTAVO MATAMOROS CAMACHO": 0.0, "IVÁN CEPEDA CASTRO": 820.0, "LUIS GILBERTO MURILLO URRUTIA": 0.0, "MIGUEL URIBE LONDOÑO": 1.0, "PALOMA VALENCIA LASERNA": 141.0, "RAÚL SANTIAGO BOTERO JARAMILLO": 19.0, "ROY LEONARDO BARRERAS MONTEALEGRE": 0.0, "SERGIO FAJARDO VALDERRAMA": 126.0, "SONDRA MACOLLINS GARVIN PINTO": 1.0, "ÓSCAR MAURICIO LIZCANO ARANGO": 2.0, "TOTAL_VOTOS": 1894.0, "GANADOR": "IVÁN CEPEDA CASTRO", "VOTOS_GANADOR": 820.0, "PCT_GANADOR": 43.3 }, "geometry": { "type": "Point", "coordinates": [ -74.09278724, 4.59398292 ] } },
{ "type": "Feature", "properties": { "LOCALIDAD": "Antonio Nariño", "DIRECCION": "CRA 18A # 4 - 81 Sur / CLL 6 Sur #18A - 04", "SITIO": "Salón Comunal San Antonio", "NOMBRE": "Salón Comunal San Antonio", "ABELARDO DE LA ESPRIELLA": 235.0, "CARLOS EDUARDO CAICEDO OMAR": 0.0, "CLAUDIA LÓPEZ": 12.0, "GUSTAVO MATAMOROS CAMACHO": 0.0, "IVÁN CEPEDA CASTRO": 249.0, "LUIS GILBERTO MURILLO URRUTIA": 0.0, "MIGUEL URIBE LONDOÑO": 0.0, "PALOMA VALENCIA LASERNA": 37.0, "RAÚL SANTIAGO BOTERO JARAMILLO": 3.0, "ROY LEONARDO BARRERAS MONTEALEGRE": 0.0, "SERGIO FAJARDO VALDERRAMA": 40.0, "SONDRA MACOLLINS GARVIN PINTO": 1.0, "ÓSCAR MAURICIO LIZCANO ARANGO": 2.0, "TOTAL_VOTOS": 579.0, "GANADOR": "IVÁN CEPEDA CASTRO", "VOTOS_GANADOR": 249.0, "PCT_GANADOR": 43.0 }, "geometry": { "type": "Point", "coordinates": [ -74.09567294, 4.59087638 ] } },
{ "type": "Feature", "properties": { "LOCALIDAD": "Puente Aranda", "DIRECCION": "CLL 4 A # 51 A - 90", "SITIO": "Colonia Oriental", "NOMBRE": "Salón Comunal Colonia Oriental", "ABELARDO DE LA ESPRIELLA": 751.0, "CARLOS EDUARDO CAICEDO OMAR": 2.0, "CLAUDIA LÓPEZ": 31.0, "GUSTAVO MATAMOROS CAMACHO": 0.0, "IVÁN CEPEDA CASTRO": 675.0, "LUIS GILBERTO MURILLO URRUTIA": 1.0, "MIGUEL URIBE LONDOÑO": 1.0, "PALOMA VALENCIA LASERNA": 163.0, "RAÚL SANTIAGO BOTERO JARAMILLO": 9.0, "ROY LEONARDO BARRERAS MONTEALEGRE": 1.0, "SERGIO FAJARDO VALDERRAMA": 129.0, "SONDRA MACOLLINS GARVIN PINTO": 1.0, "ÓSCAR MAURICIO LIZCANO ARANGO": 5.0, "TOTAL_VOTOS": 1769.0, "GANADOR": "ABELARDO DE LA ESPRIELLA", "VOTOS_GANADOR": 751.0, "PCT_GANADOR": 42.5 }, "geometry": { "type": "Point", "coordinates": [ -74.1149, 4.6183 ] } },
{ "type": "Feature", "properties": { "LOCALIDAD": "Puente Aranda", "DIRECCION": "CRA 58 # 4 B - 31", "SITIO": "Salón Comunal La Trinidad", "NOMBRE": "Salón Comunal La Trinidad", "ABELARDO DE LA ESPRIELLA": 541.0, "CARLOS EDUARDO CAICEDO OMAR": 1.0, "CLAUDIA LÓPEZ": 36.0, "GUSTAVO MATAMOROS CAMACHO": 0.0, "IVÁN CEPEDA CASTRO": 528.0, "LUIS GILBERTO MURILLO URRUTIA": 0.0, "MIGUEL URIBE LONDOÑO": 0.0, "PALOMA VALENCIA LASERNA": 121.0, "RAÚL SANTIAGO BOTERO JARAMILLO": 6.0, "ROY LEONARDO BARRERAS MONTEALEGRE": 0.0, "SERGIO FAJARDO VALDERRAMA": 84.0, "SONDRA MACOLLINS GARVIN PINTO": 0.0, "ÓSCAR MAURICIO LIZCANO ARANGO": 3.0, "TOTAL_VOTOS": 1320.0, "GANADOR": "ABELARDO DE LA ESPRIELLA", "VOTOS_GANADOR": 541.0, "PCT_GANADOR": 41.0 }, "geometry": { "type": "Point", "coordinates": [ -74.11877986, 4.62304051 ] } },
{ "type": "Feature", "properties": { "LOCALIDAD": "Puente Aranda", "DIRECCION": "CRA 41B # 5 - 57", "SITIO": "Primavera y Gorgonzola", "NOMBRE": "Salón Comunal Primavera y Gorgonzola", "ABELARDO DE LA ESPRIELLA": 787.0, "CARLOS EDUARDO CAICEDO OMAR": 0.0, "CLAUDIA LÓPEZ": 42.0, "GUSTAVO MATAMOROS CAMACHO": 1.0, "IVÁN CEPEDA CASTRO": 869.0, "LUIS GILBERTO MURILLO URRUTIA": 4.0, "MIGUEL URIBE LONDOÑO": 1.0, "PALOMA VALENCIA LASERNA": 146.0, "RAÚL SANTIAGO BOTERO JARAMILLO": 8.0, "ROY LEONARDO BARRERAS MONTEALEGRE": 1.0, "SERGIO FAJARDO VALDERRAMA": 174.0, "SONDRA MACOLLINS GARVIN PINTO": 1.0, "ÓSCAR MAURICIO LIZCANO ARANGO": 3.0, "TOTAL_VOTOS": 2037.0, "GANADOR": "IVÁN CEPEDA CASTRO", "VOTOS_GANADOR": 869.0, "PCT_GANADOR": 42.7 }, "geometry": { "type": "Point", "coordinates": [ -74.1077, 4.6163 ] } },
{ "type": "Feature", "properties": { "LOCALIDAD": "Candelaria", "DIRECCION": "CRA 8 # 12 A - 14 / CRA 7 # 12 A - 37", "SITIO": "Murillo Toro", "NOMBRE": "Ministerio de las Tecnologías de la Información", "ABELARDO DE LA ESPRIELLA": 976.0, "CARLOS EDUARDO CAICEDO OMAR": 2.0, "CLAUDIA LÓPEZ": 49.0, "GUSTAVO MATAMOROS CAMACHO": 0.0, "IVÁN CEPEDA CASTRO": 1548.0, "LUIS GILBERTO MURILLO URRUTIA": 3.0, "MIGUEL URIBE LONDOÑO": 11.0, "PALOMA VALENCIA LASERNA": 232.0, "RAÚL SANTIAGO BOTERO JARAMILLO": 12.0, "ROY LEONARDO BARRERAS MONTEALEGRE": 5.0, "SERGIO FAJARDO VALDERRAMA": 151.0, "SONDRA MACOLLINS GARVIN PINTO": 1.0, "ÓSCAR MAURICIO LIZCANO ARANGO": 5.0, "TOTAL_VOTOS": 2995.0, "GANADOR": "IVÁN CEPEDA CASTRO", "VOTOS_GANADOR": 1548.0, "PCT_GANADOR": 51.7 }, "geometry": { "type": "Point", "coordinates": [ -74.075, 4.6001 ] } },
{ "type": "Feature", "properties": { "LOCALIDAD": "Rafael Uribe Uribe", "DIRECCION": "CLL 41 Sur # 31 - 81 / CLL 41 Bis Sur # 31 - 46", "SITIO": "Rafael Delgado Sede C", "NOMBRE": "Colegio Distrital Rafael Delgado Salguero - Sede C", "ABELARDO DE LA ESPRIELLA": 279.0, "CARLOS EDUARDO CAICEDO OMAR": 0.0, "CLAUDIA LÓPEZ": 12.0, "GUSTAVO MATAMOROS CAMACHO": 0.0, "IVÁN CEPEDA CASTRO": 356.0, "LUIS GILBERTO MURILLO URRUTIA": 1.0, "MIGUEL URIBE LONDOÑO": 0.0, "PALOMA VALENCIA LASERNA": 51.0, "RAÚL SANTIAGO BOTERO JARAMILLO": 10.0, "ROY LEONARDO BARRERAS MONTEALEGRE": 0.0, "SERGIO FAJARDO VALDERRAMA": 52.0, "SONDRA MACOLLINS GARVIN PINTO": 1.0, "ÓSCAR MAURICIO LIZCANO ARANGO": 1.0, "TOTAL_VOTOS": 763.0, "GANADOR": "IVÁN CEPEDA CASTRO", "VOTOS_GANADOR": 356.0, "PCT_GANADOR": 46.7 }, "geometry": { "type": "Point", "coordinates": [ -74.1252, 4.5871 ] } },
{ "type": "Feature", "properties": { "LOCALIDAD": "Rafael Uribe Uribe", "DIRECCION": "DIAG 54 Sur # 3F - 17", "SITIO": "Salón Comunal La Paz Naranjos", "NOMBRE": "Salón Comunal La Paz Naranjos", "ABELARDO DE LA ESPRIELLA": 152.0, "CARLOS EDUARDO CAICEDO OMAR": 0.0, "CLAUDIA LÓPEZ": 20.0, "GUSTAVO MATAMOROS CAMACHO": 0.0, "IVÁN CEPEDA CASTRO": 432.0, "LUIS GILBERTO MURILLO URRUTIA": 0.0, "MIGUEL URIBE LONDOÑO": 0.0, "PALOMA VALENCIA LASERNA": 28.0, "RAÚL SANTIAGO BOTERO JARAMILLO": 11.0, "ROY LEONARDO BARRERAS MONTEALEGRE": 1.0, "SERGIO FAJARDO VALDERRAMA": 18.0, "SONDRA MACOLLINS GARVIN PINTO": 0.0, "ÓSCAR MAURICIO LIZCANO ARANGO": 0.0, "TOTAL_VOTOS": 662.0, "GANADOR": "IVÁN CEPEDA CASTRO", "VOTOS_GANADOR": 432.0, "PCT_GANADOR": 65.3 }, "geometry": { "type": "Point", "coordinates": [ -74.11372139, 4.54136446 ] } },
{ "type": "Feature", "properties": { "LOCALIDAD": "Usaquén", "DIRECCION": "CLL 186 # 7 - 52", "SITIO": "Colegio San Francisco CLL 186", "NOMBRE": "Colegio San Francisco de Asis", "ABELARDO DE LA ESPRIELLA": 1342.0, "CARLOS EDUARDO CAICEDO OMAR": 0.0, "CLAUDIA LÓPEZ": 76.0, "GUSTAVO MATAMOROS CAMACHO": 0.0, "IVÁN CEPEDA CASTRO": 1619.0, "LUIS GILBERTO MURILLO URRUTIA": 0.0, "MIGUEL URIBE LONDOÑO": 2.0, "PALOMA VALENCIA LASERNA": 323.0, "RAÚL SANTIAGO BOTERO JARAMILLO": 17.0, "ROY LEONARDO BARRERAS MONTEALEGRE": 0.0, "SERGIO FAJARDO VALDERRAMA": 375.0, "SONDRA MACOLLINS GARVIN PINTO": 2.0, "ÓSCAR MAURICIO LIZCANO ARANGO": 2.0, "TOTAL_VOTOS": 3758.0, "GANADOR": "IVÁN CEPEDA CASTRO", "VOTOS_GANADOR": 1619.0, "PCT_GANADOR": 43.1 }, "geometry": { "type": "Point", "coordinates": [ -74.02816667, 4.76286594 ] } },
{ "type": "Feature", "properties": { "LOCALIDAD": "Usaquén", "DIRECCION": "CLL 104 # 17 - 22entrada por la CLL 105 con CRA 17", "SITIO": "Colegio Buen Consejo", "NOMBRE": "Colegio Buen Consejo", "ABELARDO DE LA ESPRIELLA": 3688.0, "CARLOS EDUARDO CAICEDO OMAR": 0.0, "CLAUDIA LÓPEZ": 73.0, "GUSTAVO MATAMOROS CAMACHO": 0.0, "IVÁN CEPEDA CASTRO": 495.0, "LUIS GILBERTO MURILLO URRUTIA": 2.0, "MIGUEL URIBE LONDOÑO": 1.0, "PALOMA VALENCIA LASERNA": 1537.0, "RAÚL SANTIAGO BOTERO JARAMILLO": 3.0, "ROY LEONARDO BARRERAS MONTEALEGRE": 1.0, "SERGIO FAJARDO VALDERRAMA": 536.0, "SONDRA MACOLLINS GARVIN PINTO": 0.0, "ÓSCAR MAURICIO LIZCANO ARANGO": 1.0, "TOTAL_VOTOS": 6337.0, "GANADOR": "ABELARDO DE LA ESPRIELLA", "VOTOS_GANADOR": 3688.0, "PCT_GANADOR": 58.2 }, "geometry": { "type": "Point", "coordinates": [ -74.04904849, 4.68997384 ] } },
{ "type": "Feature", "properties": { "LOCALIDAD": "Usaquén", "DIRECCION": "CRA 11 con CLL 101 Esquina", "SITIO": "Universidad Militar", "NOMBRE": "Vía Pública Universidad Militar", "ABELARDO DE LA ESPRIELLA": 2942.0, "CARLOS EDUARDO CAICEDO OMAR": 0.0, "CLAUDIA LÓPEZ": 50.0, "GUSTAVO MATAMOROS CAMACHO": 2.0, "IVÁN CEPEDA CASTRO": 551.0, "LUIS GILBERTO MURILLO URRUTIA": 3.0, "MIGUEL URIBE LONDOÑO": 4.0, "PALOMA VALENCIA LASERNA": 975.0, "RAÚL SANTIAGO BOTERO JARAMILLO": 4.0, "ROY LEONARDO BARRERAS MONTEALEGRE": 3.0, "SERGIO FAJARDO VALDERRAMA": 535.0, "SONDRA MACOLLINS GARVIN PINTO": 3.0, "ÓSCAR MAURICIO LIZCANO ARANGO": 1.0, "TOTAL_VOTOS": 5073.0, "GANADOR": "ABELARDO DE LA ESPRIELLA", "VOTOS_GANADOR": 2942.0, "PCT_GANADOR": 58.0 }, "geometry": { "type": "Point", "coordinates": [ -74.04260519, 4.68369768 ] } },
{ "type": "Feature", "properties": { "LOCALIDAD": "Usaquén", "DIRECCION": "CRA 26 # 187 B - 37 /CLL 187C # 4A - 30 /CRA 4 # 187 D - 09", "SITIO": "Colegio La Estrellita", "NOMBRE": "Colegio La Estrellita (antes Don Bosco III)", "ABELARDO DE LA ESPRIELLA": 826.0, "CARLOS EDUARDO CAICEDO OMAR": 0.0, "CLAUDIA LÓPEZ": 68.0, "GUSTAVO MATAMOROS CAMACHO": 1.0, "IVÁN CEPEDA CASTRO": 1547.0, "LUIS GILBERTO MURILLO URRUTIA": 2.0, "MIGUEL URIBE LONDOÑO": 2.0, "PALOMA VALENCIA LASERNA": 142.0, "RAÚL SANTIAGO BOTERO JARAMILLO": 20.0, "ROY LEONARDO BARRERAS MONTEALEGRE": 1.0, "SERGIO FAJARDO VALDERRAMA": 144.0, "SONDRA MACOLLINS GARVIN PINTO": 1.0, "ÓSCAR MAURICIO LIZCANO ARANGO": 3.0, "TOTAL_VOTOS": 2757.0, "GANADOR": "IVÁN CEPEDA CASTRO", "VOTOS_GANADOR": 1547.0, "PCT_GANADOR": 56.1 }, "geometry": { "type": "Point", "coordinates": [ -74.02449416, 4.764576 ] } },
{ "type": "Feature", "properties": { "LOCALIDAD": "Usaquén", "DIRECCION": "CLL 175 # 20 A - 26Entrada por detrás del CC PANAMA", "SITIO": "Colegio Esclavas del Sagrado Corazón", "NOMBRE": "Colegio Esclavas del Sagrado Corazón", "ABELARDO DE LA ESPRIELLA": 1830.0, "CARLOS EDUARDO CAICEDO OMAR": 0.0, "CLAUDIA LÓPEZ": 85.0, "GUSTAVO MATAMOROS CAMACHO": 0.0, "IVÁN CEPEDA CASTRO": 894.0, "LUIS GILBERTO MURILLO URRUTIA": 0.0, "MIGUEL URIBE LONDOÑO": 1.0, "PALOMA VALENCIA LASERNA": 457.0, "RAÚL SANTIAGO BOTERO JARAMILLO": 8.0, "ROY LEONARDO BARRERAS MONTEALEGRE": 1.0, "SERGIO FAJARDO VALDERRAMA": 445.0, "SONDRA MACOLLINS GARVIN PINTO": 3.0, "ÓSCAR MAURICIO LIZCANO ARANGO": 5.0, "TOTAL_VOTOS": 3729.0, "GANADOR": "ABELARDO DE LA ESPRIELLA", "VOTOS_GANADOR": 1830.0, "PCT_GANADOR": 49.1 }, "geometry": { "type": "Point", "coordinates": [ -74.04309304, 4.75565632 ] } },
{ "type": "Feature", "properties": { "LOCALIDAD": "Usaquén", "DIRECCION": "CLL 127 B Bis # 21 - 02", "SITIO": "Colegio Cardenal Sancha", "NOMBRE": "Colegio Cardenal Sancha", "ABELARDO DE LA ESPRIELLA": 2103.0, "CARLOS EDUARDO CAICEDO OMAR": 0.0, "CLAUDIA LÓPEZ": 34.0, "GUSTAVO MATAMOROS CAMACHO": 0.0, "IVÁN CEPEDA CASTRO": 318.0, "LUIS GILBERTO MURILLO URRUTIA": 1.0, "MIGUEL URIBE LONDOÑO": 0.0, "PALOMA VALENCIA LASERNA": 697.0, "RAÚL SANTIAGO BOTERO JARAMILLO": 0.0, "ROY LEONARDO BARRERAS MONTEALEGRE": 2.0, "SERGIO FAJARDO VALDERRAMA": 314.0, "SONDRA MACOLLINS GARVIN PINTO": 4.0, "ÓSCAR MAURICIO LIZCANO ARANGO": 2.0, "TOTAL_VOTOS": 3475.0, "GANADOR": "ABELARDO DE LA ESPRIELLA", "VOTOS_GANADOR": 2103.0, "PCT_GANADOR": 60.5 }, "geometry": { "type": "Point", "coordinates": [ -74.05093979, 4.709756 ] } },
{ "type": "Feature", "properties": { "LOCALIDAD": "Usaquén", "DIRECCION": "CLL 128 B # 20 - 80", "SITIO": "Colegio Campestre San José", "NOMBRE": "Colegio Campestre San José", "ABELARDO DE LA ESPRIELLA": 4269.0, "CARLOS EDUARDO CAICEDO OMAR": 0.0, "CLAUDIA LÓPEZ": 94.0, "GUSTAVO MATAMOROS CAMACHO": 0.0, "IVÁN CEPEDA CASTRO": 887.0, "LUIS GILBERTO MURILLO URRUTIA": 2.0, "MIGUEL URIBE LONDOÑO": 2.0, "PALOMA VALENCIA LASERNA": 1466.0, "RAÚL SANTIAGO BOTERO JARAMILLO": 5.0, "ROY LEONARDO BARRERAS MONTEALEGRE": 1.0, "SERGIO FAJARDO VALDERRAMA": 724.0, "SONDRA MACOLLINS GARVIN PINTO": 3.0, "ÓSCAR MAURICIO LIZCANO ARANGO": 1.0, "TOTAL_VOTOS": 7454.0, "GANADOR": "ABELARDO DE LA ESPRIELLA", "VOTOS_GANADOR": 4269.0, "PCT_GANADOR": 57.3 }, "geometry": { "type": "Point", "coordinates": [ -74.04955778, 4.71320782 ] } },
{ "type": "Feature", "properties": { "LOCALIDAD": "Usaquén", "DIRECCION": "CLL 145 # 11 - 40", "SITIO": "Colegio PROVINMA", "NOMBRE": "Colegio PROVINMA", "ABELARDO DE LA ESPRIELLA": 2614.0, "CARLOS EDUARDO CAICEDO OMAR": 0.0, "CLAUDIA LÓPEZ": 91.0, "GUSTAVO MATAMOROS CAMACHO": 0.0, "IVÁN CEPEDA CASTRO": 781.0, "LUIS GILBERTO MURILLO URRUTIA": 1.0, "MIGUEL URIBE LONDOÑO": 3.0, "PALOMA VALENCIA LASERNA": 776.0, "RAÚL SANTIAGO BOTERO JARAMILLO": 2.0, "ROY LEONARDO BARRERAS MONTEALEGRE": 0.0, "SERGIO FAJARDO VALDERRAMA": 534.0, "SONDRA MACOLLINS GARVIN PINTO": 1.0, "ÓSCAR MAURICIO LIZCANO ARANGO": 3.0, "TOTAL_VOTOS": 4806.0, "GANADOR": "ABELARDO DE LA ESPRIELLA", "VOTOS_GANADOR": 2614.0, "PCT_GANADOR": 54.4 }, "geometry": { "type": "Point", "coordinates": [ -74.03497695, 4.72377454 ] } },
{ "type": "Feature", "properties": { "LOCALIDAD": "Usaquén", "DIRECCION": "CLL 170 #17A- 32", "SITIO": "Colegio Eucarístico Guadalupe", "NOMBRE": "Colegio Eucarístico Guadalupe", "ABELARDO DE LA ESPRIELLA": 1417.0, "CARLOS EDUARDO CAICEDO OMAR": 1.0, "CLAUDIA LÓPEZ": 59.0, "GUSTAVO MATAMOROS CAMACHO": 0.0, "IVÁN CEPEDA CASTRO": 746.0, "LUIS GILBERTO MURILLO URRUTIA": 1.0, "MIGUEL URIBE LONDOÑO": 1.0, "PALOMA VALENCIA LASERNA": 348.0, "RAÚL SANTIAGO BOTERO JARAMILLO": 4.0, "ROY LEONARDO BARRERAS MONTEALEGRE": 0.0, "SERGIO FAJARDO VALDERRAMA": 288.0, "SONDRA MACOLLINS GARVIN PINTO": 2.0, "ÓSCAR MAURICIO LIZCANO ARANGO": 5.0, "TOTAL_VOTOS": 2872.0, "GANADOR": "ABELARDO DE LA ESPRIELLA", "VOTOS_GANADOR": 1417.0, "PCT_GANADOR": 49.3 }, "geometry": { "type": "Point", "coordinates": [ -74.04120595, 4.75028214 ] } },
{ "type": "Feature", "properties": { "LOCALIDAD": "Puente Aranda", "DIRECCION": "CRA 41 B # 4 C – 27", "SITIO": "La Primavera", "NOMBRE": "Colegio Distrital El Jazmín - Sede B", "ABELARDO DE LA ESPRIELLA": 2371.0, "CARLOS EDUARDO CAICEDO OMAR": 1.0, "CLAUDIA LÓPEZ": 130.0, "GUSTAVO MATAMOROS CAMACHO": 1.0, "IVÁN CEPEDA CASTRO": 1751.0, "LUIS GILBERTO MURILLO URRUTIA": 1.0, "MIGUEL URIBE LONDOÑO": 4.0, "PALOMA VALENCIA LASERNA": 512.0, "RAÚL SANTIAGO BOTERO JARAMILLO": 20.0, "ROY LEONARDO BARRERAS MONTEALEGRE": 4.0, "SERGIO FAJARDO VALDERRAMA": 279.0, "SONDRA MACOLLINS GARVIN PINTO": 4.0, "ÓSCAR MAURICIO LIZCANO ARANGO": 12.0, "TOTAL_VOTOS": 5090.0, "GANADOR": "ABELARDO DE LA ESPRIELLA", "VOTOS_GANADOR": 2371.0, "PCT_GANADOR": 46.6 }, "geometry": { "type": "Point", "coordinates": [ -74.10939313, 4.61551868 ] } },
{ "type": "Feature", "properties": { "LOCALIDAD": "Puente Aranda", "DIRECCION": "CLL 19 C # 33 - 30", "SITIO": "Cundinamarca", "NOMBRE": "Colegio Distrital España - Sede B", "ABELARDO DE LA ESPRIELLA": 461.0, "CARLOS EDUARDO CAICEDO OMAR": 0.0, "CLAUDIA LÓPEZ": 34.0, "GUSTAVO MATAMOROS CAMACHO": 0.0, "IVÁN CEPEDA CASTRO": 621.0, "LUIS GILBERTO MURILLO URRUTIA": 1.0, "MIGUEL URIBE LONDOÑO": 2.0, "PALOMA VALENCIA LASERNA": 116.0, "RAÚL SANTIAGO BOTERO JARAMILLO": 7.0, "ROY LEONARDO BARRERAS MONTEALEGRE": 1.0, "SERGIO FAJARDO VALDERRAMA": 48.0, "SONDRA MACOLLINS GARVIN PINTO": 1.0, "ÓSCAR MAURICIO LIZCANO ARANGO": 1.0, "TOTAL_VOTOS": 1293.0, "GANADOR": "IVÁN CEPEDA CASTRO", "VOTOS_GANADOR": 621.0, "PCT_GANADOR": 48.0 }, "geometry": { "type": "Point", "coordinates": [ -74.08933232, 4.62268993 ] } },
{ "type": "Feature", "properties": { "LOCALIDAD": "Puente Aranda", "DIRECCION": "DIAG 5 F Bis A # 43 B - 02", "SITIO": "La Francia", "NOMBRE": "Salón Comunal La Francia", "ABELARDO DE LA ESPRIELLA": 1029.0, "CARLOS EDUARDO CAICEDO OMAR": 0.0, "CLAUDIA LÓPEZ": 62.0, "GUSTAVO MATAMOROS CAMACHO": 2.0, "IVÁN CEPEDA CASTRO": 794.0, "LUIS GILBERTO MURILLO URRUTIA": 2.0, "MIGUEL URIBE LONDOÑO": 1.0, "PALOMA VALENCIA LASERNA": 257.0, "RAÚL SANTIAGO BOTERO JARAMILLO": 4.0, "ROY LEONARDO BARRERAS MONTEALEGRE": 0.0, "SERGIO FAJARDO VALDERRAMA": 140.0, "SONDRA MACOLLINS GARVIN PINTO": 0.0, "ÓSCAR MAURICIO LIZCANO ARANGO": 4.0, "TOTAL_VOTOS": 2295.0, "GANADOR": "ABELARDO DE LA ESPRIELLA", "VOTOS_GANADOR": 1029.0, "PCT_GANADOR": 44.8 }, "geometry": { "type": "Point", "coordinates": [ -74.10746026, 4.62019992 ] } },
{ "type": "Feature", "properties": { "LOCALIDAD": "Puente Aranda", "DIRECCION": "CRA 56 # 15 - 41", "SITIO": "Puente Aranda", "NOMBRE": "Colegio Distrital José Joaquín Casas - Sede A", "ABELARDO DE LA ESPRIELLA": 836.0, "CARLOS EDUARDO CAICEDO OMAR": 1.0, "CLAUDIA LÓPEZ": 47.0, "GUSTAVO MATAMOROS CAMACHO": 1.0, "IVÁN CEPEDA CASTRO": 665.0, "LUIS GILBERTO MURILLO URRUTIA": 1.0, "MIGUEL URIBE LONDOÑO": 3.0, "PALOMA VALENCIA LASERNA": 123.0, "RAÚL SANTIAGO BOTERO JARAMILLO": 14.0, "ROY LEONARDO BARRERAS MONTEALEGRE": 1.0, "SERGIO FAJARDO VALDERRAMA": 88.0, "SONDRA MACOLLINS GARVIN PINTO": 1.0, "ÓSCAR MAURICIO LIZCANO ARANGO": 1.0, "TOTAL_VOTOS": 1782.0, "GANADOR": "ABELARDO DE LA ESPRIELLA", "VOTOS_GANADOR": 836.0, "PCT_GANADOR": 46.9 }, "geometry": { "type": "Point", "coordinates": [ -74.1088856, 4.63202655 ] } },
{ "type": "Feature", "properties": { "LOCALIDAD": "Puente Aranda", "DIRECCION": "CLL 11 # 65 B - 10", "SITIO": "Salazar Gómez", "NOMBRE": "Colegio Distrital Francisco José de Sucre", "ABELARDO DE LA ESPRIELLA": 1075.0, "CARLOS EDUARDO CAICEDO OMAR": 0.0, "CLAUDIA LÓPEZ": 38.0, "GUSTAVO MATAMOROS CAMACHO": 0.0, "IVÁN CEPEDA CASTRO": 834.0, "LUIS GILBERTO MURILLO URRUTIA": 2.0, "MIGUEL URIBE LONDOÑO": 1.0, "PALOMA VALENCIA LASERNA": 148.0, "RAÚL SANTIAGO BOTERO JARAMILLO": 5.0, "ROY LEONARDO BARRERAS MONTEALEGRE": 0.0, "SERGIO FAJARDO VALDERRAMA": 126.0, "SONDRA MACOLLINS GARVIN PINTO": 1.0, "ÓSCAR MAURICIO LIZCANO ARANGO": 4.0, "TOTAL_VOTOS": 2234.0, "GANADOR": "ABELARDO DE LA ESPRIELLA", "VOTOS_GANADOR": 1075.0, "PCT_GANADOR": 48.1 }, "geometry": { "type": "Point", "coordinates": [ -74.11809822, 4.63356439 ] } },
{ "type": "Feature", "properties": { "LOCALIDAD": "Puente Aranda", "DIRECCION": "CLL 5 B # 60 - 29", "SITIO": "La Trinidad", "NOMBRE": "Colegio Distrital Silvera Espinosa Rendón - Sede C", "ABELARDO DE LA ESPRIELLA": 889.0, "CARLOS EDUARDO CAICEDO OMAR": 0.0, "CLAUDIA LÓPEZ": 48.0, "GUSTAVO MATAMOROS CAMACHO": 1.0, "IVÁN CEPEDA CASTRO": 665.0, "LUIS GILBERTO MURILLO URRUTIA": 2.0, "MIGUEL URIBE LONDOÑO": 0.0, "PALOMA VALENCIA LASERNA": 203.0, "RAÚL SANTIAGO BOTERO JARAMILLO": 10.0, "ROY LEONARDO BARRERAS MONTEALEGRE": 4.0, "SERGIO FAJARDO VALDERRAMA": 91.0, "SONDRA MACOLLINS GARVIN PINTO": 4.0, "ÓSCAR MAURICIO LIZCANO ARANGO": 2.0, "TOTAL_VOTOS": 1919.0, "GANADOR": "ABELARDO DE LA ESPRIELLA", "VOTOS_GANADOR": 889.0, "PCT_GANADOR": 46.3 }, "geometry": { "type": "Point", "coordinates": [ -74.11704188, 4.62698828 ] } },
{ "type": "Feature", "properties": { "LOCALIDAD": "Puente Aranda", "DIRECCION": "CLL 4 B # 65 - 31", "SITIO": "La Pradera", "NOMBRE": "Colegio Distrital Silveria Espinosa Rendon - Sede B", "ABELARDO DE LA ESPRIELLA": 1756.0, "CARLOS EDUARDO CAICEDO OMAR": 0.0, "CLAUDIA LÓPEZ": 112.0, "GUSTAVO MATAMOROS CAMACHO": 1.0, "IVÁN CEPEDA CASTRO": 1517.0, "LUIS GILBERTO MURILLO URRUTIA": 2.0, "MIGUEL URIBE LONDOÑO": 2.0, "PALOMA VALENCIA LASERNA": 392.0, "RAÚL SANTIAGO BOTERO JARAMILLO": 17.0, "ROY LEONARDO BARRERAS MONTEALEGRE": 3.0, "SERGIO FAJARDO VALDERRAMA": 252.0, "SONDRA MACOLLINS GARVIN PINTO": 0.0, "ÓSCAR MAURICIO LIZCANO ARANGO": 14.0, "TOTAL_VOTOS": 4068.0, "GANADOR": "ABELARDO DE LA ESPRIELLA", "VOTOS_GANADOR": 1756.0, "PCT_GANADOR": 43.2 }, "geometry": { "type": "Point", "coordinates": [ -74.12182556, 4.62399411 ] } },
{ "type": "Feature", "properties": { "LOCALIDAD": "Puente Aranda", "DIRECCION": "CLL 4 # 56 - 03", "SITIO": "Colón", "NOMBRE": "Colegio José Allamano", "ABELARDO DE LA ESPRIELLA": 3425.0, "CARLOS EDUARDO CAICEDO OMAR": 1.0, "CLAUDIA LÓPEZ": 191.0, "GUSTAVO MATAMOROS CAMACHO": 3.0, "IVÁN CEPEDA CASTRO": 2074.0, "LUIS GILBERTO MURILLO URRUTIA": 5.0, "MIGUEL URIBE LONDOÑO": 13.0, "PALOMA VALENCIA LASERNA": 805.0, "RAÚL SANTIAGO BOTERO JARAMILLO": 20.0, "ROY LEONARDO BARRERAS MONTEALEGRE": 4.0, "SERGIO FAJARDO VALDERRAMA": 304.0, "SONDRA MACOLLINS GARVIN PINTO": 2.0, "ÓSCAR MAURICIO LIZCANO ARANGO": 11.0, "TOTAL_VOTOS": 6858.0, "GANADOR": "ABELARDO DE LA ESPRIELLA", "VOTOS_GANADOR": 3425.0, "PCT_GANADOR": 49.9 }, "geometry": { "type": "Point", "coordinates": [ -74.11942848, 4.62019037 ] } },
{ "type": "Feature", "properties": { "LOCALIDAD": "Puente Aranda", "DIRECCION": "CLL 4 F # 53 - 55", "SITIO": "San Rafael", "NOMBRE": "Colegio Distrital Rafaél Sorrento - Sede B", "ABELARDO DE LA ESPRIELLA": 1857.0, "CARLOS EDUARDO CAICEDO OMAR": 1.0, "CLAUDIA LÓPEZ": 114.0, "GUSTAVO MATAMOROS CAMACHO": 0.0, "IVÁN CEPEDA CASTRO": 1369.0, "LUIS GILBERTO MURILLO URRUTIA": 3.0, "MIGUEL URIBE LONDOÑO": 3.0, "PALOMA VALENCIA LASERNA": 428.0, "RAÚL SANTIAGO BOTERO JARAMILLO": 19.0, "ROY LEONARDO BARRERAS MONTEALEGRE": 2.0, "SERGIO FAJARDO VALDERRAMA": 250.0, "SONDRA MACOLLINS GARVIN PINTO": 4.0, "ÓSCAR MAURICIO LIZCANO ARANGO": 12.0, "TOTAL_VOTOS": 4062.0, "GANADOR": "ABELARDO DE LA ESPRIELLA", "VOTOS_GANADOR": 1857.0, "PCT_GANADOR": 45.7 }, "geometry": { "type": "Point", "coordinates": [ -74.11365583, 4.61991949 ] } },
{ "type": "Feature", "properties": { "LOCALIDAD": "Puente Aranda", "DIRECCION": "CLL 1 H # 40 D - 13", "SITIO": "El Jazmín", "NOMBRE": "Colegio Distrital Jazmín - Sede A", "ABELARDO DE LA ESPRIELLA": 2055.0, "CARLOS EDUARDO CAICEDO OMAR": 0.0, "CLAUDIA LÓPEZ": 137.0, "GUSTAVO MATAMOROS CAMACHO": 2.0, "IVÁN CEPEDA CASTRO": 1557.0, "LUIS GILBERTO MURILLO URRUTIA": 0.0, "MIGUEL URIBE LONDOÑO": 3.0, "PALOMA VALENCIA LASERNA": 431.0, "RAÚL SANTIAGO BOTERO JARAMILLO": 12.0, "ROY LEONARDO BARRERAS MONTEALEGRE": 2.0, "SERGIO FAJARDO VALDERRAMA": 280.0, "SONDRA MACOLLINS GARVIN PINTO": 4.0, "ÓSCAR MAURICIO LIZCANO ARANGO": 13.0, "TOTAL_VOTOS": 4496.0, "GANADOR": "ABELARDO DE LA ESPRIELLA", "VOTOS_GANADOR": 2055.0, "PCT_GANADOR": 45.7 }, "geometry": { "type": "Point", "coordinates": [ -74.11487267, 4.60995944 ] } },
{ "type": "Feature", "properties": { "LOCALIDAD": "Puente Aranda", "DIRECCION": "CLL 1 B # 52 A - 02", "SITIO": "La Ponderosa", "NOMBRE": "Colegio Distrital Luis Carlos Galán", "ABELARDO DE LA ESPRIELLA": 1726.0, "CARLOS EDUARDO CAICEDO OMAR": 1.0, "CLAUDIA LÓPEZ": 117.0, "GUSTAVO MATAMOROS CAMACHO": 1.0, "IVÁN CEPEDA CASTRO": 1357.0, "LUIS GILBERTO MURILLO URRUTIA": 0.0, "MIGUEL URIBE LONDOÑO": 3.0, "PALOMA VALENCIA LASERNA": 380.0, "RAÚL SANTIAGO BOTERO JARAMILLO": 19.0, "ROY LEONARDO BARRERAS MONTEALEGRE": 2.0, "SERGIO FAJARDO VALDERRAMA": 298.0, "SONDRA MACOLLINS GARVIN PINTO": 3.0, "ÓSCAR MAURICIO LIZCANO ARANGO": 13.0, "TOTAL_VOTOS": 3920.0, "GANADOR": "ABELARDO DE LA ESPRIELLA", "VOTOS_GANADOR": 1726.0, "PCT_GANADOR": 44.0 }, "geometry": { "type": "Point", "coordinates": [ -74.11908076, 4.61149533 ] } },
{ "type": "Feature", "properties": { "LOCALIDAD": "Puente Aranda", "DIRECCION": "CLL 2 Bis # 56 A - 37", "SITIO": "Galán", "NOMBRE": "Colegio Distrital José Manuel Restrepo", "ABELARDO DE LA ESPRIELLA": 2357.0, "CARLOS EDUARDO CAICEDO OMAR": 0.0, "CLAUDIA LÓPEZ": 143.0, "GUSTAVO MATAMOROS CAMACHO": 1.0, "IVÁN CEPEDA CASTRO": 2303.0, "LUIS GILBERTO MURILLO URRUTIA": 0.0, "MIGUEL URIBE LONDOÑO": 2.0, "PALOMA VALENCIA LASERNA": 446.0, "RAÚL SANTIAGO BOTERO JARAMILLO": 28.0, "ROY LEONARDO BARRERAS MONTEALEGRE": 1.0, "SERGIO FAJARDO VALDERRAMA": 406.0, "SONDRA MACOLLINS GARVIN PINTO": 4.0, "ÓSCAR MAURICIO LIZCANO ARANGO": 11.0, "TOTAL_VOTOS": 5702.0, "GANADOR": "ABELARDO DE LA ESPRIELLA", "VOTOS_GANADOR": 2357.0, "PCT_GANADOR": 41.3 }, "geometry": { "type": "Point", "coordinates": [ -74.12247563, 4.6172609 ] } },
{ "type": "Feature", "properties": { "LOCALIDAD": "Puente Aranda", "DIRECCION": "CRA 52 C # 19 A - 76 Sur", "SITIO": "Milenta", "NOMBRE": "Colegio Distrital Luis Vargas Tejada - Sede A", "ABELARDO DE LA ESPRIELLA": 1230.0, "CARLOS EDUARDO CAICEDO OMAR": 0.0, "CLAUDIA LÓPEZ": 85.0, "GUSTAVO MATAMOROS CAMACHO": 0.0, "IVÁN CEPEDA CASTRO": 1041.0, "LUIS GILBERTO MURILLO URRUTIA": 0.0, "MIGUEL URIBE LONDOÑO": 1.0, "PALOMA VALENCIA LASERNA": 265.0, "RAÚL SANTIAGO BOTERO JARAMILLO": 7.0, "ROY LEONARDO BARRERAS MONTEALEGRE": 3.0, "SERGIO FAJARDO VALDERRAMA": 208.0, "SONDRA MACOLLINS GARVIN PINTO": 3.0, "ÓSCAR MAURICIO LIZCANO ARANGO": 2.0, "TOTAL_VOTOS": 2845.0, "GANADOR": "ABELARDO DE LA ESPRIELLA", "VOTOS_GANADOR": 1230.0, "PCT_GANADOR": 43.2 }, "geometry": { "type": "Point", "coordinates": [ -74.12565623, 4.60953198 ] } },
{ "type": "Feature", "properties": { "LOCALIDAD": "Puente Aranda", "DIRECCION": "CLL 40 B Sur # 52 C - 60", "SITIO": "Alquería", "NOMBRE": "Colegio Distrital Julio Garavito - Sede A", "ABELARDO DE LA ESPRIELLA": 2087.0, "CARLOS EDUARDO CAICEDO OMAR": 0.0, "CLAUDIA LÓPEZ": 132.0, "GUSTAVO MATAMOROS CAMACHO": 0.0, "IVÁN CEPEDA CASTRO": 1782.0, "LUIS GILBERTO MURILLO URRUTIA": 4.0, "MIGUEL URIBE LONDOÑO": 2.0, "PALOMA VALENCIA LASERNA": 383.0, "RAÚL SANTIAGO BOTERO JARAMILLO": 18.0, "ROY LEONARDO BARRERAS MONTEALEGRE": 2.0, "SERGIO FAJARDO VALDERRAMA": 240.0, "SONDRA MACOLLINS GARVIN PINTO": 0.0, "ÓSCAR MAURICIO LIZCANO ARANGO": 13.0, "TOTAL_VOTOS": 4663.0, "GANADOR": "ABELARDO DE LA ESPRIELLA", "VOTOS_GANADOR": 2087.0, "PCT_GANADOR": 44.8 }, "geometry": { "type": "Point", "coordinates": [ -74.13425671, 4.59975169 ] } },
{ "type": "Feature", "properties": { "LOCALIDAD": "Puente Aranda", "DIRECCION": "CRA 51 C # 33 - 41 Sur", "SITIO": "Alcalá", "NOMBRE": "Colegio Distrital Benjamín Herrera - Sede B", "ABELARDO DE LA ESPRIELLA": 2565.0, "CARLOS EDUARDO CAICEDO OMAR": 1.0, "CLAUDIA LÓPEZ": 170.0, "GUSTAVO MATAMOROS CAMACHO": 3.0, "IVÁN CEPEDA CASTRO": 2786.0, "LUIS GILBERTO MURILLO URRUTIA": 2.0, "MIGUEL URIBE LONDOÑO": 6.0, "PALOMA VALENCIA LASERNA": 522.0, "RAÚL SANTIAGO BOTERO JARAMILLO": 41.0, "ROY LEONARDO BARRERAS MONTEALEGRE": 0.0, "SERGIO FAJARDO VALDERRAMA": 415.0, "SONDRA MACOLLINS GARVIN PINTO": 4.0, "ÓSCAR MAURICIO LIZCANO ARANGO": 9.0, "TOTAL_VOTOS": 6524.0, "GANADOR": "IVÁN CEPEDA CASTRO", "VOTOS_GANADOR": 2786.0, "PCT_GANADOR": 42.7 }, "geometry": { "type": "Point", "coordinates": [ -74.12717778, 4.60197999 ] } },
{ "type": "Feature", "properties": { "LOCALIDAD": "Puente Aranda", "DIRECCION": "CRA 41 # 34 - 35 Sur", "SITIO": "Santa Rita", "NOMBRE": "Colegio Distrital de Cultura Popular - Sede B", "ABELARDO DE LA ESPRIELLA": 2499.0, "CARLOS EDUARDO CAICEDO OMAR": 1.0, "CLAUDIA LÓPEZ": 175.0, "GUSTAVO MATAMOROS CAMACHO": 1.0, "IVÁN CEPEDA CASTRO": 1885.0, "LUIS GILBERTO MURILLO URRUTIA": 4.0, "MIGUEL URIBE LONDOÑO": 7.0, "PALOMA VALENCIA LASERNA": 558.0, "RAÚL SANTIAGO BOTERO JARAMILLO": 19.0, "ROY LEONARDO BARRERAS MONTEALEGRE": 2.0, "SERGIO FAJARDO VALDERRAMA": 336.0, "SONDRA MACOLLINS GARVIN PINTO": 6.0, "ÓSCAR MAURICIO LIZCANO ARANGO": 9.0, "TOTAL_VOTOS": 5502.0, "GANADOR": "ABELARDO DE LA ESPRIELLA", "VOTOS_GANADOR": 2499.0, "PCT_GANADOR": 45.4 }, "geometry": { "type": "Point", "coordinates": [ -74.12372763, 4.59804775 ] } },
{ "type": "Feature", "properties": { "LOCALIDAD": "Puente Aranda", "DIRECCION": "TRV 38 # 29 B - 61 Sur", "SITIO": "Los Sauces", "NOMBRE": "Salón Comunal Villas del Rosario", "ABELARDO DE LA ESPRIELLA": 1768.0, "CARLOS EDUARDO CAICEDO OMAR": 1.0, "CLAUDIA LÓPEZ": 111.0, "GUSTAVO MATAMOROS CAMACHO": 1.0, "IVÁN CEPEDA CASTRO": 1232.0, "LUIS GILBERTO MURILLO URRUTIA": 3.0, "MIGUEL URIBE LONDOÑO": 3.0, "PALOMA VALENCIA LASERNA": 327.0, "RAÚL SANTIAGO BOTERO JARAMILLO": 17.0, "ROY LEONARDO BARRERAS MONTEALEGRE": 2.0, "SERGIO FAJARDO VALDERRAMA": 263.0, "SONDRA MACOLLINS GARVIN PINTO": 1.0, "ÓSCAR MAURICIO LIZCANO ARANGO": 9.0, "TOTAL_VOTOS": 3738.0, "GANADOR": "ABELARDO DE LA ESPRIELLA", "VOTOS_GANADOR": 1768.0, "PCT_GANADOR": 47.3 }, "geometry": { "type": "Point", "coordinates": [ -74.11885339, 4.59683856 ] } },
{ "type": "Feature", "properties": { "LOCALIDAD": "Puente Aranda", "DIRECCION": "CLL 17 B Sur # 34 A - 21 / CRA 34 # 17A - 70 Sur", "SITIO": "Jorge Gaitán Cortés", "NOMBRE": "Colegio Distrital Marco Antonio Carreño Sede A", "ABELARDO DE LA ESPRIELLA": 215.0, "CARLOS EDUARDO CAICEDO OMAR": 0.0, "CLAUDIA LÓPEZ": 12.0, "GUSTAVO MATAMOROS CAMACHO": 0.0, "IVÁN CEPEDA CASTRO": 222.0, "LUIS GILBERTO MURILLO URRUTIA": 0.0, "MIGUEL URIBE LONDOÑO": 1.0, "PALOMA VALENCIA LASERNA": 37.0, "RAÚL SANTIAGO BOTERO JARAMILLO": 1.0, "ROY LEONARDO BARRERAS MONTEALEGRE": 0.0, "SERGIO FAJARDO VALDERRAMA": 41.0, "SONDRA MACOLLINS GARVIN PINTO": 1.0, "ÓSCAR MAURICIO LIZCANO ARANGO": 0.0, "TOTAL_VOTOS": 530.0, "GANADOR": "IVÁN CEPEDA CASTRO", "VOTOS_GANADOR": 222.0, "PCT_GANADOR": 41.9 }, "geometry": { "type": "Point", "coordinates": [ -74.11216463, 4.5975311 ] } },
{ "type": "Feature", "properties": { "LOCALIDAD": "Puente Aranda", "DIRECCION": "CLL 8 Sur # 31 A - 31 /AV CLL 8 Sur # 31 A - 31", "SITIO": "Centro Para Ciegos - CRAC", "NOMBRE": "Centro De Rehabilitación Para Adultos Ciegos - CRAC", "ABELARDO DE LA ESPRIELLA": 574.0, "CARLOS EDUARDO CAICEDO OMAR": 2.0, "CLAUDIA LÓPEZ": 38.0, "GUSTAVO MATAMOROS CAMACHO": 1.0, "IVÁN CEPEDA CASTRO": 569.0, "LUIS GILBERTO MURILLO URRUTIA": 1.0, "MIGUEL URIBE LONDOÑO": 2.0, "PALOMA VALENCIA LASERNA": 113.0, "RAÚL SANTIAGO BOTERO JARAMILLO": 8.0, "ROY LEONARDO BARRERAS MONTEALEGRE": 0.0, "SERGIO FAJARDO VALDERRAMA": 120.0, "SONDRA MACOLLINS GARVIN PINTO": 1.0, "ÓSCAR MAURICIO LIZCANO ARANGO": 2.0, "TOTAL_VOTOS": 1431.0, "GANADOR": "ABELARDO DE LA ESPRIELLA", "VOTOS_GANADOR": 574.0, "PCT_GANADOR": 40.1 }, "geometry": { "type": "Point", "coordinates": [ -74.10799993, 4.5990106 ] } },
{ "type": "Feature", "properties": { "LOCALIDAD": "Candelaria", "DIRECCION": "CRA 7 # 9 - 54", "SITIO": "Colegio Mayor San Bartolomé", "NOMBRE": "Colegio Mayor San Bartolomé", "ABELARDO DE LA ESPRIELLA": 630.0, "CARLOS EDUARDO CAICEDO OMAR": 2.0, "CLAUDIA LÓPEZ": 47.0, "GUSTAVO MATAMOROS CAMACHO": 1.0, "IVÁN CEPEDA CASTRO": 1231.0, "LUIS GILBERTO MURILLO URRUTIA": 0.0, "MIGUEL URIBE LONDOÑO": 1.0, "PALOMA VALENCIA LASERNA": 239.0, "RAÚL SANTIAGO BOTERO JARAMILLO": 7.0, "ROY LEONARDO BARRERAS MONTEALEGRE": 5.0, "SERGIO FAJARDO VALDERRAMA": 149.0, "SONDRA MACOLLINS GARVIN PINTO": 5.0, "ÓSCAR MAURICIO LIZCANO ARANGO": 5.0, "TOTAL_VOTOS": 2322.0, "GANADOR": "IVÁN CEPEDA CASTRO", "VOTOS_GANADOR": 1231.0, "PCT_GANADOR": 53.0 }, "geometry": { "type": "Point", "coordinates": [ -74.07607923, 4.5967707 ] } },
{ "type": "Feature", "properties": { "LOCALIDAD": "Candelaria", "DIRECCION": "CLL 12 B # 4 - 31", "SITIO": "Autónoma de Colombia", "NOMBRE": "Fundación Universidad Autónoma de Colombia", "ABELARDO DE LA ESPRIELLA": 205.0, "CARLOS EDUARDO CAICEDO OMAR": 0.0, "CLAUDIA LÓPEZ": 17.0, "GUSTAVO MATAMOROS CAMACHO": 0.0, "IVÁN CEPEDA CASTRO": 408.0, "LUIS GILBERTO MURILLO URRUTIA": 1.0, "MIGUEL URIBE LONDOÑO": 1.0, "PALOMA VALENCIA LASERNA": 58.0, "RAÚL SANTIAGO BOTERO JARAMILLO": 6.0, "ROY LEONARDO BARRERAS MONTEALEGRE": 0.0, "SERGIO FAJARDO VALDERRAMA": 51.0, "SONDRA MACOLLINS GARVIN PINTO": 0.0, "ÓSCAR MAURICIO LIZCANO ARANGO": 1.0, "TOTAL_VOTOS": 748.0, "GANADOR": "IVÁN CEPEDA CASTRO", "VOTOS_GANADOR": 408.0, "PCT_GANADOR": 54.5 }, "geometry": { "type": "Point", "coordinates": [ -74.07209576, 4.59842788 ] } },
{ "type": "Feature", "properties": { "LOCALIDAD": "Candelaria", "DIRECCION": "CLL 9A # 0 - 30 Este / CLL 9 A # 0 - 22 Este", "SITIO": "Egipto Escuela Quinta Díaz", "NOMBRE": "Escuela Nacional de Comercio (Sede Bachillerato)", "ABELARDO DE LA ESPRIELLA": 156.0, "CARLOS EDUARDO CAICEDO OMAR": 0.0, "CLAUDIA LÓPEZ": 19.0, "GUSTAVO MATAMOROS CAMACHO": 2.0, "IVÁN CEPEDA CASTRO": 519.0, "LUIS GILBERTO MURILLO URRUTIA": 2.0, "MIGUEL URIBE LONDOÑO": 1.0, "PALOMA VALENCIA LASERNA": 65.0, "RAÚL SANTIAGO BOTERO JARAMILLO": 8.0, "ROY LEONARDO BARRERAS MONTEALEGRE": 0.0, "SERGIO FAJARDO VALDERRAMA": 43.0, "SONDRA MACOLLINS GARVIN PINTO": 1.0, "ÓSCAR MAURICIO LIZCANO ARANGO": 0.0, "TOTAL_VOTOS": 816.0, "GANADOR": "IVÁN CEPEDA CASTRO", "VOTOS_GANADOR": 519.0, "PCT_GANADOR": 63.6 }, "geometry": { "type": "Point", "coordinates": [ -74.07054776, 4.59321681 ] } },
{ "type": "Feature", "properties": { "LOCALIDAD": "Candelaria", "DIRECCION": "CRA 2 # 10 - 70 / CRA 2 # 10 - 52 ", "SITIO": "La Salle Candelaria", "NOMBRE": "Universidad de La Salle", "ABELARDO DE LA ESPRIELLA": 145.0, "CARLOS EDUARDO CAICEDO OMAR": 0.0, "CLAUDIA LÓPEZ": 20.0, "GUSTAVO MATAMOROS CAMACHO": 0.0, "IVÁN CEPEDA CASTRO": 456.0, "LUIS GILBERTO MURILLO URRUTIA": 0.0, "MIGUEL URIBE LONDOÑO": 2.0, "PALOMA VALENCIA LASERNA": 56.0, "RAÚL SANTIAGO BOTERO JARAMILLO": 3.0, "ROY LEONARDO BARRERAS MONTEALEGRE": 0.0, "SERGIO FAJARDO VALDERRAMA": 73.0, "SONDRA MACOLLINS GARVIN PINTO": 0.0, "ÓSCAR MAURICIO LIZCANO ARANGO": 0.0, "TOTAL_VOTOS": 755.0, "GANADOR": "IVÁN CEPEDA CASTRO", "VOTOS_GANADOR": 456.0, "PCT_GANADOR": 60.4 }, "geometry": { "type": "Point", "coordinates": [ -74.07107875, 4.59490239 ] } },
{ "type": "Feature", "properties": { "LOCALIDAD": "Rafael Uribe Uribe", "DIRECCION": "CRA 26 # 35 A - 38 Sur", "SITIO": "Integración Rafael Delgado Salguero", "NOMBRE": "Colegio Distrital Integración Rafael Delgado Salguero", "ABELARDO DE LA ESPRIELLA": 337.0, "CARLOS EDUARDO CAICEDO OMAR": 0.0, "CLAUDIA LÓPEZ": 25.0, "GUSTAVO MATAMOROS CAMACHO": 1.0, "IVÁN CEPEDA CASTRO": 551.0, "LUIS GILBERTO MURILLO URRUTIA": 0.0, "MIGUEL URIBE LONDOÑO": 2.0, "PALOMA VALENCIA LASERNA": 66.0, "RAÚL SANTIAGO BOTERO JARAMILLO": 4.0, "ROY LEONARDO BARRERAS MONTEALEGRE": 0.0, "SERGIO FAJARDO VALDERRAMA": 76.0, "SONDRA MACOLLINS GARVIN PINTO": 1.0, "ÓSCAR MAURICIO LIZCANO ARANGO": 1.0, "TOTAL_VOTOS": 1064.0, "GANADOR": "IVÁN CEPEDA CASTRO", "VOTOS_GANADOR": 551.0, "PCT_GANADOR": 51.8 }, "geometry": { "type": "Point", "coordinates": [ -74.11932321, 4.58398113 ] } },
{ "type": "Feature", "properties": { "LOCALIDAD": "Rafael Uribe Uribe", "DIRECCION": "TRV 13 H # 45 B - 33 Sur /TRV 13 H # 45 F - 33 Sur ", "SITIO": "Parroquial San José", "NOMBRE": "Colegio Parroquial San José", "ABELARDO DE LA ESPRIELLA": 487.0, "CARLOS EDUARDO CAICEDO OMAR": 0.0, "CLAUDIA LÓPEZ": 41.0, "GUSTAVO MATAMOROS CAMACHO": 0.0, "IVÁN CEPEDA CASTRO": 887.0, "LUIS GILBERTO MURILLO URRUTIA": 0.0, "MIGUEL URIBE LONDOÑO": 2.0, "PALOMA VALENCIA LASERNA": 84.0, "RAÚL SANTIAGO BOTERO JARAMILLO": 17.0, "ROY LEONARDO BARRERAS MONTEALEGRE": 0.0, "SERGIO FAJARDO VALDERRAMA": 72.0, "SONDRA MACOLLINS GARVIN PINTO": 2.0, "ÓSCAR MAURICIO LIZCANO ARANGO": 2.0, "TOTAL_VOTOS": 1594.0, "GANADOR": "IVÁN CEPEDA CASTRO", "VOTOS_GANADOR": 887.0, "PCT_GANADOR": 55.6 }, "geometry": { "type": "Point", "coordinates": [ -74.122114, 4.569197 ] } },
{ "type": "Feature", "properties": { "LOCALIDAD": "Rafael Uribe Uribe", "DIRECCION": "DIAG 46 Sur #13 - 40", "SITIO": "Liceo Psicopedagógico Marco Fidel Suárez", "NOMBRE": "Colegio Liceo Psicopedagógico Marco Fidel Suárez", "ABELARDO DE LA ESPRIELLA": 482.0, "CARLOS EDUARDO CAICEDO OMAR": 1.0, "CLAUDIA LÓPEZ": 33.0, "GUSTAVO MATAMOROS CAMACHO": 0.0, "IVÁN CEPEDA CASTRO": 947.0, "LUIS GILBERTO MURILLO URRUTIA": 1.0, "MIGUEL URIBE LONDOÑO": 1.0, "PALOMA VALENCIA LASERNA": 91.0, "RAÚL SANTIAGO BOTERO JARAMILLO": 21.0, "ROY LEONARDO BARRERAS MONTEALEGRE": 1.0, "SERGIO FAJARDO VALDERRAMA": 83.0, "SONDRA MACOLLINS GARVIN PINTO": 0.0, "ÓSCAR MAURICIO LIZCANO ARANGO": 3.0, "TOTAL_VOTOS": 1664.0, "GANADOR": "IVÁN CEPEDA CASTRO", "VOTOS_GANADOR": 947.0, "PCT_GANADOR": 56.9 }, "geometry": { "type": "Point", "coordinates": [ -74.11835892, 4.56789339 ] } },
{ "type": "Feature", "properties": { "LOCALIDAD": "Rafael Uribe Uribe", "DIRECCION": "TRV 5 U # 48 J - 30 Sur", "SITIO": "María Cano", "NOMBRE": "Colegio Distrital María Cano", "ABELARDO DE LA ESPRIELLA": 801.0, "CARLOS EDUARDO CAICEDO OMAR": 0.0, "CLAUDIA LÓPEZ": 80.0, "GUSTAVO MATAMOROS CAMACHO": 1.0, "IVÁN CEPEDA CASTRO": 2271.0, "LUIS GILBERTO MURILLO URRUTIA": 2.0, "MIGUEL URIBE LONDOÑO": 1.0, "PALOMA VALENCIA LASERNA": 165.0, "RAÚL SANTIAGO BOTERO JARAMILLO": 23.0, "ROY LEONARDO BARRERAS MONTEALEGRE": 2.0, "SERGIO FAJARDO VALDERRAMA": 192.0, "SONDRA MACOLLINS GARVIN PINTO": 0.0, "ÓSCAR MAURICIO LIZCANO ARANGO": 4.0, "TOTAL_VOTOS": 3542.0, "GANADOR": "IVÁN CEPEDA CASTRO", "VOTOS_GANADOR": 2271.0, "PCT_GANADOR": 64.1 }, "geometry": { "type": "Point", "coordinates": [ -74.11541593, 4.55925342 ] } },
{ "type": "Feature", "properties": { "LOCALIDAD": "Rafael Uribe Uribe", "DIRECCION": "DIAG 36 Sur # 16 B - 26 / CRA 13 G # 37 - 80 Sur", "SITIO": "CAFAM Santa Lucía", "NOMBRE": "Colegio Distrital Cafam Santa Lucía", "ABELARDO DE LA ESPRIELLA": 448.0, "CARLOS EDUARDO CAICEDO OMAR": 0.0, "CLAUDIA LÓPEZ": 34.0, "GUSTAVO MATAMOROS CAMACHO": 3.0, "IVÁN CEPEDA CASTRO": 1427.0, "LUIS GILBERTO MURILLO URRUTIA": 0.0, "MIGUEL URIBE LONDOÑO": 0.0, "PALOMA VALENCIA LASERNA": 81.0, "RAÚL SANTIAGO BOTERO JARAMILLO": 21.0, "ROY LEONARDO BARRERAS MONTEALEGRE": 0.0, "SERGIO FAJARDO VALDERRAMA": 124.0, "SONDRA MACOLLINS GARVIN PINTO": 0.0, "ÓSCAR MAURICIO LIZCANO ARANGO": 1.0, "TOTAL_VOTOS": 2139.0, "GANADOR": "IVÁN CEPEDA CASTRO", "VOTOS_GANADOR": 1427.0, "PCT_GANADOR": 66.7 }, "geometry": { "type": "Point", "coordinates": [ -74.118477, 4.574716 ] } },
{ "type": "Feature", "properties": { "LOCALIDAD": "Rafael Uribe Uribe", "DIRECCION": "DIAG 49 Sur # 2 A - 01CLL 49 Sur # 2 - 15", "SITIO": "Colegio Distrital Diana Turbay Sede B", "NOMBRE": "Salón Comunal Comuneros", "ABELARDO DE LA ESPRIELLA": 818.0, "CARLOS EDUARDO CAICEDO OMAR": 2.0, "CLAUDIA LÓPEZ": 68.0, "GUSTAVO MATAMOROS CAMACHO": 0.0, "IVÁN CEPEDA CASTRO": 2945.0, "LUIS GILBERTO MURILLO URRUTIA": 2.0, "MIGUEL URIBE LONDOÑO": 1.0, "PALOMA VALENCIA LASERNA": 160.0, "RAÚL SANTIAGO BOTERO JARAMILLO": 48.0, "ROY LEONARDO BARRERAS MONTEALEGRE": 3.0, "SERGIO FAJARDO VALDERRAMA": 227.0, "SONDRA MACOLLINS GARVIN PINTO": 2.0, "ÓSCAR MAURICIO LIZCANO ARANGO": 5.0, "TOTAL_VOTOS": 4281.0, "GANADOR": "IVÁN CEPEDA CASTRO", "VOTOS_GANADOR": 2945.0, "PCT_GANADOR": 68.8 }, "geometry": { "type": "Point", "coordinates": [ -74.10746259, 4.54531029 ] } },
{ "type": "Feature", "properties": { "LOCALIDAD": "Rafael Uribe Uribe", "DIRECCION": "CRA 23 # 35 - 20 Sur", "SITIO": "Alianza Quiroga", "NOMBRE": "Colegio Distrital Alianza Quiroga", "ABELARDO DE LA ESPRIELLA": 1183.0, "CARLOS EDUARDO CAICEDO OMAR": 1.0, "CLAUDIA LÓPEZ": 62.0, "GUSTAVO MATAMOROS CAMACHO": 1.0, "IVÁN CEPEDA CASTRO": 1964.0, "LUIS GILBERTO MURILLO URRUTIA": 4.0, "MIGUEL URIBE LONDOÑO": 0.0, "PALOMA VALENCIA LASERNA": 226.0, "RAÚL SANTIAGO BOTERO JARAMILLO": 32.0, "ROY LEONARDO BARRERAS MONTEALEGRE": 3.0, "SERGIO FAJARDO VALDERRAMA": 237.0, "SONDRA MACOLLINS GARVIN PINTO": 0.0, "ÓSCAR MAURICIO LIZCANO ARANGO": 3.0, "TOTAL_VOTOS": 3716.0, "GANADOR": "IVÁN CEPEDA CASTRO", "VOTOS_GANADOR": 1964.0, "PCT_GANADOR": 52.9 }, "geometry": { "type": "Point", "coordinates": [ -74.11728743, 4.57960324 ] } },
{ "type": "Feature", "properties": { "LOCALIDAD": "Rafael Uribe Uribe", "DIRECCION": "CLL 22 Sur # 22 - 65 / CLL 22 Sur # 24 B - 65", "SITIO": "Estados Unidos de América", "NOMBRE": "Colegio Distrital Estados Unidos de América", "ABELARDO DE LA ESPRIELLA": 552.0, "CARLOS EDUARDO CAICEDO OMAR": 0.0, "CLAUDIA LÓPEZ": 50.0, "GUSTAVO MATAMOROS CAMACHO": 0.0, "IVÁN CEPEDA CASTRO": 635.0, "LUIS GILBERTO MURILLO URRUTIA": 3.0, "MIGUEL URIBE LONDOÑO": 2.0, "PALOMA VALENCIA LASERNA": 97.0, "RAÚL SANTIAGO BOTERO JARAMILLO": 4.0, "ROY LEONARDO BARRERAS MONTEALEGRE": 0.0, "SERGIO FAJARDO VALDERRAMA": 72.0, "SONDRA MACOLLINS GARVIN PINTO": 2.0, "ÓSCAR MAURICIO LIZCANO ARANGO": 1.0, "TOTAL_VOTOS": 1418.0, "GANADOR": "IVÁN CEPEDA CASTRO", "VOTOS_GANADOR": 635.0, "PCT_GANADOR": 44.8 }, "geometry": { "type": "Point", "coordinates": [ -74.10600815, 4.58481553 ] } },
{ "type": "Feature", "properties": { "LOCALIDAD": "Rafael Uribe Uribe", "DIRECCION": "CLL 33 Sur # 26 G - 10", "SITIO": "Torre Mayor", "NOMBRE": "Colegio Distrital El Libertador Sede B", "ABELARDO DE LA ESPRIELLA": 108.0, "CARLOS EDUARDO CAICEDO OMAR": 0.0, "CLAUDIA LÓPEZ": 5.0, "GUSTAVO MATAMOROS CAMACHO": 0.0, "IVÁN CEPEDA CASTRO": 168.0, "LUIS GILBERTO MURILLO URRUTIA": 0.0, "MIGUEL URIBE LONDOÑO": 0.0, "PALOMA VALENCIA LASERNA": 19.0, "RAÚL SANTIAGO BOTERO JARAMILLO": 2.0, "ROY LEONARDO BARRERAS MONTEALEGRE": 0.0, "SERGIO FAJARDO VALDERRAMA": 30.0, "SONDRA MACOLLINS GARVIN PINTO": 0.0, "ÓSCAR MAURICIO LIZCANO ARANGO": 0.0, "TOTAL_VOTOS": 332.0, "GANADOR": "IVÁN CEPEDA CASTRO", "VOTOS_GANADOR": 168.0, "PCT_GANADOR": 50.6 }, "geometry": { "type": "Point", "coordinates": [ -74.11768289, 4.58836802 ] } },
{ "type": "Feature", "properties": { "LOCALIDAD": "Ciudad Bolívar", "DIRECCION": "CLL 75 Sur # 18 B - 45", "SITIO": "Las Quintas", "NOMBRE": "Colegio Distrital Estrella del Sur Sede B", "ABELARDO DE LA ESPRIELLA": 377.0, "CARLOS EDUARDO CAICEDO OMAR": 1.0, "CLAUDIA LÓPEZ": 35.0, "GUSTAVO MATAMOROS CAMACHO": 0.0, "IVÁN CEPEDA CASTRO": 1416.0, "LUIS GILBERTO MURILLO URRUTIA": 0.0, "MIGUEL URIBE LONDOÑO": 2.0, "PALOMA VALENCIA LASERNA": 85.0, "RAÚL SANTIAGO BOTERO JARAMILLO": 25.0, "ROY LEONARDO BARRERAS MONTEALEGRE": 0.0, "SERGIO FAJARDO VALDERRAMA": 82.0, "SONDRA MACOLLINS GARVIN PINTO": 1.0, "ÓSCAR MAURICIO LIZCANO ARANGO": 4.0, "TOTAL_VOTOS": 2028.0, "GANADOR": "IVÁN CEPEDA CASTRO", "VOTOS_GANADOR": 1416.0, "PCT_GANADOR": 69.8 }, "geometry": { "type": "Point", "coordinates": [ -74.14440778, 4.54226244 ] } },
{ "type": "Feature", "properties": { "LOCALIDAD": "Ciudad Bolívar", "DIRECCION": "CRA 18 # 70 A - 05 Sur / CRA 18N # 70 A - 51 Sur", "SITIO": "Colegio Fanny Mikey", "NOMBRE": "Colegio Distrital Fanny Mikey", "ABELARDO DE LA ESPRIELLA": 541.0, "CARLOS EDUARDO CAICEDO OMAR": 2.0, "CLAUDIA LÓPEZ": 90.0, "GUSTAVO MATAMOROS CAMACHO": 0.0, "IVÁN CEPEDA CASTRO": 2287.0, "LUIS GILBERTO MURILLO URRUTIA": 0.0, "MIGUEL URIBE LONDOÑO": 2.0, "PALOMA VALENCIA LASERNA": 119.0, "RAÚL SANTIAGO BOTERO JARAMILLO": 43.0, "ROY LEONARDO BARRERAS MONTEALEGRE": 2.0, "SERGIO FAJARDO VALDERRAMA": 79.0, "SONDRA MACOLLINS GARVIN PINTO": 3.0, "ÓSCAR MAURICIO LIZCANO ARANGO": 3.0, "TOTAL_VOTOS": 3171.0, "GANADOR": "IVÁN CEPEDA CASTRO", "VOTOS_GANADOR": 2287.0, "PCT_GANADOR": 72.1 }, "geometry": { "type": "Point", "coordinates": [ -74.15253321, 4.54982646 ] } },
{ "type": "Feature", "properties": { "LOCALIDAD": "Ciudad Bolívar", "DIRECCION": "CRA 18 U # 65 - 01 SUR", "SITIO": "Marandú", "NOMBRE": "Colegio Distrital Santa Barbara Sur", "ABELARDO DE LA ESPRIELLA": 140.0, "CARLOS EDUARDO CAICEDO OMAR": 0.0, "CLAUDIA LÓPEZ": 16.0, "GUSTAVO MATAMOROS CAMACHO": 0.0, "IVÁN CEPEDA CASTRO": 574.0, "LUIS GILBERTO MURILLO URRUTIA": 0.0, "MIGUEL URIBE LONDOÑO": 4.0, "PALOMA VALENCIA LASERNA": 30.0, "RAÚL SANTIAGO BOTERO JARAMILLO": 8.0, "ROY LEONARDO BARRERAS MONTEALEGRE": 1.0, "SERGIO FAJARDO VALDERRAMA": 21.0, "SONDRA MACOLLINS GARVIN PINTO": 0.0, "ÓSCAR MAURICIO LIZCANO ARANGO": 2.0, "TOTAL_VOTOS": 796.0, "GANADOR": "IVÁN CEPEDA CASTRO", "VOTOS_GANADOR": 574.0, "PCT_GANADOR": 72.1 }, "geometry": { "type": "Point", "coordinates": [ -74.14606568, 4.55756922 ] } },
{ "type": "Feature", "properties": { "LOCALIDAD": "Ciudad Bolívar", "DIRECCION": "CRA 43 # 70A - 50 Sur / CRA 42 # 70A - 70 Sur", "SITIO": "Col Dist Arborizadora Alta Sede A", "NOMBRE": "Col Dist Arborizadora Alta Sede A", "ABELARDO DE LA ESPRIELLA": 435.0, "CARLOS EDUARDO CAICEDO OMAR": 1.0, "CLAUDIA LÓPEZ": 61.0, "GUSTAVO MATAMOROS CAMACHO": 1.0, "IVÁN CEPEDA CASTRO": 1291.0, "LUIS GILBERTO MURILLO URRUTIA": 1.0, "MIGUEL URIBE LONDOÑO": 2.0, "PALOMA VALENCIA LASERNA": 94.0, "RAÚL SANTIAGO BOTERO JARAMILLO": 16.0, "ROY LEONARDO BARRERAS MONTEALEGRE": 0.0, "SERGIO FAJARDO VALDERRAMA": 94.0, "SONDRA MACOLLINS GARVIN PINTO": 3.0, "ÓSCAR MAURICIO LIZCANO ARANGO": 1.0, "TOTAL_VOTOS": 2000.0, "GANADOR": "IVÁN CEPEDA CASTRO", "VOTOS_GANADOR": 1291.0, "PCT_GANADOR": 64.6 }, "geometry": { "type": "Point", "coordinates": [ -74.16021964, 4.56845961 ] } },
{ "type": "Feature", "properties": { "LOCALIDAD": "Ciudad Bolívar", "DIRECCION": "CRA 70C # 60 B - 05 Sur / AV CRA 70C # 60 B - 05 Sur", "SITIO": "Balmoral", "NOMBRE": "Centro de Desarrollo Educativo IDIPRON", "ABELARDO DE LA ESPRIELLA": 466.0, "CARLOS EDUARDO CAICEDO OMAR": 0.0, "CLAUDIA LÓPEZ": 45.0, "GUSTAVO MATAMOROS CAMACHO": 1.0, "IVÁN CEPEDA CASTRO": 914.0, "LUIS GILBERTO MURILLO URRUTIA": 1.0, "MIGUEL URIBE LONDOÑO": 3.0, "PALOMA VALENCIA LASERNA": 94.0, "RAÚL SANTIAGO BOTERO JARAMILLO": 6.0, "ROY LEONARDO BARRERAS MONTEALEGRE": 2.0, "SERGIO FAJARDO VALDERRAMA": 145.0, "SONDRA MACOLLINS GARVIN PINTO": 0.0, "ÓSCAR MAURICIO LIZCANO ARANGO": 6.0, "TOTAL_VOTOS": 1683.0, "GANADOR": "IVÁN CEPEDA CASTRO", "VOTOS_GANADOR": 914.0, "PCT_GANADOR": 54.3 }, "geometry": { "type": "Point", "coordinates": [ -74.16167388, 4.59165494 ] } },
{ "type": "Feature", "properties": { "LOCALIDAD": "Ciudad Bolívar", "DIRECCION": "CLL 59 Sur # 45 D - 15 / CLL 59 C Sur # 45 D - 15", "SITIO": "La Coruña - Liceo Contadora", "NOMBRE": "Liceo Contadora", "ABELARDO DE LA ESPRIELLA": 482.0, "CARLOS EDUARDO CAICEDO OMAR": 0.0, "CLAUDIA LÓPEZ": 43.0, "GUSTAVO MATAMOROS CAMACHO": 0.0, "IVÁN CEPEDA CASTRO": 1016.0, "LUIS GILBERTO MURILLO URRUTIA": 3.0, "MIGUEL URIBE LONDOÑO": 4.0, "PALOMA VALENCIA LASERNA": 111.0, "RAÚL SANTIAGO BOTERO JARAMILLO": 19.0, "ROY LEONARDO BARRERAS MONTEALEGRE": 1.0, "SERGIO FAJARDO VALDERRAMA": 107.0, "SONDRA MACOLLINS GARVIN PINTO": 1.0, "ÓSCAR MAURICIO LIZCANO ARANGO": 3.0, "TOTAL_VOTOS": 1790.0, "GANADOR": "IVÁN CEPEDA CASTRO", "VOTOS_GANADOR": 1016.0, "PCT_GANADOR": 56.8 }, "geometry": { "type": "Point", "coordinates": [ -74.15352523, 4.57574502 ] } },
{ "type": "Feature", "properties": { "LOCALIDAD": "Ciudad Bolívar", "DIRECCION": "CLL 77 Sur # 65 - 01 / CLL 75 C Sur # 71 - 03", "SITIO": "Tanque - Sierra Morena", "NOMBRE": "Colegio Distrital Sierra Morena Sede A", "ABELARDO DE LA ESPRIELLA": 492.0, "CARLOS EDUARDO CAICEDO OMAR": 1.0, "CLAUDIA LÓPEZ": 48.0, "GUSTAVO MATAMOROS CAMACHO": 0.0, "IVÁN CEPEDA CASTRO": 1574.0, "LUIS GILBERTO MURILLO URRUTIA": 1.0, "MIGUEL URIBE LONDOÑO": 3.0, "PALOMA VALENCIA LASERNA": 74.0, "RAÚL SANTIAGO BOTERO JARAMILLO": 29.0, "ROY LEONARDO BARRERAS MONTEALEGRE": 1.0, "SERGIO FAJARDO VALDERRAMA": 60.0, "SONDRA MACOLLINS GARVIN PINTO": 1.0, "ÓSCAR MAURICIO LIZCANO ARANGO": 5.0, "TOTAL_VOTOS": 2289.0, "GANADOR": "IVÁN CEPEDA CASTRO", "VOTOS_GANADOR": 1574.0, "PCT_GANADOR": 68.8 }, "geometry": { "type": "Point", "coordinates": [ -74.16957684, 4.57478583 ] } },
{ "type": "Feature", "properties": { "LOCALIDAD": "Ciudad Bolívar", "DIRECCION": "CLL 81 Sur # 42 - 09", "SITIO": "ICES Las Brisas", "NOMBRE": "Colegio Cerro del Sur", "ABELARDO DE LA ESPRIELLA": 109.0, "CARLOS EDUARDO CAICEDO OMAR": 1.0, "CLAUDIA LÓPEZ": 16.0, "GUSTAVO MATAMOROS CAMACHO": 0.0, "IVÁN CEPEDA CASTRO": 464.0, "LUIS GILBERTO MURILLO URRUTIA": 1.0, "MIGUEL URIBE LONDOÑO": 0.0, "PALOMA VALENCIA LASERNA": 28.0, "RAÚL SANTIAGO BOTERO JARAMILLO": 4.0, "ROY LEONARDO BARRERAS MONTEALEGRE": 0.0, "SERGIO FAJARDO VALDERRAMA": 15.0, "SONDRA MACOLLINS GARVIN PINTO": 1.0, "ÓSCAR MAURICIO LIZCANO ARANGO": 0.0, "TOTAL_VOTOS": 639.0, "GANADOR": "IVÁN CEPEDA CASTRO", "VOTOS_GANADOR": 464.0, "PCT_GANADOR": 72.6 }, "geometry": { "type": "Point", "coordinates": [ -74.17109082, 4.56824148 ] } },
{ "type": "Feature", "properties": { "LOCALIDAD": "Ciudad Bolívar", "DIRECCION": "CRA 77 C # 59 A - 15 Sur", "SITIO": "Altos de La Estancia", "NOMBRE": "Colegio Compartir San Isidro", "ABELARDO DE LA ESPRIELLA": 219.0, "CARLOS EDUARDO CAICEDO OMAR": 0.0, "CLAUDIA LÓPEZ": 15.0, "GUSTAVO MATAMOROS CAMACHO": 0.0, "IVÁN CEPEDA CASTRO": 728.0, "LUIS GILBERTO MURILLO URRUTIA": 0.0, "MIGUEL URIBE LONDOÑO": 1.0, "PALOMA VALENCIA LASERNA": 30.0, "RAÚL SANTIAGO BOTERO JARAMILLO": 16.0, "ROY LEONARDO BARRERAS MONTEALEGRE": 0.0, "SERGIO FAJARDO VALDERRAMA": 44.0, "SONDRA MACOLLINS GARVIN PINTO": 0.0, "ÓSCAR MAURICIO LIZCANO ARANGO": 0.0, "TOTAL_VOTOS": 1053.0, "GANADOR": "IVÁN CEPEDA CASTRO", "VOTOS_GANADOR": 728.0, "PCT_GANADOR": 69.1 }, "geometry": { "type": "Point", "coordinates": [ -74.18192707, 4.59173087 ] } },
{ "type": "Feature", "properties": { "LOCALIDAD": "Ciudad Bolívar", "DIRECCION": "CRA 19 F # 68 F 34 Sur", "SITIO": "Salón Comunal Los Sauces", "NOMBRE": "Salón Comunal Los Sauces", "ABELARDO DE LA ESPRIELLA": 115.0, "CARLOS EDUARDO CAICEDO OMAR": 0.0, "CLAUDIA LÓPEZ": 19.0, "GUSTAVO MATAMOROS CAMACHO": 0.0, "IVÁN CEPEDA CASTRO": 317.0, "LUIS GILBERTO MURILLO URRUTIA": 0.0, "MIGUEL URIBE LONDOÑO": 2.0, "PALOMA VALENCIA LASERNA": 38.0, "RAÚL SANTIAGO BOTERO JARAMILLO": 13.0, "ROY LEONARDO BARRERAS MONTEALEGRE": 0.0, "SERGIO FAJARDO VALDERRAMA": 19.0, "SONDRA MACOLLINS GARVIN PINTO": 0.0, "ÓSCAR MAURICIO LIZCANO ARANGO": 0.0, "TOTAL_VOTOS": 523.0, "GANADOR": "IVÁN CEPEDA CASTRO", "VOTOS_GANADOR": 317.0, "PCT_GANADOR": 60.6 }, "geometry": { "type": "Point", "coordinates": [ -74.15083912, 4.56009791 ] } },
{ "type": "Feature", "properties": { "LOCALIDAD": "Ciudad Bolívar", "DIRECCION": "CRA 51 # 59 C - 93 Sur/ CLL 59 Sur # 51 - 21", "SITIO": "Gran Plaza El Ensueño", "NOMBRE": "Centro Comercial Gran Plaza El Ensueño", "ABELARDO DE LA ESPRIELLA": 2970.0, "CARLOS EDUARDO CAICEDO OMAR": 4.0, "CLAUDIA LÓPEZ": 268.0, "GUSTAVO MATAMOROS CAMACHO": 1.0, "IVÁN CEPEDA CASTRO": 6218.0, "LUIS GILBERTO MURILLO URRUTIA": 10.0, "MIGUEL URIBE LONDOÑO": 14.0, "PALOMA VALENCIA LASERNA": 614.0, "RAÚL SANTIAGO BOTERO JARAMILLO": 85.0, "ROY LEONARDO BARRERAS MONTEALEGRE": 1.0, "SERGIO FAJARDO VALDERRAMA": 755.0, "SONDRA MACOLLINS GARVIN PINTO": 7.0, "ÓSCAR MAURICIO LIZCANO ARANGO": 19.0, "TOTAL_VOTOS": 10966.0, "GANADOR": "IVÁN CEPEDA CASTRO", "VOTOS_GANADOR": 6218.0, "PCT_GANADOR": 56.7 }, "geometry": { "type": "Point", "coordinates": [ -74.15675721, 4.58121755 ] } },
{ "type": "Feature", "properties": { "LOCALIDAD": "Ciudad Bolívar", "DIRECCION": "CLL 60 Sur # 22 B - 55", "SITIO": "Casa Linda Tunal Unidad 2", "NOMBRE": "Conjunto Residencial Casa Linda Del Tunal Unidad 2", "ABELARDO DE LA ESPRIELLA": 500.0, "CARLOS EDUARDO CAICEDO OMAR": 0.0, "CLAUDIA LÓPEZ": 50.0, "GUSTAVO MATAMOROS CAMACHO": 0.0, "IVÁN CEPEDA CASTRO": 803.0, "LUIS GILBERTO MURILLO URRUTIA": 0.0, "MIGUEL URIBE LONDOÑO": 1.0, "PALOMA VALENCIA LASERNA": 121.0, "RAÚL SANTIAGO BOTERO JARAMILLO": 10.0, "ROY LEONARDO BARRERAS MONTEALEGRE": 0.0, "SERGIO FAJARDO VALDERRAMA": 97.0, "SONDRA MACOLLINS GARVIN PINTO": 0.0, "ÓSCAR MAURICIO LIZCANO ARANGO": 6.0, "TOTAL_VOTOS": 1588.0, "GANADOR": "IVÁN CEPEDA CASTRO", "VOTOS_GANADOR": 803.0, "PCT_GANADOR": 50.6 }, "geometry": { "type": "Point", "coordinates": [ -74.144705, 4.56913903 ] } },
{ "type": "Feature", "properties": { "LOCALIDAD": "Usaquén", "DIRECCION": "CLL 170 # 8 - 80 /CLL 170 # 8 - 70", "SITIO": "Anglo Americano", "NOMBRE": "Colegio Anglo Americano", "ABELARDO DE LA ESPRIELLA": 1408.0, "CARLOS EDUARDO CAICEDO OMAR": 0.0, "CLAUDIA LÓPEZ": 49.0, "GUSTAVO MATAMOROS CAMACHO": 0.0, "IVÁN CEPEDA CASTRO": 554.0, "LUIS GILBERTO MURILLO URRUTIA": 1.0, "MIGUEL URIBE LONDOÑO": 2.0, "PALOMA VALENCIA LASERNA": 370.0, "RAÚL SANTIAGO BOTERO JARAMILLO": 7.0, "ROY LEONARDO BARRERAS MONTEALEGRE": 1.0, "SERGIO FAJARDO VALDERRAMA": 282.0, "SONDRA MACOLLINS GARVIN PINTO": 3.0, "ÓSCAR MAURICIO LIZCANO ARANGO": 2.0, "TOTAL_VOTOS": 2679.0, "GANADOR": "ABELARDO DE LA ESPRIELLA", "VOTOS_GANADOR": 1408.0, "PCT_GANADOR": 52.6 }, "geometry": { "type": "Point", "coordinates": [ -74.02898539, 4.74796174 ] } },
{ "type": "Feature", "properties": { "LOCALIDAD": "Usaquén", "DIRECCION": "CRA 7  # 147 - 02", "SITIO": "Colegio Pureza de María", "NOMBRE": "Colegio Privado Pureza de María", "ABELARDO DE LA ESPRIELLA": 4352.0, "CARLOS EDUARDO CAICEDO OMAR": 0.0, "CLAUDIA LÓPEZ": 83.0, "GUSTAVO MATAMOROS CAMACHO": 1.0, "IVÁN CEPEDA CASTRO": 1124.0, "LUIS GILBERTO MURILLO URRUTIA": 0.0, "MIGUEL URIBE LONDOÑO": 2.0, "PALOMA VALENCIA LASERNA": 1280.0, "RAÚL SANTIAGO BOTERO JARAMILLO": 4.0, "ROY LEONARDO BARRERAS MONTEALEGRE": 0.0, "SERGIO FAJARDO VALDERRAMA": 825.0, "SONDRA MACOLLINS GARVIN PINTO": 3.0, "ÓSCAR MAURICIO LIZCANO ARANGO": 4.0, "TOTAL_VOTOS": 7678.0, "GANADOR": "ABELARDO DE LA ESPRIELLA", "VOTOS_GANADOR": 4352.0, "PCT_GANADOR": 56.7 }, "geometry": { "type": "Point", "coordinates": [ -74.02603039, 4.72254374 ] } },
{ "type": "Feature", "properties": { "LOCALIDAD": "Chapinero", "DIRECCION": "CRA 5 # 65 - 55", "SITIO": "Bethlemitas - CLL 65", "NOMBRE": "Colegio Bethlemitas", "ABELARDO DE LA ESPRIELLA": 1576.0, "CARLOS EDUARDO CAICEDO OMAR": 0.0, "CLAUDIA LÓPEZ": 124.0, "GUSTAVO MATAMOROS CAMACHO": 0.0, "IVÁN CEPEDA CASTRO": 1380.0, "LUIS GILBERTO MURILLO URRUTIA": 1.0, "MIGUEL URIBE LONDOÑO": 1.0, "PALOMA VALENCIA LASERNA": 1018.0, "RAÚL SANTIAGO BOTERO JARAMILLO": 2.0, "ROY LEONARDO BARRERAS MONTEALEGRE": 4.0, "SERGIO FAJARDO VALDERRAMA": 573.0, "SONDRA MACOLLINS GARVIN PINTO": 2.0, "ÓSCAR MAURICIO LIZCANO ARANGO": 3.0, "TOTAL_VOTOS": 4684.0, "GANADOR": "ABELARDO DE LA ESPRIELLA", "VOTOS_GANADOR": 1576.0, "PCT_GANADOR": 33.6 }, "geometry": { "type": "Point", "coordinates": [ -74.05779338, 4.64885684 ] } },
{ "type": "Feature", "properties": { "LOCALIDAD": "Chapinero", "DIRECCION": "CRA 9 # 51 - 11", "SITIO": "U. Santo Tomás - Claustro", "NOMBRE": "Universidad Santo Tomás", "ABELARDO DE LA ESPRIELLA": 1087.0, "CARLOS EDUARDO CAICEDO OMAR": 0.0, "CLAUDIA LÓPEZ": 105.0, "GUSTAVO MATAMOROS CAMACHO": 0.0, "IVÁN CEPEDA CASTRO": 1632.0, "LUIS GILBERTO MURILLO URRUTIA": 1.0, "MIGUEL URIBE LONDOÑO": 1.0, "PALOMA VALENCIA LASERNA": 524.0, "RAÚL SANTIAGO BOTERO JARAMILLO": 9.0, "ROY LEONARDO BARRERAS MONTEALEGRE": 3.0, "SERGIO FAJARDO VALDERRAMA": 421.0, "SONDRA MACOLLINS GARVIN PINTO": 2.0, "ÓSCAR MAURICIO LIZCANO ARANGO": 2.0, "TOTAL_VOTOS": 3787.0, "GANADOR": "IVÁN CEPEDA CASTRO", "VOTOS_GANADOR": 1632.0, "PCT_GANADOR": 43.1 }, "geometry": { "type": "Point", "coordinates": [ -74.0642537, 4.63799437 ] } },
{ "type": "Feature", "properties": { "LOCALIDAD": "Chapinero", "DIRECCION": "CRA 9 A # 63 - 28", "SITIO": "El Aquinate - U. Santo Tomás", "NOMBRE": "Universidad Santo Tomás", "ABELARDO DE LA ESPRIELLA": 599.0, "CARLOS EDUARDO CAICEDO OMAR": 0.0, "CLAUDIA LÓPEZ": 56.0, "GUSTAVO MATAMOROS CAMACHO": 0.0, "IVÁN CEPEDA CASTRO": 758.0, "LUIS GILBERTO MURILLO URRUTIA": 0.0, "MIGUEL URIBE LONDOÑO": 4.0, "PALOMA VALENCIA LASERNA": 222.0, "RAÚL SANTIAGO BOTERO JARAMILLO": 1.0, "ROY LEONARDO BARRERAS MONTEALEGRE": 1.0, "SERGIO FAJARDO VALDERRAMA": 188.0, "SONDRA MACOLLINS GARVIN PINTO": 3.0, "ÓSCAR MAURICIO LIZCANO ARANGO": 3.0, "TOTAL_VOTOS": 1835.0, "GANADOR": "IVÁN CEPEDA CASTRO", "VOTOS_GANADOR": 758.0, "PCT_GANADOR": 41.3 }, "geometry": { "type": "Point", "coordinates": [ -74.0614139, 4.64918087 ] } },
{ "type": "Feature", "properties": { "LOCALIDAD": "Chapinero", "DIRECCION": "CLL 81  # 11 - 71 / CLL 80 # 11 - 70", "SITIO": "Colegio Nuevo Gimnasio", "NOMBRE": "Colegio Nuevo Gimnasio", "ABELARDO DE LA ESPRIELLA": 547.0, "CARLOS EDUARDO CAICEDO OMAR": 0.0, "CLAUDIA LÓPEZ": 9.0, "GUSTAVO MATAMOROS CAMACHO": 0.0, "IVÁN CEPEDA CASTRO": 216.0, "LUIS GILBERTO MURILLO URRUTIA": 1.0, "MIGUEL URIBE LONDOÑO": 1.0, "PALOMA VALENCIA LASERNA": 240.0, "RAÚL SANTIAGO BOTERO JARAMILLO": 1.0, "ROY LEONARDO BARRERAS MONTEALEGRE": 1.0, "SERGIO FAJARDO VALDERRAMA": 114.0, "SONDRA MACOLLINS GARVIN PINTO": 0.0, "ÓSCAR MAURICIO LIZCANO ARANGO": 0.0, "TOTAL_VOTOS": 1130.0, "GANADOR": "ABELARDO DE LA ESPRIELLA", "VOTOS_GANADOR": 547.0, "PCT_GANADOR": 48.4 }, "geometry": { "type": "Point", "coordinates": [ -74.05461494, 4.66488425 ] } },
{ "type": "Feature", "properties": { "LOCALIDAD": "Chapinero", "DIRECCION": "CRA 14 # 47 - 44", "SITIO": "Universidad Católica", "NOMBRE": "Universidad Católica de Colombia", "ABELARDO DE LA ESPRIELLA": 928.0, "CARLOS EDUARDO CAICEDO OMAR": 0.0, "CLAUDIA LÓPEZ": 78.0, "GUSTAVO MATAMOROS CAMACHO": 0.0, "IVÁN CEPEDA CASTRO": 1574.0, "LUIS GILBERTO MURILLO URRUTIA": 2.0, "MIGUEL URIBE LONDOÑO": 0.0, "PALOMA VALENCIA LASERNA": 361.0, "RAÚL SANTIAGO BOTERO JARAMILLO": 9.0, "ROY LEONARDO BARRERAS MONTEALEGRE": 3.0, "SERGIO FAJARDO VALDERRAMA": 418.0, "SONDRA MACOLLINS GARVIN PINTO": 0.0, "ÓSCAR MAURICIO LIZCANO ARANGO": 2.0, "TOTAL_VOTOS": 3375.0, "GANADOR": "IVÁN CEPEDA CASTRO", "VOTOS_GANADOR": 1574.0, "PCT_GANADOR": 46.6 }, "geometry": { "type": "Point", "coordinates": [ -74.06707902, 4.63484898 ] } },
{ "type": "Feature", "properties": { "LOCALIDAD": "Chapinero", "DIRECCION": "CRA 5 # 59 A - 44", "SITIO": "Universidad de La Salle", "NOMBRE": "Universidad de La Salle", "ABELARDO DE LA ESPRIELLA": 1292.0, "CARLOS EDUARDO CAICEDO OMAR": 0.0, "CLAUDIA LÓPEZ": 153.0, "GUSTAVO MATAMOROS CAMACHO": 0.0, "IVÁN CEPEDA CASTRO": 1616.0, "LUIS GILBERTO MURILLO URRUTIA": 0.0, "MIGUEL URIBE LONDOÑO": 1.0, "PALOMA VALENCIA LASERNA": 771.0, "RAÚL SANTIAGO BOTERO JARAMILLO": 6.0, "ROY LEONARDO BARRERAS MONTEALEGRE": 2.0, "SERGIO FAJARDO VALDERRAMA": 571.0, "SONDRA MACOLLINS GARVIN PINTO": 1.0, "ÓSCAR MAURICIO LIZCANO ARANGO": 5.0, "TOTAL_VOTOS": 4418.0, "GANADOR": "IVÁN CEPEDA CASTRO", "VOTOS_GANADOR": 1616.0, "PCT_GANADOR": 36.6 }, "geometry": { "type": "Point", "coordinates": [ -74.06006505, 4.64473188 ] } },
{ "type": "Feature", "properties": { "LOCALIDAD": "Santa Fe", "DIRECCION": "CRA 10 # 9 - 37", "SITIO": "El Gran San", "NOMBRE": "Centro Comercial El Gran San", "ABELARDO DE LA ESPRIELLA": 680.0, "CARLOS EDUARDO CAICEDO OMAR": 0.0, "CLAUDIA LÓPEZ": 31.0, "GUSTAVO MATAMOROS CAMACHO": 1.0, "IVÁN CEPEDA CASTRO": 777.0, "LUIS GILBERTO MURILLO URRUTIA": 0.0, "MIGUEL URIBE LONDOÑO": 1.0, "PALOMA VALENCIA LASERNA": 87.0, "RAÚL SANTIAGO BOTERO JARAMILLO": 6.0, "ROY LEONARDO BARRERAS MONTEALEGRE": 1.0, "SERGIO FAJARDO VALDERRAMA": 63.0, "SONDRA MACOLLINS GARVIN PINTO": 2.0, "ÓSCAR MAURICIO LIZCANO ARANGO": 0.0, "TOTAL_VOTOS": 1649.0, "GANADOR": "IVÁN CEPEDA CASTRO", "VOTOS_GANADOR": 777.0, "PCT_GANADOR": 47.1 }, "geometry": { "type": "Point", "coordinates": [ -74.07912583, 4.59866297 ] } },
{ "type": "Feature", "properties": { "LOCALIDAD": "Santa Fe", "DIRECCION": "CLL 26 # 2 - 44 /CRA 3 # 26A - 04", "SITIO": "Colegio Ramón Jimeno", "NOMBRE": "Colegio Ramón Jimeno", "ABELARDO DE LA ESPRIELLA": 70.0, "CARLOS EDUARDO CAICEDO OMAR": 0.0, "CLAUDIA LÓPEZ": 15.0, "GUSTAVO MATAMOROS CAMACHO": 0.0, "IVÁN CEPEDA CASTRO": 253.0, "LUIS GILBERTO MURILLO URRUTIA": 0.0, "MIGUEL URIBE LONDOÑO": 0.0, "PALOMA VALENCIA LASERNA": 39.0, "RAÚL SANTIAGO BOTERO JARAMILLO": 2.0, "ROY LEONARDO BARRERAS MONTEALEGRE": 1.0, "SERGIO FAJARDO VALDERRAMA": 44.0, "SONDRA MACOLLINS GARVIN PINTO": 0.0, "ÓSCAR MAURICIO LIZCANO ARANGO": 0.0, "TOTAL_VOTOS": 424.0, "GANADOR": "IVÁN CEPEDA CASTRO", "VOTOS_GANADOR": 253.0, "PCT_GANADOR": 59.7 }, "geometry": { "type": "Point", "coordinates": [ -74.06499824, 4.60948735 ] } },
{ "type": "Feature", "properties": { "LOCALIDAD": "Santa Fe", "DIRECCION": "CLL 1 # 3 - 58 /CLL 1 # 3 - 60", "SITIO": "Colegio la Giralda", "NOMBRE": "Colegio Distrital la Giralda", "ABELARDO DE LA ESPRIELLA": 744.0, "CARLOS EDUARDO CAICEDO OMAR": 0.0, "CLAUDIA LÓPEZ": 76.0, "GUSTAVO MATAMOROS CAMACHO": 3.0, "IVÁN CEPEDA CASTRO": 1972.0, "LUIS GILBERTO MURILLO URRUTIA": 4.0, "MIGUEL URIBE LONDOÑO": 7.0, "PALOMA VALENCIA LASERNA": 140.0, "RAÚL SANTIAGO BOTERO JARAMILLO": 22.0, "ROY LEONARDO BARRERAS MONTEALEGRE": 2.0, "SERGIO FAJARDO VALDERRAMA": 170.0, "SONDRA MACOLLINS GARVIN PINTO": 1.0, "ÓSCAR MAURICIO LIZCANO ARANGO": 1.0, "TOTAL_VOTOS": 3142.0, "GANADOR": "IVÁN CEPEDA CASTRO", "VOTOS_GANADOR": 1972.0, "PCT_GANADOR": 62.8 }, "geometry": { "type": "Point", "coordinates": [ -74.07918393, 4.58329625 ] } },
{ "type": "Feature", "properties": { "LOCALIDAD": "Santa Fe", "DIRECCION": "CRA 4 # 22 Int. 1 Ed Módulo 21 / CLL 23 # 4 - 47", "SITIO": "Universidad Jorge Tadeo Lozano", "NOMBRE": "Universidad Jorge Tadeo Lozano (Parqueadero)", "ABELARDO DE LA ESPRIELLA": 829.0, "CARLOS EDUARDO CAICEDO OMAR": 0.0, "CLAUDIA LÓPEZ": 60.0, "GUSTAVO MATAMOROS CAMACHO": 0.0, "IVÁN CEPEDA CASTRO": 1832.0, "LUIS GILBERTO MURILLO URRUTIA": 0.0, "MIGUEL URIBE LONDOÑO": 0.0, "PALOMA VALENCIA LASERNA": 350.0, "RAÚL SANTIAGO BOTERO JARAMILLO": 9.0, "ROY LEONARDO BARRERAS MONTEALEGRE": 0.0, "SERGIO FAJARDO VALDERRAMA": 446.0, "SONDRA MACOLLINS GARVIN PINTO": 1.0, "ÓSCAR MAURICIO LIZCANO ARANGO": 1.0, "TOTAL_VOTOS": 3528.0, "GANADOR": "IVÁN CEPEDA CASTRO", "VOTOS_GANADOR": 1832.0, "PCT_GANADOR": 51.9 }, "geometry": { "type": "Point", "coordinates": [ -74.06791989, 4.6073954 ] } },
{ "type": "Feature", "properties": { "LOCALIDAD": "Santa Fe", "DIRECCION": "CLL 24 A # 13 - 72", "SITIO": "Universidad INCCA de Colombia", "NOMBRE": "Universidad INCCA de Colombia Sede XXX Aniversario", "ABELARDO DE LA ESPRIELLA": 253.0, "CARLOS EDUARDO CAICEDO OMAR": 0.0, "CLAUDIA LÓPEZ": 13.0, "GUSTAVO MATAMOROS CAMACHO": 0.0, "IVÁN CEPEDA CASTRO": 360.0, "LUIS GILBERTO MURILLO URRUTIA": 0.0, "MIGUEL URIBE LONDOÑO": 1.0, "PALOMA VALENCIA LASERNA": 54.0, "RAÚL SANTIAGO BOTERO JARAMILLO": 4.0, "ROY LEONARDO BARRERAS MONTEALEGRE": 0.0, "SERGIO FAJARDO VALDERRAMA": 33.0, "SONDRA MACOLLINS GARVIN PINTO": 0.0, "ÓSCAR MAURICIO LIZCANO ARANGO": 2.0, "TOTAL_VOTOS": 720.0, "GANADOR": "IVÁN CEPEDA CASTRO", "VOTOS_GANADOR": 360.0, "PCT_GANADOR": 50.0 }, "geometry": { "type": "Point", "coordinates": [ -74.07312632, 4.61182039 ] } },
{ "type": "Feature", "properties": { "LOCALIDAD": "San Cristóbal", "DIRECCION": "CLL 20 A Sur # 12 - 20 Este", "SITIO": "La Castaña", "NOMBRE": "Salón Comunal La Castaña", "ABELARDO DE LA ESPRIELLA": 252.0, "CARLOS EDUARDO CAICEDO OMAR": 2.0, "CLAUDIA LÓPEZ": 26.0, "GUSTAVO MATAMOROS CAMACHO": 0.0, "IVÁN CEPEDA CASTRO": 713.0, "LUIS GILBERTO MURILLO URRUTIA": 0.0, "MIGUEL URIBE LONDOÑO": 1.0, "PALOMA VALENCIA LASERNA": 47.0, "RAÚL SANTIAGO BOTERO JARAMILLO": 7.0, "ROY LEONARDO BARRERAS MONTEALEGRE": 0.0, "SERGIO FAJARDO VALDERRAMA": 45.0, "SONDRA MACOLLINS GARVIN PINTO": 0.0, "ÓSCAR MAURICIO LIZCANO ARANGO": 1.0, "TOTAL_VOTOS": 1094.0, "GANADOR": "IVÁN CEPEDA CASTRO", "VOTOS_GANADOR": 713.0, "PCT_GANADOR": 65.2 }, "geometry": { "type": "Point", "coordinates": [ -74.07984101, 4.56659482 ] } },
{ "type": "Feature", "properties": { "LOCALIDAD": "San Cristóbal", "DIRECCION": "CRA 1 # 36 H - 12 Sur", "SITIO": "Salón Comunal Atenas", "NOMBRE": "Salón Comunal Atenas", "ABELARDO DE LA ESPRIELLA": 329.0, "CARLOS EDUARDO CAICEDO OMAR": 1.0, "CLAUDIA LÓPEZ": 28.0, "GUSTAVO MATAMOROS CAMACHO": 0.0, "IVÁN CEPEDA CASTRO": 979.0, "LUIS GILBERTO MURILLO URRUTIA": 3.0, "MIGUEL URIBE LONDOÑO": 1.0, "PALOMA VALENCIA LASERNA": 76.0, "RAÚL SANTIAGO BOTERO JARAMILLO": 10.0, "ROY LEONARDO BARRERAS MONTEALEGRE": 0.0, "SERGIO FAJARDO VALDERRAMA": 56.0, "SONDRA MACOLLINS GARVIN PINTO": 0.0, "ÓSCAR MAURICIO LIZCANO ARANGO": 2.0, "TOTAL_VOTOS": 1485.0, "GANADOR": "IVÁN CEPEDA CASTRO", "VOTOS_GANADOR": 979.0, "PCT_GANADOR": 65.9 }, "geometry": { "type": "Point", "coordinates": [ -74.09543434, 4.55698177 ] } },
{ "type": "Feature", "properties": { "LOCALIDAD": "San Cristóbal", "DIRECCION": "Cl 8 A S 5 A 23", "SITIO": "Villa Javier La María", "NOMBRE": "Parque urbanización Villa Javier", "ABELARDO DE LA ESPRIELLA": 749.0, "CARLOS EDUARDO CAICEDO OMAR": 1.0, "CLAUDIA LÓPEZ": 54.0, "GUSTAVO MATAMOROS CAMACHO": 1.0, "IVÁN CEPEDA CASTRO": 1228.0, "LUIS GILBERTO MURILLO URRUTIA": 2.0, "MIGUEL URIBE LONDOÑO": 1.0, "PALOMA VALENCIA LASERNA": 160.0, "RAÚL SANTIAGO BOTERO JARAMILLO": 6.0, "ROY LEONARDO BARRERAS MONTEALEGRE": 1.0, "SERGIO FAJARDO VALDERRAMA": 185.0, "SONDRA MACOLLINS GARVIN PINTO": 4.0, "ÓSCAR MAURICIO LIZCANO ARANGO": 3.0, "TOTAL_VOTOS": 2395.0, "GANADOR": "IVÁN CEPEDA CASTRO", "VOTOS_GANADOR": 1228.0, "PCT_GANADOR": 51.3 }, "geometry": { "type": "Point", "coordinates": [ -74.08477374, 4.58000659 ] } },
{ "type": "Feature", "properties": { "LOCALIDAD": "Bosa", "DIRECCION": "CLL 61 Sur # 80 H - 40", "SITIO": "Claretiano - El Libertador", "NOMBRE": "Colegio Claretiano El Libertador", "ABELARDO DE LA ESPRIELLA": 252.0, "CARLOS EDUARDO CAICEDO OMAR": 1.0, "CLAUDIA LÓPEZ": 26.0, "GUSTAVO MATAMOROS CAMACHO": 0.0, "IVÁN CEPEDA CASTRO": 727.0, "LUIS GILBERTO MURILLO URRUTIA": 2.0, "MIGUEL URIBE LONDOÑO": 0.0, "PALOMA VALENCIA LASERNA": 43.0, "RAÚL SANTIAGO BOTERO JARAMILLO": 5.0, "ROY LEONARDO BARRERAS MONTEALEGRE": 1.0, "SERGIO FAJARDO VALDERRAMA": 73.0, "SONDRA MACOLLINS GARVIN PINTO": 1.0, "ÓSCAR MAURICIO LIZCANO ARANGO": 1.0, "TOTAL_VOTOS": 1132.0, "GANADOR": "IVÁN CEPEDA CASTRO", "VOTOS_GANADOR": 727.0, "PCT_GANADOR": 64.2 }, "geometry": { "type": "Point", "coordinates": [ -74.18431698, 4.61011773 ] } },
{ "type": "Feature", "properties": { "LOCALIDAD": "Bosa", "DIRECCION": "CLL 62 A Sur # 91 A - 35", "SITIO": "Gimnasio Real Americano", "NOMBRE": "Gimnasio Real Americano - Sede B", "ABELARDO DE LA ESPRIELLA": 940.0, "CARLOS EDUARDO CAICEDO OMAR": 0.0, "CLAUDIA LÓPEZ": 94.0, "GUSTAVO MATAMOROS CAMACHO": 1.0, "IVÁN CEPEDA CASTRO": 1862.0, "LUIS GILBERTO MURILLO URRUTIA": 0.0, "MIGUEL URIBE LONDOÑO": 9.0, "PALOMA VALENCIA LASERNA": 195.0, "RAÚL SANTIAGO BOTERO JARAMILLO": 23.0, "ROY LEONARDO BARRERAS MONTEALEGRE": 0.0, "SERGIO FAJARDO VALDERRAMA": 195.0, "SONDRA MACOLLINS GARVIN PINTO": 3.0, "ÓSCAR MAURICIO LIZCANO ARANGO": 7.0, "TOTAL_VOTOS": 3329.0, "GANADOR": "IVÁN CEPEDA CASTRO", "VOTOS_GANADOR": 1862.0, "PCT_GANADOR": 55.9 }, "geometry": { "type": "Point", "coordinates": [ -74.19528367, 4.62984851 ] } },
{ "type": "Feature", "properties": { "LOCALIDAD": "Bosa", "DIRECCION": "CLL 65 Sur # 100 A - 51", "SITIO": "Liceo Ciudad Capital", "NOMBRE": "Liceo Ciudad Capital", "ABELARDO DE LA ESPRIELLA": 764.0, "CARLOS EDUARDO CAICEDO OMAR": 0.0, "CLAUDIA LÓPEZ": 102.0, "GUSTAVO MATAMOROS CAMACHO": 0.0, "IVÁN CEPEDA CASTRO": 1744.0, "LUIS GILBERTO MURILLO URRUTIA": 1.0, "MIGUEL URIBE LONDOÑO": 4.0, "PALOMA VALENCIA LASERNA": 177.0, "RAÚL SANTIAGO BOTERO JARAMILLO": 20.0, "ROY LEONARDO BARRERAS MONTEALEGRE": 1.0, "SERGIO FAJARDO VALDERRAMA": 125.0, "SONDRA MACOLLINS GARVIN PINTO": 3.0, "ÓSCAR MAURICIO LIZCANO ARANGO": 6.0, "TOTAL_VOTOS": 2947.0, "GANADOR": "IVÁN CEPEDA CASTRO", "VOTOS_GANADOR": 1744.0, "PCT_GANADOR": 59.2 }, "geometry": { "type": "Point", "coordinates": [ -74.20114482, 4.63751825 ] } },
{ "type": "Feature", "properties": { "LOCALIDAD": "Bosa", "DIRECCION": "CLL 57 Sur # 86 F - 30", "SITIO": "Juan Maximiliano Ambrosio", "NOMBRE": "Colegio Distrital Orlando Higuita Rojas Sede B - Juan Maximiliano Ambrosio", "ABELARDO DE LA ESPRIELLA": 569.0, "CARLOS EDUARDO CAICEDO OMAR": 1.0, "CLAUDIA LÓPEZ": 46.0, "GUSTAVO MATAMOROS CAMACHO": 0.0, "IVÁN CEPEDA CASTRO": 1150.0, "LUIS GILBERTO MURILLO URRUTIA": 2.0, "MIGUEL URIBE LONDOÑO": 3.0, "PALOMA VALENCIA LASERNA": 118.0, "RAÚL SANTIAGO BOTERO JARAMILLO": 18.0, "ROY LEONARDO BARRERAS MONTEALEGRE": 4.0, "SERGIO FAJARDO VALDERRAMA": 69.0, "SONDRA MACOLLINS GARVIN PINTO": 0.0, "ÓSCAR MAURICIO LIZCANO ARANGO": 4.0, "TOTAL_VOTOS": 1984.0, "GANADOR": "IVÁN CEPEDA CASTRO", "VOTOS_GANADOR": 1150.0, "PCT_GANADOR": 58.0 }, "geometry": { "type": "Point", "coordinates": [ -74.18473898, 4.62281827 ] } },
{ "type": "Feature", "properties": { "LOCALIDAD": "Bosa", "DIRECCION": "CLL 71 C Sur # 77 M - 53", "SITIO": "Instituto GUIMARC", "NOMBRE": "Instituto GUIMARC", "ABELARDO DE LA ESPRIELLA": 508.0, "CARLOS EDUARDO CAICEDO OMAR": 1.0, "CLAUDIA LÓPEZ": 52.0, "GUSTAVO MATAMOROS CAMACHO": 1.0, "IVÁN CEPEDA CASTRO": 900.0, "LUIS GILBERTO MURILLO URRUTIA": 0.0, "MIGUEL URIBE LONDOÑO": 2.0, "PALOMA VALENCIA LASERNA": 79.0, "RAÚL SANTIAGO BOTERO JARAMILLO": 9.0, "ROY LEONARDO BARRERAS MONTEALEGRE": 1.0, "SERGIO FAJARDO VALDERRAMA": 71.0, "SONDRA MACOLLINS GARVIN PINTO": 2.0, "ÓSCAR MAURICIO LIZCANO ARANGO": 3.0, "TOTAL_VOTOS": 1629.0, "GANADOR": "IVÁN CEPEDA CASTRO", "VOTOS_GANADOR": 900.0, "PCT_GANADOR": 55.2 }, "geometry": { "type": "Point", "coordinates": [ -74.19576441, 4.60229809 ] } },
{ "type": "Feature", "properties": { "LOCALIDAD": "Bosa", "DIRECCION": "CRA 87 # 53 C - 26 Sur", "SITIO": "Colegio Colsubsidio Chicalá", "NOMBRE": "Colegio Colsubsidio Chicalá", "ABELARDO DE LA ESPRIELLA": 1987.0, "CARLOS EDUARDO CAICEDO OMAR": 1.0, "CLAUDIA LÓPEZ": 171.0, "GUSTAVO MATAMOROS CAMACHO": 4.0, "IVÁN CEPEDA CASTRO": 4422.0, "LUIS GILBERTO MURILLO URRUTIA": 6.0, "MIGUEL URIBE LONDOÑO": 1.0, "PALOMA VALENCIA LASERNA": 386.0, "RAÚL SANTIAGO BOTERO JARAMILLO": 48.0, "ROY LEONARDO BARRERAS MONTEALEGRE": 1.0, "SERGIO FAJARDO VALDERRAMA": 554.0, "SONDRA MACOLLINS GARVIN PINTO": 1.0, "ÓSCAR MAURICIO LIZCANO ARANGO": 11.0, "TOTAL_VOTOS": 7593.0, "GANADOR": "IVÁN CEPEDA CASTRO", "VOTOS_GANADOR": 4422.0, "PCT_GANADOR": 58.2 }, "geometry": { "type": "Point", "coordinates": [ -74.1810153, 4.62522308 ] } },
{ "type": "Feature", "properties": { "LOCALIDAD": "Bosa", "DIRECCION": "CRA 88 I # 58 A - 12 Sur", "SITIO": "Colegio Ciudadanos del Futuro", "NOMBRE": "Colegio Mixto Ciudadanos del Futuro", "ABELARDO DE LA ESPRIELLA": 1258.0, "CARLOS EDUARDO CAICEDO OMAR": 1.0, "CLAUDIA LÓPEZ": 131.0, "GUSTAVO MATAMOROS CAMACHO": 0.0, "IVÁN CEPEDA CASTRO": 3015.0, "LUIS GILBERTO MURILLO URRUTIA": 1.0, "MIGUEL URIBE LONDOÑO": 0.0, "PALOMA VALENCIA LASERNA": 225.0, "RAÚL SANTIAGO BOTERO JARAMILLO": 45.0, "ROY LEONARDO BARRERAS MONTEALEGRE": 2.0, "SERGIO FAJARDO VALDERRAMA": 289.0, "SONDRA MACOLLINS GARVIN PINTO": 0.0, "ÓSCAR MAURICIO LIZCANO ARANGO": 5.0, "TOTAL_VOTOS": 4972.0, "GANADOR": "IVÁN CEPEDA CASTRO", "VOTOS_GANADOR": 3015.0, "PCT_GANADOR": 60.6 }, "geometry": { "type": "Point", "coordinates": [ -74.19070919, 4.62802975 ] } },
{ "type": "Feature", "properties": { "LOCALIDAD": "Bosa", "DIRECCION": "CLL 65 Sur # 78H - 51", "SITIO": "C.C. Gran Plaza Bosa", "NOMBRE": "Centro Comercial Gran Plaza Bosa", "ABELARDO DE LA ESPRIELLA": 1528.0, "CARLOS EDUARDO CAICEDO OMAR": 1.0, "CLAUDIA LÓPEZ": 126.0, "GUSTAVO MATAMOROS CAMACHO": 2.0, "IVÁN CEPEDA CASTRO": 5415.0, "LUIS GILBERTO MURILLO URRUTIA": 4.0, "MIGUEL URIBE LONDOÑO": 4.0, "PALOMA VALENCIA LASERNA": 351.0, "RAÚL SANTIAGO BOTERO JARAMILLO": 63.0, "ROY LEONARDO BARRERAS MONTEALEGRE": 1.0, "SERGIO FAJARDO VALDERRAMA": 457.0, "SONDRA MACOLLINS GARVIN PINTO": 2.0, "ÓSCAR MAURICIO LIZCANO ARANGO": 4.0, "TOTAL_VOTOS": 7958.0, "GANADOR": "IVÁN CEPEDA CASTRO", "VOTOS_GANADOR": 5415.0, "PCT_GANADOR": 68.0 }, "geometry": { "type": "Point", "coordinates": [ -74.18379218, 4.60500273 ] } },
{ "type": "Feature", "properties": { "LOCALIDAD": "Kennedy", "DIRECCION": "CRA 77 Q # 45 A - 21 Sur", "SITIO": "Colegio Distrital Jackeline", "NOMBRE": "Colegio Distrital Jackeline Sede B", "ABELARDO DE LA ESPRIELLA": 381.0, "CARLOS EDUARDO CAICEDO OMAR": 2.0, "CLAUDIA LÓPEZ": 18.0, "GUSTAVO MATAMOROS CAMACHO": 0.0, "IVÁN CEPEDA CASTRO": 684.0, "LUIS GILBERTO MURILLO URRUTIA": 1.0, "MIGUEL URIBE LONDOÑO": 4.0, "PALOMA VALENCIA LASERNA": 76.0, "RAÚL SANTIAGO BOTERO JARAMILLO": 13.0, "ROY LEONARDO BARRERAS MONTEALEGRE": 0.0, "SERGIO FAJARDO VALDERRAMA": 70.0, "SONDRA MACOLLINS GARVIN PINTO": 2.0, "ÓSCAR MAURICIO LIZCANO ARANGO": 2.0, "TOTAL_VOTOS": 1253.0, "GANADOR": "IVÁN CEPEDA CASTRO", "VOTOS_GANADOR": 684.0, "PCT_GANADOR": 54.6 }, "geometry": { "type": "Point", "coordinates": [ -74.16273182, 4.6089903 ] } },
{ "type": "Feature", "properties": { "LOCALIDAD": "Kennedy", "DIRECCION": "CLL 1 Sur  # 86 - 15", "SITIO": "Colegio Luz y Vida", "NOMBRE": "Gimnasio Cristiano Luz y Vida Sede C", "ABELARDO DE LA ESPRIELLA": 703.0, "CARLOS EDUARDO CAICEDO OMAR": 0.0, "CLAUDIA LÓPEZ": 40.0, "GUSTAVO MATAMOROS CAMACHO": 0.0, "IVÁN CEPEDA CASTRO": 877.0, "LUIS GILBERTO MURILLO URRUTIA": 0.0, "MIGUEL URIBE LONDOÑO": 1.0, "PALOMA VALENCIA LASERNA": 104.0, "RAÚL SANTIAGO BOTERO JARAMILLO": 20.0, "ROY LEONARDO BARRERAS MONTEALEGRE": 2.0, "SERGIO FAJARDO VALDERRAMA": 90.0, "SONDRA MACOLLINS GARVIN PINTO": 2.0, "ÓSCAR MAURICIO LIZCANO ARANGO": 1.0, "TOTAL_VOTOS": 1840.0, "GANADOR": "IVÁN CEPEDA CASTRO", "VOTOS_GANADOR": 877.0, "PCT_GANADOR": 47.7 }, "geometry": { "type": "Point", "coordinates": [ -74.15926272, 4.63869569 ] } },
{ "type": "Feature", "properties": { "LOCALIDAD": "Kennedy", "DIRECCION": "CRA 80 A # 51 B - 29 Sur", "SITIO": "Fernando Soto Aparicio Sede B", "NOMBRE": "Colegio Fernando Soto Aparicio Sede B", "ABELARDO DE LA ESPRIELLA": 555.0, "CARLOS EDUARDO CAICEDO OMAR": 0.0, "CLAUDIA LÓPEZ": 37.0, "GUSTAVO MATAMOROS CAMACHO": 0.0, "IVÁN CEPEDA CASTRO": 843.0, "LUIS GILBERTO MURILLO URRUTIA": 1.0, "MIGUEL URIBE LONDOÑO": 4.0, "PALOMA VALENCIA LASERNA": 108.0, "RAÚL SANTIAGO BOTERO JARAMILLO": 5.0, "ROY LEONARDO BARRERAS MONTEALEGRE": 1.0, "SERGIO FAJARDO VALDERRAMA": 86.0, "SONDRA MACOLLINS GARVIN PINTO": 1.0, "ÓSCAR MAURICIO LIZCANO ARANGO": 4.0, "TOTAL_VOTOS": 1645.0, "GANADOR": "IVÁN CEPEDA CASTRO", "VOTOS_GANADOR": 843.0, "PCT_GANADOR": 51.2 }, "geometry": { "type": "Point", "coordinates": [ -74.172626, 4.617238 ] } },
{ "type": "Feature", "properties": { "LOCALIDAD": "Kennedy", "DIRECCION": "CLL 8 Bis # 81 - 40 ", "SITIO": "Salón Comunal Monterrey", "NOMBRE": "Salón Comunal Monterrey", "ABELARDO DE LA ESPRIELLA": 880.0, "CARLOS EDUARDO CAICEDO OMAR": 0.0, "CLAUDIA LÓPEZ": 53.0, "GUSTAVO MATAMOROS CAMACHO": 1.0, "IVÁN CEPEDA CASTRO": 891.0, "LUIS GILBERTO MURILLO URRUTIA": 1.0, "MIGUEL URIBE LONDOÑO": 3.0, "PALOMA VALENCIA LASERNA": 135.0, "RAÚL SANTIAGO BOTERO JARAMILLO": 9.0, "ROY LEONARDO BARRERAS MONTEALEGRE": 1.0, "SERGIO FAJARDO VALDERRAMA": 147.0, "SONDRA MACOLLINS GARVIN PINTO": 1.0, "ÓSCAR MAURICIO LIZCANO ARANGO": 4.0, "TOTAL_VOTOS": 2126.0, "GANADOR": "IVÁN CEPEDA CASTRO", "VOTOS_GANADOR": 891.0, "PCT_GANADOR": 41.9 }, "geometry": { "type": "Point", "coordinates": [ -74.14783572, 4.6430975 ] } },
{ "type": "Feature", "properties": { "LOCALIDAD": "Kennedy", "DIRECCION": "AV CRA 86 # 6 - 37 /AV Ciudad Cali con Américas", "SITIO": "Centro Comercial Tintal Plaza", "NOMBRE": "Centro Comercial Tintal Plaza", "ABELARDO DE LA ESPRIELLA": 3562.0, "CARLOS EDUARDO CAICEDO OMAR": 0.0, "CLAUDIA LÓPEZ": 300.0, "GUSTAVO MATAMOROS CAMACHO": 3.0, "IVÁN CEPEDA CASTRO": 6782.0, "LUIS GILBERTO MURILLO URRUTIA": 3.0, "MIGUEL URIBE LONDOÑO": 9.0, "PALOMA VALENCIA LASERNA": 637.0, "RAÚL SANTIAGO BOTERO JARAMILLO": 59.0, "ROY LEONARDO BARRERAS MONTEALEGRE": 3.0, "SERGIO FAJARDO VALDERRAMA": 959.0, "SONDRA MACOLLINS GARVIN PINTO": 5.0, "ÓSCAR MAURICIO LIZCANO ARANGO": 16.0, "TOTAL_VOTOS": 12338.0, "GANADOR": "IVÁN CEPEDA CASTRO", "VOTOS_GANADOR": 6782.0, "PCT_GANADOR": 55.0 }, "geometry": { "type": "Point", "coordinates": [ -74.15541178, 4.64176922 ] } },
{ "type": "Feature", "properties": { "LOCALIDAD": "Kennedy", "DIRECCION": "CLL 54 Sur # 81 H - 15", "SITIO": "Sagrado Corazón", "NOMBRE": "Colegio Sagrado Corazón Sede Principal", "ABELARDO DE LA ESPRIELLA": 225.0, "CARLOS EDUARDO CAICEDO OMAR": 0.0, "CLAUDIA LÓPEZ": 14.0, "GUSTAVO MATAMOROS CAMACHO": 0.0, "IVÁN CEPEDA CASTRO": 350.0, "LUIS GILBERTO MURILLO URRUTIA": 1.0, "MIGUEL URIBE LONDOÑO": 0.0, "PALOMA VALENCIA LASERNA": 36.0, "RAÚL SANTIAGO BOTERO JARAMILLO": 4.0, "ROY LEONARDO BARRERAS MONTEALEGRE": 0.0, "SERGIO FAJARDO VALDERRAMA": 44.0, "SONDRA MACOLLINS GARVIN PINTO": 0.0, "ÓSCAR MAURICIO LIZCANO ARANGO": 0.0, "TOTAL_VOTOS": 674.0, "GANADOR": "IVÁN CEPEDA CASTRO", "VOTOS_GANADOR": 350.0, "PCT_GANADOR": 51.9 }, "geometry": { "type": "Point", "coordinates": [ -74.1771205, 4.62034768 ] } },
{ "type": "Feature", "properties": { "LOCALIDAD": "Kennedy", "DIRECCION": "CLL 2 # 93 - 28", "SITIO": "Col. Dis. CODEMA", "NOMBRE": "Colegio Distrital CODEMA", "ABELARDO DE LA ESPRIELLA": 2238.0, "CARLOS EDUARDO CAICEDO OMAR": 1.0, "CLAUDIA LÓPEZ": 212.0, "GUSTAVO MATAMOROS CAMACHO": 0.0, "IVÁN CEPEDA CASTRO": 4313.0, "LUIS GILBERTO MURILLO URRUTIA": 4.0, "MIGUEL URIBE LONDOÑO": 4.0, "PALOMA VALENCIA LASERNA": 407.0, "RAÚL SANTIAGO BOTERO JARAMILLO": 53.0, "ROY LEONARDO BARRERAS MONTEALEGRE": 2.0, "SERGIO FAJARDO VALDERRAMA": 476.0, "SONDRA MACOLLINS GARVIN PINTO": 7.0, "ÓSCAR MAURICIO LIZCANO ARANGO": 10.0, "TOTAL_VOTOS": 7727.0, "GANADOR": "IVÁN CEPEDA CASTRO", "VOTOS_GANADOR": 4313.0, "PCT_GANADOR": 55.8 }, "geometry": { "type": "Point", "coordinates": [ -74.16555885, 4.64829352 ] } },
{ "type": "Feature", "properties": { "LOCALIDAD": "Kennedy", "DIRECCION": "CRA 78 J # 54 - 16 Sur", "SITIO": "Salón Comunal Roma IV", "NOMBRE": "Salón Comunal Roma IV Segundo Sector", "ABELARDO DE LA ESPRIELLA": 861.0, "CARLOS EDUARDO CAICEDO OMAR": 0.0, "CLAUDIA LÓPEZ": 58.0, "GUSTAVO MATAMOROS CAMACHO": 0.0, "IVÁN CEPEDA CASTRO": 1510.0, "LUIS GILBERTO MURILLO URRUTIA": 0.0, "MIGUEL URIBE LONDOÑO": 1.0, "PALOMA VALENCIA LASERNA": 192.0, "RAÚL SANTIAGO BOTERO JARAMILLO": 24.0, "ROY LEONARDO BARRERAS MONTEALEGRE": 0.0, "SERGIO FAJARDO VALDERRAMA": 183.0, "SONDRA MACOLLINS GARVIN PINTO": 2.0, "ÓSCAR MAURICIO LIZCANO ARANGO": 4.0, "TOTAL_VOTOS": 2835.0, "GANADOR": "IVÁN CEPEDA CASTRO", "VOTOS_GANADOR": 1510.0, "PCT_GANADOR": 53.3 }, "geometry": { "type": "Point", "coordinates": [ -74.17060252, 4.61130711 ] } },
{ "type": "Feature", "properties": { "LOCALIDAD": "Kennedy", "DIRECCION": "CLL 38 C Sur # 79 - 08", "SITIO": "INEM Francisco de Paula Santander Sede A", "NOMBRE": "Colegio Distrital INEM Francisco de Paula Santander", "ABELARDO DE LA ESPRIELLA": 2018.0, "CARLOS EDUARDO CAICEDO OMAR": 2.0, "CLAUDIA LÓPEZ": 106.0, "GUSTAVO MATAMOROS CAMACHO": 1.0, "IVÁN CEPEDA CASTRO": 3856.0, "LUIS GILBERTO MURILLO URRUTIA": 2.0, "MIGUEL URIBE LONDOÑO": 2.0, "PALOMA VALENCIA LASERNA": 332.0, "RAÚL SANTIAGO BOTERO JARAMILLO": 67.0, "ROY LEONARDO BARRERAS MONTEALEGRE": 5.0, "SERGIO FAJARDO VALDERRAMA": 555.0, "SONDRA MACOLLINS GARVIN PINTO": 1.0, "ÓSCAR MAURICIO LIZCANO ARANGO": 7.0, "TOTAL_VOTOS": 6954.0, "GANADOR": "IVÁN CEPEDA CASTRO", "VOTOS_GANADOR": 3856.0, "PCT_GANADOR": 55.5 }, "geometry": { "type": "Point", "coordinates": [ -74.15550351, 4.62498283 ] } },
{ "type": "Feature", "properties": { "LOCALIDAD": "Kennedy", "DIRECCION": "TRV 73 A Bis B # 36 - 47 Sur", "SITIO": "Fernando Soto Aparicio", "NOMBRE": "Colegio Fernando Soto Aparicio – Nuevo Kennedy", "ABELARDO DE LA ESPRIELLA": 312.0, "CARLOS EDUARDO CAICEDO OMAR": 1.0, "CLAUDIA LÓPEZ": 19.0, "GUSTAVO MATAMOROS CAMACHO": 0.0, "IVÁN CEPEDA CASTRO": 412.0, "LUIS GILBERTO MURILLO URRUTIA": 0.0, "MIGUEL URIBE LONDOÑO": 1.0, "PALOMA VALENCIA LASERNA": 54.0, "RAÚL SANTIAGO BOTERO JARAMILLO": 7.0, "ROY LEONARDO BARRERAS MONTEALEGRE": 0.0, "SERGIO FAJARDO VALDERRAMA": 67.0, "SONDRA MACOLLINS GARVIN PINTO": 0.0, "ÓSCAR MAURICIO LIZCANO ARANGO": 0.0, "TOTAL_VOTOS": 873.0, "GANADOR": "IVÁN CEPEDA CASTRO", "VOTOS_GANADOR": 412.0, "PCT_GANADOR": 47.2 }, "geometry": { "type": "Point", "coordinates": [ -74.14748937, 4.61881404 ] } },
{ "type": "Feature", "properties": { "LOCALIDAD": "Kennedy", "DIRECCION": "CRA 68 L  #37 D - 38 Sur /CRA 68 I # 37 D - 02 Sur / CLL 38 Sur # 68 J - 50", "SITIO": "Salón Comunal Carvajal Osorio", "NOMBRE": "Salón Comunal Carvajal Osorio", "ABELARDO DE LA ESPRIELLA": 386.0, "CARLOS EDUARDO CAICEDO OMAR": 0.0, "CLAUDIA LÓPEZ": 33.0, "GUSTAVO MATAMOROS CAMACHO": 0.0, "IVÁN CEPEDA CASTRO": 602.0, "LUIS GILBERTO MURILLO URRUTIA": 0.0, "MIGUEL URIBE LONDOÑO": 2.0, "PALOMA VALENCIA LASERNA": 72.0, "RAÚL SANTIAGO BOTERO JARAMILLO": 9.0, "ROY LEONARDO BARRERAS MONTEALEGRE": 0.0, "SERGIO FAJARDO VALDERRAMA": 89.0, "SONDRA MACOLLINS GARVIN PINTO": 1.0, "ÓSCAR MAURICIO LIZCANO ARANGO": 1.0, "TOTAL_VOTOS": 1195.0, "GANADOR": "IVÁN CEPEDA CASTRO", "VOTOS_GANADOR": 602.0, "PCT_GANADOR": 50.4 }, "geometry": { "type": "Point", "coordinates": [ -74.138358, 4.606929 ] } },
{ "type": "Feature", "properties": { "LOCALIDAD": "Kennedy", "DIRECCION": "CRA 70 B # 24 A 40 Sur", "SITIO": "Salón Comunal Carvajal II Sector", "NOMBRE": "Salón Comunal Carvajal II Sector", "ABELARDO DE LA ESPRIELLA": 182.0, "CARLOS EDUARDO CAICEDO OMAR": 0.0, "CLAUDIA LÓPEZ": 13.0, "GUSTAVO MATAMOROS CAMACHO": 0.0, "IVÁN CEPEDA CASTRO": 190.0, "LUIS GILBERTO MURILLO URRUTIA": 0.0, "MIGUEL URIBE LONDOÑO": 0.0, "PALOMA VALENCIA LASERNA": 32.0, "RAÚL SANTIAGO BOTERO JARAMILLO": 7.0, "ROY LEONARDO BARRERAS MONTEALEGRE": 0.0, "SERGIO FAJARDO VALDERRAMA": 26.0, "SONDRA MACOLLINS GARVIN PINTO": 0.0, "ÓSCAR MAURICIO LIZCANO ARANGO": 0.0, "TOTAL_VOTOS": 450.0, "GANADOR": "IVÁN CEPEDA CASTRO", "VOTOS_GANADOR": 190.0, "PCT_GANADOR": 42.2 }, "geometry": { "type": "Point", "coordinates": [ -74.13591236, 4.61602325 ] } },
{ "type": "Feature", "properties": { "LOCALIDAD": "Kennedy", "DIRECCION": "CLL 9 C # 68 - 52", "SITIO": "Nicolás Esguerra", "NOMBRE": "Colegio Nicolás Esguerra", "ABELARDO DE LA ESPRIELLA": 200.0, "CARLOS EDUARDO CAICEDO OMAR": 0.0, "CLAUDIA LÓPEZ": 15.0, "GUSTAVO MATAMOROS CAMACHO": 0.0, "IVÁN CEPEDA CASTRO": 177.0, "LUIS GILBERTO MURILLO URRUTIA": 1.0, "MIGUEL URIBE LONDOÑO": 0.0, "PALOMA VALENCIA LASERNA": 34.0, "RAÚL SANTIAGO BOTERO JARAMILLO": 1.0, "ROY LEONARDO BARRERAS MONTEALEGRE": 0.0, "SERGIO FAJARDO VALDERRAMA": 58.0, "SONDRA MACOLLINS GARVIN PINTO": 0.0, "ÓSCAR MAURICIO LIZCANO ARANGO": 5.0, "TOTAL_VOTOS": 491.0, "GANADOR": "ABELARDO DE LA ESPRIELLA", "VOTOS_GANADOR": 200.0, "PCT_GANADOR": 40.7 }, "geometry": { "type": "Point", "coordinates": [ -74.12260323, 4.63232611 ] } },
{ "type": "Feature", "properties": { "LOCALIDAD": "Kennedy", "DIRECCION": "CRA 69 # 8 - 28", "SITIO": "Salón Comunal Marsella", "NOMBRE": "Salón Comunal Marsella", "ABELARDO DE LA ESPRIELLA": 1288.0, "CARLOS EDUARDO CAICEDO OMAR": 0.0, "CLAUDIA LÓPEZ": 73.0, "GUSTAVO MATAMOROS CAMACHO": 1.0, "IVÁN CEPEDA CASTRO": 1138.0, "LUIS GILBERTO MURILLO URRUTIA": 2.0, "MIGUEL URIBE LONDOÑO": 2.0, "PALOMA VALENCIA LASERNA": 258.0, "RAÚL SANTIAGO BOTERO JARAMILLO": 13.0, "ROY LEONARDO BARRERAS MONTEALEGRE": 3.0, "SERGIO FAJARDO VALDERRAMA": 349.0, "SONDRA MACOLLINS GARVIN PINTO": 1.0, "ÓSCAR MAURICIO LIZCANO ARANGO": 4.0, "TOTAL_VOTOS": 3132.0, "GANADOR": "ABELARDO DE LA ESPRIELLA", "VOTOS_GANADOR": 1288.0, "PCT_GANADOR": 41.1 }, "geometry": { "type": "Point", "coordinates": [ -74.12702548, 4.63297638 ] } },
{ "type": "Feature", "properties": { "LOCALIDAD": "Kennedy", "DIRECCION": "DIAG 2 D # 79 C - 83", "SITIO": "Isabel II", "NOMBRE": "Colegio Isabel II", "ABELARDO DE LA ESPRIELLA": 624.0, "CARLOS EDUARDO CAICEDO OMAR": 0.0, "CLAUDIA LÓPEZ": 54.0, "GUSTAVO MATAMOROS CAMACHO": 0.0, "IVÁN CEPEDA CASTRO": 863.0, "LUIS GILBERTO MURILLO URRUTIA": 3.0, "MIGUEL URIBE LONDOÑO": 1.0, "PALOMA VALENCIA LASERNA": 113.0, "RAÚL SANTIAGO BOTERO JARAMILLO": 10.0, "ROY LEONARDO BARRERAS MONTEALEGRE": 0.0, "SERGIO FAJARDO VALDERRAMA": 126.0, "SONDRA MACOLLINS GARVIN PINTO": 0.0, "ÓSCAR MAURICIO LIZCANO ARANGO": 0.0, "TOTAL_VOTOS": 1794.0, "GANADOR": "IVÁN CEPEDA CASTRO", "VOTOS_GANADOR": 863.0, "PCT_GANADOR": 48.1 }, "geometry": { "type": "Point", "coordinates": [ -74.15294975, 4.63356968 ] } },
{ "type": "Feature", "properties": { "LOCALIDAD": "Kennedy", "DIRECCION": "CLL 39 Sur # 68 F - 15", "SITIO": "Liceo Reynel", "NOMBRE": "Liceo Reynel", "ABELARDO DE LA ESPRIELLA": 173.0, "CARLOS EDUARDO CAICEDO OMAR": 0.0, "CLAUDIA LÓPEZ": 15.0, "GUSTAVO MATAMOROS CAMACHO": 0.0, "IVÁN CEPEDA CASTRO": 189.0, "LUIS GILBERTO MURILLO URRUTIA": 0.0, "MIGUEL URIBE LONDOÑO": 1.0, "PALOMA VALENCIA LASERNA": 43.0, "RAÚL SANTIAGO BOTERO JARAMILLO": 2.0, "ROY LEONARDO BARRERAS MONTEALEGRE": 0.0, "SERGIO FAJARDO VALDERRAMA": 37.0, "SONDRA MACOLLINS GARVIN PINTO": 0.0, "ÓSCAR MAURICIO LIZCANO ARANGO": 1.0, "TOTAL_VOTOS": 461.0, "GANADOR": "IVÁN CEPEDA CASTRO", "VOTOS_GANADOR": 189.0, "PCT_GANADOR": 41.0 }, "geometry": { "type": "Point", "coordinates": [ -74.13856754, 4.602634 ] } },
{ "type": "Feature", "properties": { "LOCALIDAD": "Kennedy", "DIRECCION": "CRA 69 # 39 - 27  Sur / CRA 69 Bis # 39 - 30 Sur", "SITIO": "Colegio OEA Antonia Santos", "NOMBRE": "Colegio OEA Sede  Antonia Santos", "ABELARDO DE LA ESPRIELLA": 289.0, "CARLOS EDUARDO CAICEDO OMAR": 1.0, "CLAUDIA LÓPEZ": 13.0, "GUSTAVO MATAMOROS CAMACHO": 0.0, "IVÁN CEPEDA CASTRO": 330.0, "LUIS GILBERTO MURILLO URRUTIA": 0.0, "MIGUEL URIBE LONDOÑO": 0.0, "PALOMA VALENCIA LASERNA": 51.0, "RAÚL SANTIAGO BOTERO JARAMILLO": 9.0, "ROY LEONARDO BARRERAS MONTEALEGRE": 0.0, "SERGIO FAJARDO VALDERRAMA": 30.0, "SONDRA MACOLLINS GARVIN PINTO": 0.0, "ÓSCAR MAURICIO LIZCANO ARANGO": 0.0, "TOTAL_VOTOS": 723.0, "GANADOR": "IVÁN CEPEDA CASTRO", "VOTOS_GANADOR": 330.0, "PCT_GANADOR": 45.6 }, "geometry": { "type": "Point", "coordinates": [ -74.14082055, 4.60908069 ] } },
{ "type": "Feature", "properties": { "LOCALIDAD": "Kennedy", "DIRECCION": "CRA 72 R Bis # 48 - 11 Sur", "SITIO": "Salón Comunal Boita II Sector", "NOMBRE": "Salón Comunal Boita II Sector", "ABELARDO DE LA ESPRIELLA": 434.0, "CARLOS EDUARDO CAICEDO OMAR": 2.0, "CLAUDIA LÓPEZ": 32.0, "GUSTAVO MATAMOROS CAMACHO": 0.0, "IVÁN CEPEDA CASTRO": 608.0, "LUIS GILBERTO MURILLO URRUTIA": 0.0, "MIGUEL URIBE LONDOÑO": 1.0, "PALOMA VALENCIA LASERNA": 87.0, "RAÚL SANTIAGO BOTERO JARAMILLO": 11.0, "ROY LEONARDO BARRERAS MONTEALEGRE": 0.0, "SERGIO FAJARDO VALDERRAMA": 108.0, "SONDRA MACOLLINS GARVIN PINTO": 0.0, "ÓSCAR MAURICIO LIZCANO ARANGO": 3.0, "TOTAL_VOTOS": 1286.0, "GANADOR": "IVÁN CEPEDA CASTRO", "VOTOS_GANADOR": 608.0, "PCT_GANADOR": 47.3 }, "geometry": { "type": "Point", "coordinates": [ -74.15639227, 4.60408742 ] } },
{ "type": "Feature", "properties": { "LOCALIDAD": "Kennedy", "DIRECCION": "CRA 72 Q Bis #43 - 06 Sur /CLL 43 Sur # 72Q - 45", "SITIO": "Salón Comunal Santa Catalina", "NOMBRE": "Salón Comunal Santa Catalina", "ABELARDO DE LA ESPRIELLA": 206.0, "CARLOS EDUARDO CAICEDO OMAR": 1.0, "CLAUDIA LÓPEZ": 23.0, "GUSTAVO MATAMOROS CAMACHO": 0.0, "IVÁN CEPEDA CASTRO": 287.0, "LUIS GILBERTO MURILLO URRUTIA": 1.0, "MIGUEL URIBE LONDOÑO": 0.0, "PALOMA VALENCIA LASERNA": 32.0, "RAÚL SANTIAGO BOTERO JARAMILLO": 6.0, "ROY LEONARDO BARRERAS MONTEALEGRE": 0.0, "SERGIO FAJARDO VALDERRAMA": 35.0, "SONDRA MACOLLINS GARVIN PINTO": 1.0, "ÓSCAR MAURICIO LIZCANO ARANGO": 3.0, "TOTAL_VOTOS": 595.0, "GANADOR": "IVÁN CEPEDA CASTRO", "VOTOS_GANADOR": 287.0, "PCT_GANADOR": 48.2 }, "geometry": { "type": "Point", "coordinates": [ -74.15486891, 4.6061086 ] } },
{ "type": "Feature", "properties": { "LOCALIDAD": "Kennedy", "DIRECCION": "CLL 4 # 71 A - 41", "SITIO": "Colegio Integración Moderna", "NOMBRE": "Colegio Privado de Integración Moderna", "ABELARDO DE LA ESPRIELLA": 583.0, "CARLOS EDUARDO CAICEDO OMAR": 0.0, "CLAUDIA LÓPEZ": 50.0, "GUSTAVO MATAMOROS CAMACHO": 0.0, "IVÁN CEPEDA CASTRO": 441.0, "LUIS GILBERTO MURILLO URRUTIA": 0.0, "MIGUEL URIBE LONDOÑO": 0.0, "PALOMA VALENCIA LASERNA": 134.0, "RAÚL SANTIAGO BOTERO JARAMILLO": 6.0, "ROY LEONARDO BARRERAS MONTEALEGRE": 0.0, "SERGIO FAJARDO VALDERRAMA": 166.0, "SONDRA MACOLLINS GARVIN PINTO": 0.0, "ÓSCAR MAURICIO LIZCANO ARANGO": 3.0, "TOTAL_VOTOS": 1383.0, "GANADOR": "ABELARDO DE LA ESPRIELLA", "VOTOS_GANADOR": 583.0, "PCT_GANADOR": 42.2 }, "geometry": { "type": "Point", "coordinates": [ -74.13479142, 4.62674213 ] } },
{ "type": "Feature", "properties": { "LOCALIDAD": "Fontibon", "DIRECCION": "CLL 22 F # 109 B - 29", "SITIO": "Integrado Sede B", "NOMBRE": "Colegio Distrital Integrado - Sede B", "ABELARDO DE LA ESPRIELLA": 338.0, "CARLOS EDUARDO CAICEDO OMAR": 0.0, "CLAUDIA LÓPEZ": 20.0, "GUSTAVO MATAMOROS CAMACHO": 0.0, "IVÁN CEPEDA CASTRO": 613.0, "LUIS GILBERTO MURILLO URRUTIA": 0.0, "MIGUEL URIBE LONDOÑO": 1.0, "PALOMA VALENCIA LASERNA": 89.0, "RAÚL SANTIAGO BOTERO JARAMILLO": 12.0, "ROY LEONARDO BARRERAS MONTEALEGRE": 1.0, "SERGIO FAJARDO VALDERRAMA": 54.0, "SONDRA MACOLLINS GARVIN PINTO": 3.0, "ÓSCAR MAURICIO LIZCANO ARANGO": 1.0, "TOTAL_VOTOS": 1132.0, "GANADOR": "IVÁN CEPEDA CASTRO", "VOTOS_GANADOR": 613.0, "PCT_GANADOR": 54.2 }, "geometry": { "type": "Point", "coordinates": [ -74.14624405, 4.68311941 ] } },
{ "type": "Feature", "properties": { "LOCALIDAD": "Fontibon", "DIRECCION": "CRA 104 # 13 D - 35 / CRA 106 # 15 A - 32", "SITIO": "ACUNAR", "NOMBRE": "Jardín Infantil ACUNAR Sabana Grande", "ABELARDO DE LA ESPRIELLA": 1149.0, "CARLOS EDUARDO CAICEDO OMAR": 2.0, "CLAUDIA LÓPEZ": 90.0, "GUSTAVO MATAMOROS CAMACHO": 1.0, "IVÁN CEPEDA CASTRO": 1379.0, "LUIS GILBERTO MURILLO URRUTIA": 1.0, "MIGUEL URIBE LONDOÑO": 0.0, "PALOMA VALENCIA LASERNA": 221.0, "RAÚL SANTIAGO BOTERO JARAMILLO": 20.0, "ROY LEONARDO BARRERAS MONTEALEGRE": 3.0, "SERGIO FAJARDO VALDERRAMA": 255.0, "SONDRA MACOLLINS GARVIN PINTO": 1.0, "ÓSCAR MAURICIO LIZCANO ARANGO": 0.0, "TOTAL_VOTOS": 3122.0, "GANADOR": "IVÁN CEPEDA CASTRO", "VOTOS_GANADOR": 1379.0, "PCT_GANADOR": 44.2 }, "geometry": { "type": "Point", "coordinates": [ -74.15744063, 4.6680038 ] } },
{ "type": "Feature", "properties": { "LOCALIDAD": "Fontibon", "DIRECCION": "DIAG 15 D # 98 - 40", "SITIO": "Casa Pensamiento Intercultural", "NOMBRE": "Casa de Pensamiento Intercultural", "ABELARDO DE LA ESPRIELLA": 642.0, "CARLOS EDUARDO CAICEDO OMAR": 1.0, "CLAUDIA LÓPEZ": 26.0, "GUSTAVO MATAMOROS CAMACHO": 0.0, "IVÁN CEPEDA CASTRO": 737.0, "LUIS GILBERTO MURILLO URRUTIA": 0.0, "MIGUEL URIBE LONDOÑO": 0.0, "PALOMA VALENCIA LASERNA": 113.0, "RAÚL SANTIAGO BOTERO JARAMILLO": 8.0, "ROY LEONARDO BARRERAS MONTEALEGRE": 1.0, "SERGIO FAJARDO VALDERRAMA": 138.0, "SONDRA MACOLLINS GARVIN PINTO": 2.0, "ÓSCAR MAURICIO LIZCANO ARANGO": 5.0, "TOTAL_VOTOS": 1673.0, "GANADOR": "IVÁN CEPEDA CASTRO", "VOTOS_GANADOR": 737.0, "PCT_GANADOR": 44.1 }, "geometry": { "type": "Point", "coordinates": [ -74.1517436, 4.6663529 ] } },
{ "type": "Feature", "properties": { "LOCALIDAD": "Fontibon", "DIRECCION": "CLL 23 G # 103 - 60 /CRA 103 # 23 G - 01", "SITIO": "Colegio Luis Ángel Arango", "NOMBRE": "Colegio Distrital Luis Ángel Arango", "ABELARDO DE LA ESPRIELLA": 608.0, "CARLOS EDUARDO CAICEDO OMAR": 0.0, "CLAUDIA LÓPEZ": 28.0, "GUSTAVO MATAMOROS CAMACHO": 1.0, "IVÁN CEPEDA CASTRO": 961.0, "LUIS GILBERTO MURILLO URRUTIA": 2.0, "MIGUEL URIBE LONDOÑO": 0.0, "PALOMA VALENCIA LASERNA": 140.0, "RAÚL SANTIAGO BOTERO JARAMILLO": 14.0, "ROY LEONARDO BARRERAS MONTEALEGRE": 0.0, "SERGIO FAJARDO VALDERRAMA": 137.0, "SONDRA MACOLLINS GARVIN PINTO": 1.0, "ÓSCAR MAURICIO LIZCANO ARANGO": 5.0, "TOTAL_VOTOS": 1897.0, "GANADOR": "IVÁN CEPEDA CASTRO", "VOTOS_GANADOR": 961.0, "PCT_GANADOR": 50.7 }, "geometry": { "type": "Point", "coordinates": [ -74.13755125, 4.68185269 ] } },
{ "type": "Feature", "properties": { "LOCALIDAD": "Fontibon", "DIRECCION": "CRA 97 # 22 G - 15", "SITIO": "Ferrocaja", "NOMBRE": "Vía Pública Colegio Distrital Villemar El Carmen Sede C", "ABELARDO DE LA ESPRIELLA": 299.0, "CARLOS EDUARDO CAICEDO OMAR": 0.0, "CLAUDIA LÓPEZ": 13.0, "GUSTAVO MATAMOROS CAMACHO": 0.0, "IVÁN CEPEDA CASTRO": 362.0, "LUIS GILBERTO MURILLO URRUTIA": 0.0, "MIGUEL URIBE LONDOÑO": 3.0, "PALOMA VALENCIA LASERNA": 81.0, "RAÚL SANTIAGO BOTERO JARAMILLO": 4.0, "ROY LEONARDO BARRERAS MONTEALEGRE": 1.0, "SERGIO FAJARDO VALDERRAMA": 96.0, "SONDRA MACOLLINS GARVIN PINTO": 2.0, "ÓSCAR MAURICIO LIZCANO ARANGO": 3.0, "TOTAL_VOTOS": 864.0, "GANADOR": "IVÁN CEPEDA CASTRO", "VOTOS_GANADOR": 362.0, "PCT_GANADOR": 41.9 }, "geometry": { "type": "Point", "coordinates": [ -74.13840759, 4.6760202 ] } },
{ "type": "Feature", "properties": { "LOCALIDAD": "Fontibon", "DIRECCION": "CLL 17 F # 128 - 45", "SITIO": "El Charco", "NOMBRE": "Colegio Distrital Antonio Van Üden Sede B", "ABELARDO DE LA ESPRIELLA": 221.0, "CARLOS EDUARDO CAICEDO OMAR": 1.0, "CLAUDIA LÓPEZ": 13.0, "GUSTAVO MATAMOROS CAMACHO": 0.0, "IVÁN CEPEDA CASTRO": 398.0, "LUIS GILBERTO MURILLO URRUTIA": 0.0, "MIGUEL URIBE LONDOÑO": 0.0, "PALOMA VALENCIA LASERNA": 37.0, "RAÚL SANTIAGO BOTERO JARAMILLO": 6.0, "ROY LEONARDO BARRERAS MONTEALEGRE": 0.0, "SERGIO FAJARDO VALDERRAMA": 51.0, "SONDRA MACOLLINS GARVIN PINTO": 0.0, "ÓSCAR MAURICIO LIZCANO ARANGO": 0.0, "TOTAL_VOTOS": 727.0, "GANADOR": "IVÁN CEPEDA CASTRO", "VOTOS_GANADOR": 398.0, "PCT_GANADOR": 54.7 }, "geometry": { "type": "Point", "coordinates": [ -74.16143794, 4.69248753 ] } },
{ "type": "Feature", "properties": { "LOCALIDAD": "Fontibon", "DIRECCION": "CLL 19 A # 72 - 57", "SITIO": "Multiplaza", "NOMBRE": "Centro Comercial Multiplaza", "ABELARDO DE LA ESPRIELLA": 5827.0, "CARLOS EDUARDO CAICEDO OMAR": 1.0, "CLAUDIA LÓPEZ": 268.0, "GUSTAVO MATAMOROS CAMACHO": 1.0, "IVÁN CEPEDA CASTRO": 3383.0, "LUIS GILBERTO MURILLO URRUTIA": 4.0, "MIGUEL URIBE LONDOÑO": 2.0, "PALOMA VALENCIA LASERNA": 1182.0, "RAÚL SANTIAGO BOTERO JARAMILLO": 19.0, "ROY LEONARDO BARRERAS MONTEALEGRE": 5.0, "SERGIO FAJARDO VALDERRAMA": 1261.0, "SONDRA MACOLLINS GARVIN PINTO": 3.0, "ÓSCAR MAURICIO LIZCANO ARANGO": 12.0, "TOTAL_VOTOS": 11968.0, "GANADOR": "ABELARDO DE LA ESPRIELLA", "VOTOS_GANADOR": 5827.0, "PCT_GANADOR": 48.7 }, "geometry": { "type": "Point", "coordinates": [ -74.12499242, 4.65333024 ] } },
{ "type": "Feature", "properties": { "LOCALIDAD": "Fontibon", "DIRECCION": "CRA 68 B # 24 - 39", "SITIO": "Salitre Plaza", "NOMBRE": "Centro Comercial Salitre Plaza", "ABELARDO DE LA ESPRIELLA": 11107.0, "CARLOS EDUARDO CAICEDO OMAR": 2.0, "CLAUDIA LÓPEZ": 445.0, "GUSTAVO MATAMOROS CAMACHO": 3.0, "IVÁN CEPEDA CASTRO": 5035.0, "LUIS GILBERTO MURILLO URRUTIA": 8.0, "MIGUEL URIBE LONDOÑO": 3.0, "PALOMA VALENCIA LASERNA": 3209.0, "RAÚL SANTIAGO BOTERO JARAMILLO": 30.0, "ROY LEONARDO BARRERAS MONTEALEGRE": 7.0, "SERGIO FAJARDO VALDERRAMA": 2427.0, "SONDRA MACOLLINS GARVIN PINTO": 8.0, "ÓSCAR MAURICIO LIZCANO ARANGO": 17.0, "TOTAL_VOTOS": 22301.0, "GANADOR": "ABELARDO DE LA ESPRIELLA", "VOTOS_GANADOR": 11107.0, "PCT_GANADOR": 49.8 }, "geometry": { "type": "Point", "coordinates": [ -74.10918052, 4.65271474 ] } },
{ "type": "Feature", "properties": { "LOCALIDAD": "Fontibon", "DIRECCION": "CLL 16 J # 99 - 95", "SITIO": "Pablo Neruda", "NOMBRE": "Colegio Distrital Pablo Neruda Sede B", "ABELARDO DE LA ESPRIELLA": 805.0, "CARLOS EDUARDO CAICEDO OMAR": 0.0, "CLAUDIA LÓPEZ": 66.0, "GUSTAVO MATAMOROS CAMACHO": 0.0, "IVÁN CEPEDA CASTRO": 1177.0, "LUIS GILBERTO MURILLO URRUTIA": 0.0, "MIGUEL URIBE LONDOÑO": 0.0, "PALOMA VALENCIA LASERNA": 154.0, "RAÚL SANTIAGO BOTERO JARAMILLO": 12.0, "ROY LEONARDO BARRERAS MONTEALEGRE": 0.0, "SERGIO FAJARDO VALDERRAMA": 189.0, "SONDRA MACOLLINS GARVIN PINTO": 1.0, "ÓSCAR MAURICIO LIZCANO ARANGO": 4.0, "TOTAL_VOTOS": 2408.0, "GANADOR": "IVÁN CEPEDA CASTRO", "VOTOS_GANADOR": 1177.0, "PCT_GANADOR": 48.9 }, "geometry": { "type": "Point", "coordinates": [ -74.14642966, 4.67244864 ] } },
{ "type": "Feature", "properties": { "LOCALIDAD": "Fontibon", "DIRECCION": "CLL 17A # 99 - 53", "SITIO": "Cacique Hyntiba", "NOMBRE": "Casa de La Cultura de Fontibón Cacique Hyntiba", "ABELARDO DE LA ESPRIELLA": 612.0, "CARLOS EDUARDO CAICEDO OMAR": 0.0, "CLAUDIA LÓPEZ": 36.0, "GUSTAVO MATAMOROS CAMACHO": 0.0, "IVÁN CEPEDA CASTRO": 799.0, "LUIS GILBERTO MURILLO URRUTIA": 2.0, "MIGUEL URIBE LONDOÑO": 0.0, "PALOMA VALENCIA LASERNA": 117.0, "RAÚL SANTIAGO BOTERO JARAMILLO": 9.0, "ROY LEONARDO BARRERAS MONTEALEGRE": 3.0, "SERGIO FAJARDO VALDERRAMA": 109.0, "SONDRA MACOLLINS GARVIN PINTO": 0.0, "ÓSCAR MAURICIO LIZCANO ARANGO": 2.0, "TOTAL_VOTOS": 1689.0, "GANADOR": "IVÁN CEPEDA CASTRO", "VOTOS_GANADOR": 799.0, "PCT_GANADOR": 47.3 }, "geometry": { "type": "Point", "coordinates": [ -74.14514482, 4.67299671 ] } },
{ "type": "Feature", "properties": { "LOCALIDAD": "Fontibon", "DIRECCION": "CLL 15 # 119 - 14 /CLL 15 # 119 A - 90", "SITIO": "Tres Estancias", "NOMBRE": "Salón Comunal Tres Estancias", "ABELARDO DE LA ESPRIELLA": 1264.0, "CARLOS EDUARDO CAICEDO OMAR": 1.0, "CLAUDIA LÓPEZ": 87.0, "GUSTAVO MATAMOROS CAMACHO": 0.0, "IVÁN CEPEDA CASTRO": 1914.0, "LUIS GILBERTO MURILLO URRUTIA": 2.0, "MIGUEL URIBE LONDOÑO": 5.0, "PALOMA VALENCIA LASERNA": 245.0, "RAÚL SANTIAGO BOTERO JARAMILLO": 32.0, "ROY LEONARDO BARRERAS MONTEALEGRE": 2.0, "SERGIO FAJARDO VALDERRAMA": 254.0, "SONDRA MACOLLINS GARVIN PINTO": 2.0, "ÓSCAR MAURICIO LIZCANO ARANGO": 8.0, "TOTAL_VOTOS": 3816.0, "GANADOR": "IVÁN CEPEDA CASTRO", "VOTOS_GANADOR": 1914.0, "PCT_GANADOR": 50.2 }, "geometry": { "type": "Point", "coordinates": [ -74.16417606, 4.68281458 ] } },
{ "type": "Feature", "properties": { "LOCALIDAD": "Engativá", "DIRECCION": "CRA 111 C # 86 - 05", "SITIO": "Unicentro de Occidente", "NOMBRE": "Centro Comercial Unicentro de Occidente", "ABELARDO DE LA ESPRIELLA": 3071.0, "CARLOS EDUARDO CAICEDO OMAR": 0.0, "CLAUDIA LÓPEZ": 177.0, "GUSTAVO MATAMOROS CAMACHO": 1.0, "IVÁN CEPEDA CASTRO": 2666.0, "LUIS GILBERTO MURILLO URRUTIA": 5.0, "MIGUEL URIBE LONDOÑO": 3.0, "PALOMA VALENCIA LASERNA": 770.0, "RAÚL SANTIAGO BOTERO JARAMILLO": 12.0, "ROY LEONARDO BARRERAS MONTEALEGRE": 0.0, "SERGIO FAJARDO VALDERRAMA": 807.0, "SONDRA MACOLLINS GARVIN PINTO": 3.0, "ÓSCAR MAURICIO LIZCANO ARANGO": 10.0, "TOTAL_VOTOS": 7525.0, "GANADOR": "ABELARDO DE LA ESPRIELLA", "VOTOS_GANADOR": 3071.0, "PCT_GANADOR": 40.8 }, "geometry": { "type": "Point", "coordinates": [ -74.11353947, 4.72298132 ] } },
{ "type": "Feature", "properties": { "LOCALIDAD": "Engativá", "DIRECCION": "CLL 66 A # 97 - 64 /CLL 66 A # 97 A - 34 ", "SITIO": "Salón Comunal Álamos", "NOMBRE": "Salón Comunal Álamos", "ABELARDO DE LA ESPRIELLA": 1223.0, "CARLOS EDUARDO CAICEDO OMAR": 0.0, "CLAUDIA LÓPEZ": 69.0, "GUSTAVO MATAMOROS CAMACHO": 0.0, "IVÁN CEPEDA CASTRO": 1260.0, "LUIS GILBERTO MURILLO URRUTIA": 2.0, "MIGUEL URIBE LONDOÑO": 4.0, "PALOMA VALENCIA LASERNA": 252.0, "RAÚL SANTIAGO BOTERO JARAMILLO": 17.0, "ROY LEONARDO BARRERAS MONTEALEGRE": 1.0, "SERGIO FAJARDO VALDERRAMA": 271.0, "SONDRA MACOLLINS GARVIN PINTO": 0.0, "ÓSCAR MAURICIO LIZCANO ARANGO": 3.0, "TOTAL_VOTOS": 3102.0, "GANADOR": "IVÁN CEPEDA CASTRO", "VOTOS_GANADOR": 1260.0, "PCT_GANADOR": 40.6 }, "geometry": { "type": "Point", "coordinates": [ -74.11943142, 4.69632462 ] } },
{ "type": "Feature", "properties": { "LOCALIDAD": "Engativá", "DIRECCION": "CRA 93 A # 75 B - 80 /CRA 92 # 75C - 31", "SITIO": "León Valencia", "NOMBRE": "Colegio Distrital Guillermo León Valencia", "ABELARDO DE LA ESPRIELLA": 377.0, "CARLOS EDUARDO CAICEDO OMAR": 1.0, "CLAUDIA LÓPEZ": 19.0, "GUSTAVO MATAMOROS CAMACHO": 0.0, "IVÁN CEPEDA CASTRO": 437.0, "LUIS GILBERTO MURILLO URRUTIA": 0.0, "MIGUEL URIBE LONDOÑO": 2.0, "PALOMA VALENCIA LASERNA": 62.0, "RAÚL SANTIAGO BOTERO JARAMILLO": 4.0, "ROY LEONARDO BARRERAS MONTEALEGRE": 0.0, "SERGIO FAJARDO VALDERRAMA": 76.0, "SONDRA MACOLLINS GARVIN PINTO": 0.0, "ÓSCAR MAURICIO LIZCANO ARANGO": 2.0, "TOTAL_VOTOS": 980.0, "GANADOR": "IVÁN CEPEDA CASTRO", "VOTOS_GANADOR": 437.0, "PCT_GANADOR": 44.6 }, "geometry": { "type": "Point", "coordinates": [ -74.10861136, 4.7043113 ] } },
{ "type": "Feature", "properties": { "LOCALIDAD": "Engativá", "DIRECCION": "CRA 83 # 70 - 15", "SITIO": "La Clarita", "NOMBRE": "Salón Comunal Barrio La Clarita", "ABELARDO DE LA ESPRIELLA": 927.0, "CARLOS EDUARDO CAICEDO OMAR": 1.0, "CLAUDIA LÓPEZ": 55.0, "GUSTAVO MATAMOROS CAMACHO": 0.0, "IVÁN CEPEDA CASTRO": 892.0, "LUIS GILBERTO MURILLO URRUTIA": 2.0, "MIGUEL URIBE LONDOÑO": 2.0, "PALOMA VALENCIA LASERNA": 199.0, "RAÚL SANTIAGO BOTERO JARAMILLO": 13.0, "ROY LEONARDO BARRERAS MONTEALEGRE": 0.0, "SERGIO FAJARDO VALDERRAMA": 192.0, "SONDRA MACOLLINS GARVIN PINTO": 1.0, "ÓSCAR MAURICIO LIZCANO ARANGO": 5.0, "TOTAL_VOTOS": 2289.0, "GANADOR": "ABELARDO DE LA ESPRIELLA", "VOTOS_GANADOR": 927.0, "PCT_GANADOR": 40.5 }, "geometry": { "type": "Point", "coordinates": [ -74.10575419, 4.69216721 ] } },
{ "type": "Feature", "properties": { "LOCALIDAD": "Engativá", "DIRECCION": "CRA 82 # 68 B - 09", "SITIO": "Centro Educativo Scalas", "NOMBRE": "Centro Educativo Scalas", "ABELARDO DE LA ESPRIELLA": 580.0, "CARLOS EDUARDO CAICEDO OMAR": 0.0, "CLAUDIA LÓPEZ": 27.0, "GUSTAVO MATAMOROS CAMACHO": 0.0, "IVÁN CEPEDA CASTRO": 662.0, "LUIS GILBERTO MURILLO URRUTIA": 2.0, "MIGUEL URIBE LONDOÑO": 2.0, "PALOMA VALENCIA LASERNA": 125.0, "RAÚL SANTIAGO BOTERO JARAMILLO": 2.0, "ROY LEONARDO BARRERAS MONTEALEGRE": 1.0, "SERGIO FAJARDO VALDERRAMA": 132.0, "SONDRA MACOLLINS GARVIN PINTO": 1.0, "ÓSCAR MAURICIO LIZCANO ARANGO": 4.0, "TOTAL_VOTOS": 1538.0, "GANADOR": "IVÁN CEPEDA CASTRO", "VOTOS_GANADOR": 662.0, "PCT_GANADOR": 43.0 }, "geometry": { "type": "Point", "coordinates": [ -74.10620784, 4.69001481 ] } },
{ "type": "Feature", "properties": { "LOCALIDAD": "Engativá", "DIRECCION": "CLL 73 A # 69 J - 10", "SITIO": "Naciones Unidas Sede B", "NOMBRE": "Colegio Distrital Naciones Unidas Sede B", "ABELARDO DE LA ESPRIELLA": 368.0, "CARLOS EDUARDO CAICEDO OMAR": 0.0, "CLAUDIA LÓPEZ": 20.0, "GUSTAVO MATAMOROS CAMACHO": 1.0, "IVÁN CEPEDA CASTRO": 501.0, "LUIS GILBERTO MURILLO URRUTIA": 0.0, "MIGUEL URIBE LONDOÑO": 0.0, "PALOMA VALENCIA LASERNA": 165.0, "RAÚL SANTIAGO BOTERO JARAMILLO": 10.0, "ROY LEONARDO BARRERAS MONTEALEGRE": 0.0, "SERGIO FAJARDO VALDERRAMA": 52.0, "SONDRA MACOLLINS GARVIN PINTO": 3.0, "ÓSCAR MAURICIO LIZCANO ARANGO": 2.0, "TOTAL_VOTOS": 1122.0, "GANADOR": "IVÁN CEPEDA CASTRO", "VOTOS_GANADOR": 501.0, "PCT_GANADOR": 44.7 }, "geometry": { "type": "Point", "coordinates": [ -74.08858585, 4.68436628 ] } },
{ "type": "Feature", "properties": { "LOCALIDAD": "Engativá", "DIRECCION": "CRA 70 G # 71 - 04", "SITIO": "Colegio Norte Adventista", "NOMBRE": "Colegio Adventista del Norte", "ABELARDO DE LA ESPRIELLA": 457.0, "CARLOS EDUARDO CAICEDO OMAR": 0.0, "CLAUDIA LÓPEZ": 26.0, "GUSTAVO MATAMOROS CAMACHO": 0.0, "IVÁN CEPEDA CASTRO": 308.0, "LUIS GILBERTO MURILLO URRUTIA": 0.0, "MIGUEL URIBE LONDOÑO": 0.0, "PALOMA VALENCIA LASERNA": 69.0, "RAÚL SANTIAGO BOTERO JARAMILLO": 5.0, "ROY LEONARDO BARRERAS MONTEALEGRE": 1.0, "SERGIO FAJARDO VALDERRAMA": 70.0, "SONDRA MACOLLINS GARVIN PINTO": 2.0, "ÓSCAR MAURICIO LIZCANO ARANGO": 1.0, "TOTAL_VOTOS": 939.0, "GANADOR": "ABELARDO DE LA ESPRIELLA", "VOTOS_GANADOR": 457.0, "PCT_GANADOR": 48.7 }, "geometry": { "type": "Point", "coordinates": [ -74.09436381, 4.6837435 ] } },
{ "type": "Feature", "properties": { "LOCALIDAD": "Engativá", "DIRECCION": "DIAG 70 # 70 - 40", "SITIO": "Alcalá Sede B", "NOMBRE": "Colegio Distrital Nestor Forero Alcala Sede B", "ABELARDO DE LA ESPRIELLA": 327.0, "CARLOS EDUARDO CAICEDO OMAR": 0.0, "CLAUDIA LÓPEZ": 19.0, "GUSTAVO MATAMOROS CAMACHO": 0.0, "IVÁN CEPEDA CASTRO": 358.0, "LUIS GILBERTO MURILLO URRUTIA": 0.0, "MIGUEL URIBE LONDOÑO": 2.0, "PALOMA VALENCIA LASERNA": 66.0, "RAÚL SANTIAGO BOTERO JARAMILLO": 2.0, "ROY LEONARDO BARRERAS MONTEALEGRE": 2.0, "SERGIO FAJARDO VALDERRAMA": 63.0, "SONDRA MACOLLINS GARVIN PINTO": 2.0, "ÓSCAR MAURICIO LIZCANO ARANGO": 2.0, "TOTAL_VOTOS": 843.0, "GANADOR": "IVÁN CEPEDA CASTRO", "VOTOS_GANADOR": 358.0, "PCT_GANADOR": 42.5 }, "geometry": { "type": "Point", "coordinates": [ -74.09316966, 4.68199306 ] } },
{ "type": "Feature", "properties": { "LOCALIDAD": "Engativá", "DIRECCION": "TRV 99 Bis # 70A - 89 / AV CRA 96 # 70A - 89", "SITIO": "Diverplaza", "NOMBRE": "Centro Comercial Diverplaza", "ABELARDO DE LA ESPRIELLA": 3886.0, "CARLOS EDUARDO CAICEDO OMAR": 1.0, "CLAUDIA LÓPEZ": 261.0, "GUSTAVO MATAMOROS CAMACHO": 1.0, "IVÁN CEPEDA CASTRO": 4345.0, "LUIS GILBERTO MURILLO URRUTIA": 5.0, "MIGUEL URIBE LONDOÑO": 3.0, "PALOMA VALENCIA LASERNA": 823.0, "RAÚL SANTIAGO BOTERO JARAMILLO": 52.0, "ROY LEONARDO BARRERAS MONTEALEGRE": 6.0, "SERGIO FAJARDO VALDERRAMA": 1147.0, "SONDRA MACOLLINS GARVIN PINTO": 7.0, "ÓSCAR MAURICIO LIZCANO ARANGO": 12.0, "TOTAL_VOTOS": 10549.0, "GANADOR": "IVÁN CEPEDA CASTRO", "VOTOS_GANADOR": 4345.0, "PCT_GANADOR": 41.2 }, "geometry": { "type": "Point", "coordinates": [ -74.115112, 4.700141 ] } },
{ "type": "Feature", "properties": { "LOCALIDAD": "Engativá", "DIRECCION": "AV CLL 63 # 73 A - 44", "SITIO": "Margarita Bosco", "NOMBRE": "Colegio Margarita Bosco", "ABELARDO DE LA ESPRIELLA": 1965.0, "CARLOS EDUARDO CAICEDO OMAR": 1.0, "CLAUDIA LÓPEZ": 110.0, "GUSTAVO MATAMOROS CAMACHO": 1.0, "IVÁN CEPEDA CASTRO": 1362.0, "LUIS GILBERTO MURILLO URRUTIA": 3.0, "MIGUEL URIBE LONDOÑO": 3.0, "PALOMA VALENCIA LASERNA": 481.0, "RAÚL SANTIAGO BOTERO JARAMILLO": 6.0, "ROY LEONARDO BARRERAS MONTEALEGRE": 2.0, "SERGIO FAJARDO VALDERRAMA": 449.0, "SONDRA MACOLLINS GARVIN PINTO": 6.0, "ÓSCAR MAURICIO LIZCANO ARANGO": 6.0, "TOTAL_VOTOS": 4395.0, "GANADOR": "ABELARDO DE LA ESPRIELLA", "VOTOS_GANADOR": 1965.0, "PCT_GANADOR": 44.7 }, "geometry": { "type": "Point", "coordinates": [ -74.10595589, 4.6767078 ] } },
{ "type": "Feature", "properties": { "LOCALIDAD": "Engativá", "DIRECCION": "CLL 72 # 102 - 23 / AV CLL 72 # 102 - 23", "SITIO": "Colegio COPES", "NOMBRE": "Colegio Pedagógico del Espíritu Santo", "ABELARDO DE LA ESPRIELLA": 492.0, "CARLOS EDUARDO CAICEDO OMAR": 0.0, "CLAUDIA LÓPEZ": 35.0, "GUSTAVO MATAMOROS CAMACHO": 1.0, "IVÁN CEPEDA CASTRO": 458.0, "LUIS GILBERTO MURILLO URRUTIA": 1.0, "MIGUEL URIBE LONDOÑO": 1.0, "PALOMA VALENCIA LASERNA": 132.0, "RAÚL SANTIAGO BOTERO JARAMILLO": 6.0, "ROY LEONARDO BARRERAS MONTEALEGRE": 0.0, "SERGIO FAJARDO VALDERRAMA": 99.0, "SONDRA MACOLLINS GARVIN PINTO": 2.0, "ÓSCAR MAURICIO LIZCANO ARANGO": 0.0, "TOTAL_VOTOS": 1227.0, "GANADOR": "ABELARDO DE LA ESPRIELLA", "VOTOS_GANADOR": 492.0, "PCT_GANADOR": 40.1 }, "geometry": { "type": "Point", "coordinates": [ -74.11810399, 4.70498421 ] } },
{ "type": "Feature", "properties": { "LOCALIDAD": "Suba", "DIRECCION": "CLL 143 A #113 C - 51 /CRA 113C # 142B - 21", "SITIO": "Filarmónico Jorge Mario Bergoglio - IED", "NOMBRE": "Colegio Distrital Jorge Mario Bergoglio", "ABELARDO DE LA ESPRIELLA": 2035.0, "CARLOS EDUARDO CAICEDO OMAR": 0.0, "CLAUDIA LÓPEZ": 140.0, "GUSTAVO MATAMOROS CAMACHO": 2.0, "IVÁN CEPEDA CASTRO": 2064.0, "LUIS GILBERTO MURILLO URRUTIA": 5.0, "MIGUEL URIBE LONDOÑO": 3.0, "PALOMA VALENCIA LASERNA": 451.0, "RAÚL SANTIAGO BOTERO JARAMILLO": 14.0, "ROY LEONARDO BARRERAS MONTEALEGRE": 2.0, "SERGIO FAJARDO VALDERRAMA": 435.0, "SONDRA MACOLLINS GARVIN PINTO": 1.0, "ÓSCAR MAURICIO LIZCANO ARANGO": 9.0, "TOTAL_VOTOS": 5161.0, "GANADOR": "IVÁN CEPEDA CASTRO", "VOTOS_GANADOR": 2064.0, "PCT_GANADOR": 40.0 }, "geometry": { "type": "Point", "coordinates": [ -74.103399, 4.748823 ] } },
{ "type": "Feature", "properties": { "LOCALIDAD": "Suba", "DIRECCION": "CRA 90 # 154 A - 09", "SITIO": "Veintiún Ángeles Sede A - IED", "NOMBRE": "Colegio Distrital Veintiún Ángeles", "ABELARDO DE LA ESPRIELLA": 883.0, "CARLOS EDUARDO CAICEDO OMAR": 0.0, "CLAUDIA LÓPEZ": 39.0, "GUSTAVO MATAMOROS CAMACHO": 1.0, "IVÁN CEPEDA CASTRO": 1006.0, "LUIS GILBERTO MURILLO URRUTIA": 3.0, "MIGUEL URIBE LONDOÑO": 2.0, "PALOMA VALENCIA LASERNA": 182.0, "RAÚL SANTIAGO BOTERO JARAMILLO": 11.0, "ROY LEONARDO BARRERAS MONTEALEGRE": 0.0, "SERGIO FAJARDO VALDERRAMA": 194.0, "SONDRA MACOLLINS GARVIN PINTO": 0.0, "ÓSCAR MAURICIO LIZCANO ARANGO": 1.0, "TOTAL_VOTOS": 2322.0, "GANADOR": "IVÁN CEPEDA CASTRO", "VOTOS_GANADOR": 1006.0, "PCT_GANADOR": 43.3 }, "geometry": { "type": "Point", "coordinates": [ -74.08034908, 4.74945267 ] } },
{ "type": "Feature", "properties": { "LOCALIDAD": "Suba", "DIRECCION": "Kilometro 7 Via Suba - Cota", "SITIO": "Chorrillos", "NOMBRE": "Colegio Distrital Nicolás Buenaventura Sede B", "ABELARDO DE LA ESPRIELLA": 65.0, "CARLOS EDUARDO CAICEDO OMAR": 0.0, "CLAUDIA LÓPEZ": 2.0, "GUSTAVO MATAMOROS CAMACHO": 1.0, "IVÁN CEPEDA CASTRO": 121.0, "LUIS GILBERTO MURILLO URRUTIA": 0.0, "MIGUEL URIBE LONDOÑO": 1.0, "PALOMA VALENCIA LASERNA": 14.0, "RAÚL SANTIAGO BOTERO JARAMILLO": 1.0, "ROY LEONARDO BARRERAS MONTEALEGRE": 0.0, "SERGIO FAJARDO VALDERRAMA": 25.0, "SONDRA MACOLLINS GARVIN PINTO": 0.0, "ÓSCAR MAURICIO LIZCANO ARANGO": 0.0, "TOTAL_VOTOS": 230.0, "GANADOR": "IVÁN CEPEDA CASTRO", "VOTOS_GANADOR": 121.0, "PCT_GANADOR": 52.6 }, "geometry": { "type": "Point", "coordinates": [ -74.091257, 4.784889 ] } },
{ "type": "Feature", "properties": { "LOCALIDAD": "Suba", "DIRECCION": "CRA 84 A # 129 A - 40", "SITIO": "Hunza Sede A - IED", "NOMBRE": "Colegio Distrital Hunza - Sede A", "ABELARDO DE LA ESPRIELLA": 442.0, "CARLOS EDUARDO CAICEDO OMAR": 2.0, "CLAUDIA LÓPEZ": 27.0, "GUSTAVO MATAMOROS CAMACHO": 0.0, "IVÁN CEPEDA CASTRO": 900.0, "LUIS GILBERTO MURILLO URRUTIA": 0.0, "MIGUEL URIBE LONDOÑO": 1.0, "PALOMA VALENCIA LASERNA": 96.0, "RAÚL SANTIAGO BOTERO JARAMILLO": 14.0, "ROY LEONARDO BARRERAS MONTEALEGRE": 0.0, "SERGIO FAJARDO VALDERRAMA": 77.0, "SONDRA MACOLLINS GARVIN PINTO": 1.0, "ÓSCAR MAURICIO LIZCANO ARANGO": 3.0, "TOTAL_VOTOS": 1563.0, "GANADOR": "IVÁN CEPEDA CASTRO", "VOTOS_GANADOR": 900.0, "PCT_GANADOR": 57.6 }, "geometry": { "type": "Point", "coordinates": [ -74.08334343, 4.72336086 ] } },
{ "type": "Feature", "properties": { "LOCALIDAD": "Suba", "DIRECCION": "CLL 152 A # 102 - 51 / CL 152A # 102B - 51", "SITIO": "Colegio Maximino Poitiers", "NOMBRE": "Colegio Máximino Poitiers", "ABELARDO DE LA ESPRIELLA": 2956.0, "CARLOS EDUARDO CAICEDO OMAR": 2.0, "CLAUDIA LÓPEZ": 197.0, "GUSTAVO MATAMOROS CAMACHO": 0.0, "IVÁN CEPEDA CASTRO": 2396.0, "LUIS GILBERTO MURILLO URRUTIA": 2.0, "MIGUEL URIBE LONDOÑO": 10.0, "PALOMA VALENCIA LASERNA": 692.0, "RAÚL SANTIAGO BOTERO JARAMILLO": 21.0, "ROY LEONARDO BARRERAS MONTEALEGRE": 1.0, "SERGIO FAJARDO VALDERRAMA": 616.0, "SONDRA MACOLLINS GARVIN PINTO": 5.0, "ÓSCAR MAURICIO LIZCANO ARANGO": 11.0, "TOTAL_VOTOS": 6909.0, "GANADOR": "ABELARDO DE LA ESPRIELLA", "VOTOS_GANADOR": 2956.0, "PCT_GANADOR": 42.8 }, "geometry": { "type": "Point", "coordinates": [ -74.09098674, 4.75153606 ] } },
{ "type": "Feature", "properties": { "LOCALIDAD": "Suba", "DIRECCION": "CRA 105 B #129 D - 92", "SITIO": "Salón Comunal Aures II", "NOMBRE": "Salón Comunal Aures II", "ABELARDO DE LA ESPRIELLA": 822.0, "CARLOS EDUARDO CAICEDO OMAR": 0.0, "CLAUDIA LÓPEZ": 53.0, "GUSTAVO MATAMOROS CAMACHO": 0.0, "IVÁN CEPEDA CASTRO": 1269.0, "LUIS GILBERTO MURILLO URRUTIA": 1.0, "MIGUEL URIBE LONDOÑO": 0.0, "PALOMA VALENCIA LASERNA": 133.0, "RAÚL SANTIAGO BOTERO JARAMILLO": 14.0, "ROY LEONARDO BARRERAS MONTEALEGRE": 0.0, "SERGIO FAJARDO VALDERRAMA": 169.0, "SONDRA MACOLLINS GARVIN PINTO": 2.0, "ÓSCAR MAURICIO LIZCANO ARANGO": 4.0, "TOTAL_VOTOS": 2467.0, "GANADOR": "IVÁN CEPEDA CASTRO", "VOTOS_GANADOR": 1269.0, "PCT_GANADOR": 51.4 }, "geometry": { "type": "Point", "coordinates": [ -74.10196151, 4.73321736 ] } },
{ "type": "Feature", "properties": { "LOCALIDAD": "Suba", "DIRECCION": "CRA 111 # 135 - 25", "SITIO": "Salón Comunal Villa Maria", "NOMBRE": "Salón Comunal Villa Maria", "ABELARDO DE LA ESPRIELLA": 354.0, "CARLOS EDUARDO CAICEDO OMAR": 0.0, "CLAUDIA LÓPEZ": 30.0, "GUSTAVO MATAMOROS CAMACHO": 0.0, "IVÁN CEPEDA CASTRO": 659.0, "LUIS GILBERTO MURILLO URRUTIA": 0.0, "MIGUEL URIBE LONDOÑO": 0.0, "PALOMA VALENCIA LASERNA": 74.0, "RAÚL SANTIAGO BOTERO JARAMILLO": 6.0, "ROY LEONARDO BARRERAS MONTEALEGRE": 0.0, "SERGIO FAJARDO VALDERRAMA": 105.0, "SONDRA MACOLLINS GARVIN PINTO": 0.0, "ÓSCAR MAURICIO LIZCANO ARANGO": 1.0, "TOTAL_VOTOS": 1229.0, "GANADOR": "IVÁN CEPEDA CASTRO", "VOTOS_GANADOR": 659.0, "PCT_GANADOR": 53.6 }, "geometry": { "type": "Point", "coordinates": [ -74.10368114, 4.7405871 ] } },
{ "type": "Feature", "properties": { "LOCALIDAD": "Suba", "DIRECCION": "CLL 137 B #1 57 - 17", "SITIO": "Salón Comunal Villa Cindy", "NOMBRE": "Salón Comunal Villa Cindy", "ABELARDO DE LA ESPRIELLA": 710.0, "CARLOS EDUARDO CAICEDO OMAR": 1.0, "CLAUDIA LÓPEZ": 66.0, "GUSTAVO MATAMOROS CAMACHO": 0.0, "IVÁN CEPEDA CASTRO": 1236.0, "LUIS GILBERTO MURILLO URRUTIA": 0.0, "MIGUEL URIBE LONDOÑO": 4.0, "PALOMA VALENCIA LASERNA": 108.0, "RAÚL SANTIAGO BOTERO JARAMILLO": 20.0, "ROY LEONARDO BARRERAS MONTEALEGRE": 0.0, "SERGIO FAJARDO VALDERRAMA": 64.0, "SONDRA MACOLLINS GARVIN PINTO": 0.0, "ÓSCAR MAURICIO LIZCANO ARANGO": 5.0, "TOTAL_VOTOS": 2214.0, "GANADOR": "IVÁN CEPEDA CASTRO", "VOTOS_GANADOR": 1236.0, "PCT_GANADOR": 55.8 }, "geometry": { "type": "Point", "coordinates": [ -74.12773664, 4.74375297 ] } },
{ "type": "Feature", "properties": { "LOCALIDAD": "Suba", "DIRECCION": "CRA 69 # 98 A - 45", "SITIO": "Floresta Outlet", "NOMBRE": "Centro Comercial Outlet La Floresta", "ABELARDO DE LA ESPRIELLA": 4040.0, "CARLOS EDUARDO CAICEDO OMAR": 0.0, "CLAUDIA LÓPEZ": 157.0, "GUSTAVO MATAMOROS CAMACHO": 0.0, "IVÁN CEPEDA CASTRO": 1492.0, "LUIS GILBERTO MURILLO URRUTIA": 2.0, "MIGUEL URIBE LONDOÑO": 2.0, "PALOMA VALENCIA LASERNA": 1127.0, "RAÚL SANTIAGO BOTERO JARAMILLO": 4.0, "ROY LEONARDO BARRERAS MONTEALEGRE": 1.0, "SERGIO FAJARDO VALDERRAMA": 925.0, "SONDRA MACOLLINS GARVIN PINTO": 2.0, "ÓSCAR MAURICIO LIZCANO ARANGO": 5.0, "TOTAL_VOTOS": 7757.0, "GANADOR": "ABELARDO DE LA ESPRIELLA", "VOTOS_GANADOR": 4040.0, "PCT_GANADOR": 52.1 }, "geometry": { "type": "Point", "coordinates": [ -74.07476325, 4.69138154 ] } },
{ "type": "Feature", "properties": { "LOCALIDAD": "Suba", "DIRECCION": "TRV 54 # 111 - 85", "SITIO": "Colegio John Dewey", "NOMBRE": "Colegio John Dewey", "ABELARDO DE LA ESPRIELLA": 1156.0, "CARLOS EDUARDO CAICEDO OMAR": 0.0, "CLAUDIA LÓPEZ": 38.0, "GUSTAVO MATAMOROS CAMACHO": 0.0, "IVÁN CEPEDA CASTRO": 404.0, "LUIS GILBERTO MURILLO URRUTIA": 0.0, "MIGUEL URIBE LONDOÑO": 5.0, "PALOMA VALENCIA LASERNA": 454.0, "RAÚL SANTIAGO BOTERO JARAMILLO": 1.0, "ROY LEONARDO BARRERAS MONTEALEGRE": 3.0, "SERGIO FAJARDO VALDERRAMA": 275.0, "SONDRA MACOLLINS GARVIN PINTO": 1.0, "ÓSCAR MAURICIO LIZCANO ARANGO": 4.0, "TOTAL_VOTOS": 2341.0, "GANADOR": "ABELARDO DE LA ESPRIELLA", "VOTOS_GANADOR": 1156.0, "PCT_GANADOR": 49.4 }, "geometry": { "type": "Point", "coordinates": [ -74.06397835, 4.69878041 ] } },
{ "type": "Feature", "properties": { "LOCALIDAD": "Suba", "DIRECCION": "CLL 150 A # 50 - 57", "SITIO": "Colegio Caro y Cuervo", "NOMBRE": "Colegio Externado Caro y Cuervo", "ABELARDO DE LA ESPRIELLA": 3282.0, "CARLOS EDUARDO CAICEDO OMAR": 0.0, "CLAUDIA LÓPEZ": 140.0, "GUSTAVO MATAMOROS CAMACHO": 0.0, "IVÁN CEPEDA CASTRO": 1324.0, "LUIS GILBERTO MURILLO URRUTIA": 2.0, "MIGUEL URIBE LONDOÑO": 0.0, "PALOMA VALENCIA LASERNA": 866.0, "RAÚL SANTIAGO BOTERO JARAMILLO": 4.0, "ROY LEONARDO BARRERAS MONTEALEGRE": 0.0, "SERGIO FAJARDO VALDERRAMA": 792.0, "SONDRA MACOLLINS GARVIN PINTO": 2.0, "ÓSCAR MAURICIO LIZCANO ARANGO": 4.0, "TOTAL_VOTOS": 6416.0, "GANADOR": "ABELARDO DE LA ESPRIELLA", "VOTOS_GANADOR": 3282.0, "PCT_GANADOR": 51.2 }, "geometry": { "type": "Point", "coordinates": [ -74.0536001, 4.73337249 ] } },
{ "type": "Feature", "properties": { "LOCALIDAD": "Suba", "DIRECCION": "CRA 58 # 137 B - 01", "SITIO": "CC Portoalegre", "NOMBRE": "Centro Comercial Portoalegre", "ABELARDO DE LA ESPRIELLA": 712.0, "CARLOS EDUARDO CAICEDO OMAR": 0.0, "CLAUDIA LÓPEZ": 24.0, "GUSTAVO MATAMOROS CAMACHO": 0.0, "IVÁN CEPEDA CASTRO": 288.0, "LUIS GILBERTO MURILLO URRUTIA": 1.0, "MIGUEL URIBE LONDOÑO": 1.0, "PALOMA VALENCIA LASERNA": 257.0, "RAÚL SANTIAGO BOTERO JARAMILLO": 2.0, "ROY LEONARDO BARRERAS MONTEALEGRE": 0.0, "SERGIO FAJARDO VALDERRAMA": 172.0, "SONDRA MACOLLINS GARVIN PINTO": 0.0, "ÓSCAR MAURICIO LIZCANO ARANGO": 0.0, "TOTAL_VOTOS": 1457.0, "GANADOR": "ABELARDO DE LA ESPRIELLA", "VOTOS_GANADOR": 712.0, "PCT_GANADOR": 48.9 }, "geometry": { "type": "Point", "coordinates": [ -74.06481702, 4.72771951 ] } },
{ "type": "Feature", "properties": { "LOCALIDAD": "Suba", "DIRECCION": "CRA 58 D # 146 - 51", "SITIO": "CC Parque La Colina", "NOMBRE": "Centro Comercial Parque La Colina", "ABELARDO DE LA ESPRIELLA": 6586.0, "CARLOS EDUARDO CAICEDO OMAR": 1.0, "CLAUDIA LÓPEZ": 196.0, "GUSTAVO MATAMOROS CAMACHO": 0.0, "IVÁN CEPEDA CASTRO": 2214.0, "LUIS GILBERTO MURILLO URRUTIA": 2.0, "MIGUEL URIBE LONDOÑO": 3.0, "PALOMA VALENCIA LASERNA": 1726.0, "RAÚL SANTIAGO BOTERO JARAMILLO": 16.0, "ROY LEONARDO BARRERAS MONTEALEGRE": 3.0, "SERGIO FAJARDO VALDERRAMA": 1552.0, "SONDRA MACOLLINS GARVIN PINTO": 2.0, "ÓSCAR MAURICIO LIZCANO ARANGO": 5.0, "TOTAL_VOTOS": 12306.0, "GANADOR": "ABELARDO DE LA ESPRIELLA", "VOTOS_GANADOR": 6586.0, "PCT_GANADOR": 53.5 }, "geometry": { "type": "Point", "coordinates": [ -74.06549087, 4.73251625 ] } },
{ "type": "Feature", "properties": { "LOCALIDAD": "Suba", "DIRECCION": "CRA 59 Entre CLL 152B y 153 / CRA 59 # 152B - 50", "SITIO": "Cancha Múltiple Sirena II", "NOMBRE": "Cancha Múltiple Sirena II", "ABELARDO DE LA ESPRIELLA": 7069.0, "CARLOS EDUARDO CAICEDO OMAR": 0.0, "CLAUDIA LÓPEZ": 201.0, "GUSTAVO MATAMOROS CAMACHO": 1.0, "IVÁN CEPEDA CASTRO": 2202.0, "LUIS GILBERTO MURILLO URRUTIA": 3.0, "MIGUEL URIBE LONDOÑO": 2.0, "PALOMA VALENCIA LASERNA": 1725.0, "RAÚL SANTIAGO BOTERO JARAMILLO": 13.0, "ROY LEONARDO BARRERAS MONTEALEGRE": 3.0, "SERGIO FAJARDO VALDERRAMA": 1381.0, "SONDRA MACOLLINS GARVIN PINTO": 2.0, "ÓSCAR MAURICIO LIZCANO ARANGO": 10.0, "TOTAL_VOTOS": 12612.0, "GANADOR": "ABELARDO DE LA ESPRIELLA", "VOTOS_GANADOR": 7069.0, "PCT_GANADOR": 56.0 }, "geometry": { "type": "Point", "coordinates": [ -74.06390974, 4.74040236 ] } },
{ "type": "Feature", "properties": { "LOCALIDAD": "Suba", "DIRECCION": "CLL 169 B # 74 A - 02", "SITIO": "Colegio Marymount", "NOMBRE": "Fundación Colegio Marymount", "ABELARDO DE LA ESPRIELLA": 3017.0, "CARLOS EDUARDO CAICEDO OMAR": 0.0, "CLAUDIA LÓPEZ": 61.0, "GUSTAVO MATAMOROS CAMACHO": 0.0, "IVÁN CEPEDA CASTRO": 763.0, "LUIS GILBERTO MURILLO URRUTIA": 0.0, "MIGUEL URIBE LONDOÑO": 2.0, "PALOMA VALENCIA LASERNA": 723.0, "RAÚL SANTIAGO BOTERO JARAMILLO": 4.0, "ROY LEONARDO BARRERAS MONTEALEGRE": 2.0, "SERGIO FAJARDO VALDERRAMA": 618.0, "SONDRA MACOLLINS GARVIN PINTO": 1.0, "ÓSCAR MAURICIO LIZCANO ARANGO": 1.0, "TOTAL_VOTOS": 5192.0, "GANADOR": "ABELARDO DE LA ESPRIELLA", "VOTOS_GANADOR": 3017.0, "PCT_GANADOR": 58.1 }, "geometry": { "type": "Point", "coordinates": [ -74.06644192, 4.75570227 ] } },
{ "type": "Feature", "properties": { "LOCALIDAD": "Suba", "DIRECCION": "CLL 170 # 65 - 31 /AC 170 # 65 - 31", "SITIO": "San José Bavaria- Abraham Lincoln", "NOMBRE": "Colegio Abraham Lincoln Sede Bachillerato", "ABELARDO DE LA ESPRIELLA": 2105.0, "CARLOS EDUARDO CAICEDO OMAR": 0.0, "CLAUDIA LÓPEZ": 77.0, "GUSTAVO MATAMOROS CAMACHO": 0.0, "IVÁN CEPEDA CASTRO": 879.0, "LUIS GILBERTO MURILLO URRUTIA": 1.0, "MIGUEL URIBE LONDOÑO": 2.0, "PALOMA VALENCIA LASERNA": 471.0, "RAÚL SANTIAGO BOTERO JARAMILLO": 9.0, "ROY LEONARDO BARRERAS MONTEALEGRE": 2.0, "SERGIO FAJARDO VALDERRAMA": 478.0, "SONDRA MACOLLINS GARVIN PINTO": 2.0, "ÓSCAR MAURICIO LIZCANO ARANGO": 3.0, "TOTAL_VOTOS": 4029.0, "GANADOR": "ABELARDO DE LA ESPRIELLA", "VOTOS_GANADOR": 2105.0, "PCT_GANADOR": 52.2 }, "geometry": { "type": "Point", "coordinates": [ -74.06104163, 4.75661919 ] } },
{ "type": "Feature", "properties": { "LOCALIDAD": "Suba", "DIRECCION": "CRA 65 # 170 - 20", "SITIO": "Colegio del Bosque", "NOMBRE": "Colegio del Bosque - Universidad Antonio Nariño - Sede Bachillerato", "ABELARDO DE LA ESPRIELLA": 406.0, "CARLOS EDUARDO CAICEDO OMAR": 0.0, "CLAUDIA LÓPEZ": 16.0, "GUSTAVO MATAMOROS CAMACHO": 0.0, "IVÁN CEPEDA CASTRO": 208.0, "LUIS GILBERTO MURILLO URRUTIA": 1.0, "MIGUEL URIBE LONDOÑO": 0.0, "PALOMA VALENCIA LASERNA": 86.0, "RAÚL SANTIAGO BOTERO JARAMILLO": 2.0, "ROY LEONARDO BARRERAS MONTEALEGRE": 1.0, "SERGIO FAJARDO VALDERRAMA": 89.0, "SONDRA MACOLLINS GARVIN PINTO": 0.0, "ÓSCAR MAURICIO LIZCANO ARANGO": 0.0, "TOTAL_VOTOS": 809.0, "GANADOR": "ABELARDO DE LA ESPRIELLA", "VOTOS_GANADOR": 406.0, "PCT_GANADOR": 50.2 }, "geometry": { "type": "Point", "coordinates": [ -74.0601942, 4.75716328 ] } },
{ "type": "Feature", "properties": { "LOCALIDAD": "Suba", "DIRECCION": "CRA 62 # 169 A - 14", "SITIO": "Colegio Santiago Alberioni", "NOMBRE": "Colegio Santiago Alberioni", "ABELARDO DE LA ESPRIELLA": 1027.0, "CARLOS EDUARDO CAICEDO OMAR": 0.0, "CLAUDIA LÓPEZ": 29.0, "GUSTAVO MATAMOROS CAMACHO": 1.0, "IVÁN CEPEDA CASTRO": 467.0, "LUIS GILBERTO MURILLO URRUTIA": 0.0, "MIGUEL URIBE LONDOÑO": 1.0, "PALOMA VALENCIA LASERNA": 247.0, "RAÚL SANTIAGO BOTERO JARAMILLO": 1.0, "ROY LEONARDO BARRERAS MONTEALEGRE": 1.0, "SERGIO FAJARDO VALDERRAMA": 189.0, "SONDRA MACOLLINS GARVIN PINTO": 0.0, "ÓSCAR MAURICIO LIZCANO ARANGO": 0.0, "TOTAL_VOTOS": 1963.0, "GANADOR": "ABELARDO DE LA ESPRIELLA", "VOTOS_GANADOR": 1027.0, "PCT_GANADOR": 52.3 }, "geometry": { "type": "Point", "coordinates": [ -74.05983303, 4.75328458 ] } },
{ "type": "Feature", "properties": { "LOCALIDAD": "San Cristóbal", "DIRECCION": "CLL 64 Sur # 10 A 39 Este", "SITIO": "La Belleza", "NOMBRE": "Colegio Distrital Los Libertadores - Sede A", "ABELARDO DE LA ESPRIELLA": 388.0, "CARLOS EDUARDO CAICEDO OMAR": 1.0, "CLAUDIA LÓPEZ": 49.0, "GUSTAVO MATAMOROS CAMACHO": 0.0, "IVÁN CEPEDA CASTRO": 1461.0, "LUIS GILBERTO MURILLO URRUTIA": 2.0, "MIGUEL URIBE LONDOÑO": 1.0, "PALOMA VALENCIA LASERNA": 80.0, "RAÚL SANTIAGO BOTERO JARAMILLO": 22.0, "ROY LEONARDO BARRERAS MONTEALEGRE": 1.0, "SERGIO FAJARDO VALDERRAMA": 77.0, "SONDRA MACOLLINS GARVIN PINTO": 3.0, "ÓSCAR MAURICIO LIZCANO ARANGO": 0.0, "TOTAL_VOTOS": 2085.0, "GANADOR": "IVÁN CEPEDA CASTRO", "VOTOS_GANADOR": 1461.0, "PCT_GANADOR": 70.1 }, "geometry": { "type": "Point", "coordinates": [ -74.09219883, 4.53044476 ] } },
{ "type": "Feature", "properties": { "LOCALIDAD": "San Cristóbal", "DIRECCION": "CLL 14 Sur # 25 - 05 Este", "SITIO": "Aguas Claras", "NOMBRE": "Colegio Distrital Aguas Claras", "ABELARDO DE LA ESPRIELLA": 167.0, "CARLOS EDUARDO CAICEDO OMAR": 0.0, "CLAUDIA LÓPEZ": 29.0, "GUSTAVO MATAMOROS CAMACHO": 0.0, "IVÁN CEPEDA CASTRO": 680.0, "LUIS GILBERTO MURILLO URRUTIA": 1.0, "MIGUEL URIBE LONDOÑO": 1.0, "PALOMA VALENCIA LASERNA": 68.0, "RAÚL SANTIAGO BOTERO JARAMILLO": 9.0, "ROY LEONARDO BARRERAS MONTEALEGRE": 1.0, "SERGIO FAJARDO VALDERRAMA": 27.0, "SONDRA MACOLLINS GARVIN PINTO": 1.0, "ÓSCAR MAURICIO LIZCANO ARANGO": 2.0, "TOTAL_VOTOS": 986.0, "GANADOR": "IVÁN CEPEDA CASTRO", "VOTOS_GANADOR": 680.0, "PCT_GANADOR": 69.0 }, "geometry": { "type": "Point", "coordinates": [ -74.06739884, 4.56215723 ] } },
{ "type": "Feature", "properties": { "LOCALIDAD": "Usme", "DIRECCION": "CRA 13 # 137 D - 40 Sur", "SITIO": "Usme - Centro", "NOMBRE": "Colegio Distrital Francisco Antonio Zea - Sede B", "ABELARDO DE LA ESPRIELLA": 414.0, "CARLOS EDUARDO CAICEDO OMAR": 1.0, "CLAUDIA LÓPEZ": 64.0, "GUSTAVO MATAMOROS CAMACHO": 2.0, "IVÁN CEPEDA CASTRO": 1502.0, "LUIS GILBERTO MURILLO URRUTIA": 1.0, "MIGUEL URIBE LONDOÑO": 6.0, "PALOMA VALENCIA LASERNA": 90.0, "RAÚL SANTIAGO BOTERO JARAMILLO": 22.0, "ROY LEONARDO BARRERAS MONTEALEGRE": 0.0, "SERGIO FAJARDO VALDERRAMA": 82.0, "SONDRA MACOLLINS GARVIN PINTO": 3.0, "ÓSCAR MAURICIO LIZCANO ARANGO": 3.0, "TOTAL_VOTOS": 2190.0, "GANADOR": "IVÁN CEPEDA CASTRO", "VOTOS_GANADOR": 1502.0, "PCT_GANADOR": 68.6 }, "geometry": { "type": "Point", "coordinates": [ -74.12533529, 4.46954508 ] } },
{ "type": "Feature", "properties": { "LOCALIDAD": "Usme", "DIRECCION": "CLL 104 Sur # 14 - 90", "SITIO": "Brazuelos", "NOMBRE": "Colegio Distrital Brazuelos", "ABELARDO DE LA ESPRIELLA": 371.0, "CARLOS EDUARDO CAICEDO OMAR": 0.0, "CLAUDIA LÓPEZ": 45.0, "GUSTAVO MATAMOROS CAMACHO": 0.0, "IVÁN CEPEDA CASTRO": 1393.0, "LUIS GILBERTO MURILLO URRUTIA": 0.0, "MIGUEL URIBE LONDOÑO": 3.0, "PALOMA VALENCIA LASERNA": 64.0, "RAÚL SANTIAGO BOTERO JARAMILLO": 25.0, "ROY LEONARDO BARRERAS MONTEALEGRE": 0.0, "SERGIO FAJARDO VALDERRAMA": 78.0, "SONDRA MACOLLINS GARVIN PINTO": 0.0, "ÓSCAR MAURICIO LIZCANO ARANGO": 3.0, "TOTAL_VOTOS": 1982.0, "GANADOR": "IVÁN CEPEDA CASTRO", "VOTOS_GANADOR": 1393.0, "PCT_GANADOR": 70.3 }, "geometry": { "type": "Point", "coordinates": [ -74.119874, 4.49494885 ] } },
{ "type": "Feature", "properties": { "LOCALIDAD": "Usme", "DIRECCION": "CLL 91 Sur # 4C - 26", "SITIO": "CDC Julio César Sánchez", "NOMBRE": "Centro de Desarrollo Comunitario Julio César Sánchez", "ABELARDO DE LA ESPRIELLA": 747.0, "CARLOS EDUARDO CAICEDO OMAR": 2.0, "CLAUDIA LÓPEZ": 82.0, "GUSTAVO MATAMOROS CAMACHO": 1.0, "IVÁN CEPEDA CASTRO": 2245.0, "LUIS GILBERTO MURILLO URRUTIA": 3.0, "MIGUEL URIBE LONDOÑO": 6.0, "PALOMA VALENCIA LASERNA": 151.0, "RAÚL SANTIAGO BOTERO JARAMILLO": 35.0, "ROY LEONARDO BARRERAS MONTEALEGRE": 1.0, "SERGIO FAJARDO VALDERRAMA": 128.0, "SONDRA MACOLLINS GARVIN PINTO": 2.0, "ÓSCAR MAURICIO LIZCANO ARANGO": 6.0, "TOTAL_VOTOS": 3409.0, "GANADOR": "IVÁN CEPEDA CASTRO", "VOTOS_GANADOR": 2245.0, "PCT_GANADOR": 65.9 }, "geometry": { "type": "Point", "coordinates": [ -74.10917209, 4.5011028 ] } },
{ "type": "Feature", "properties": { "LOCALIDAD": "Usme", "DIRECCION": "CRA 5 # 83 - 03 Sur", "SITIO": "Vía al llano", "NOMBRE": "Colegio Distrital Federico García Lorca Sede A", "ABELARDO DE LA ESPRIELLA": 123.0, "CARLOS EDUARDO CAICEDO OMAR": 0.0, "CLAUDIA LÓPEZ": 4.0, "GUSTAVO MATAMOROS CAMACHO": 0.0, "IVÁN CEPEDA CASTRO": 446.0, "LUIS GILBERTO MURILLO URRUTIA": 0.0, "MIGUEL URIBE LONDOÑO": 2.0, "PALOMA VALENCIA LASERNA": 22.0, "RAÚL SANTIAGO BOTERO JARAMILLO": 4.0, "ROY LEONARDO BARRERAS MONTEALEGRE": 0.0, "SERGIO FAJARDO VALDERRAMA": 28.0, "SONDRA MACOLLINS GARVIN PINTO": 0.0, "ÓSCAR MAURICIO LIZCANO ARANGO": 1.0, "TOTAL_VOTOS": 630.0, "GANADOR": "IVÁN CEPEDA CASTRO", "VOTOS_GANADOR": 446.0, "PCT_GANADOR": 70.8 }, "geometry": { "type": "Point", "coordinates": [ -74.10721803, 4.50731238 ] } },
{ "type": "Feature", "properties": { "LOCALIDAD": "Usme", "DIRECCION": "CLL 69 A Bis Sur # 14 C - 18", "SITIO": "Nusadal", "NOMBRE": "Colegio Distrital Nuevo San Andrés de Los Altos", "ABELARDO DE LA ESPRIELLA": 275.0, "CARLOS EDUARDO CAICEDO OMAR": 0.0, "CLAUDIA LÓPEZ": 42.0, "GUSTAVO MATAMOROS CAMACHO": 0.0, "IVÁN CEPEDA CASTRO": 1017.0, "LUIS GILBERTO MURILLO URRUTIA": 0.0, "MIGUEL URIBE LONDOÑO": 1.0, "PALOMA VALENCIA LASERNA": 73.0, "RAÚL SANTIAGO BOTERO JARAMILLO": 9.0, "ROY LEONARDO BARRERAS MONTEALEGRE": 0.0, "SERGIO FAJARDO VALDERRAMA": 58.0, "SONDRA MACOLLINS GARVIN PINTO": 0.0, "ÓSCAR MAURICIO LIZCANO ARANGO": 2.0, "TOTAL_VOTOS": 1477.0, "GANADOR": "IVÁN CEPEDA CASTRO", "VOTOS_GANADOR": 1017.0, "PCT_GANADOR": 68.9 }, "geometry": { "type": "Point", "coordinates": [ -74.12011325, 4.52479675 ] } },
{ "type": "Feature", "properties": { "LOCALIDAD": "Tunjuelito", "DIRECCION": "CLL 67 B Sur # 63 - 15", "SITIO": "Jardín Infantil Isla del Sol", "NOMBRE": "Jardín Infantil Isla del Sol", "ABELARDO DE LA ESPRIELLA": 385.0, "CARLOS EDUARDO CAICEDO OMAR": 1.0, "CLAUDIA LÓPEZ": 18.0, "GUSTAVO MATAMOROS CAMACHO": 0.0, "IVÁN CEPEDA CASTRO": 566.0, "LUIS GILBERTO MURILLO URRUTIA": 0.0, "MIGUEL URIBE LONDOÑO": 3.0, "PALOMA VALENCIA LASERNA": 58.0, "RAÚL SANTIAGO BOTERO JARAMILLO": 9.0, "ROY LEONARDO BARRERAS MONTEALEGRE": 0.0, "SERGIO FAJARDO VALDERRAMA": 65.0, "SONDRA MACOLLINS GARVIN PINTO": 1.0, "ÓSCAR MAURICIO LIZCANO ARANGO": 1.0, "TOTAL_VOTOS": 1107.0, "GANADOR": "IVÁN CEPEDA CASTRO", "VOTOS_GANADOR": 566.0, "PCT_GANADOR": 51.1 }, "geometry": { "type": "Point", "coordinates": [ -74.15247372, 4.58943005 ] } },
{ "type": "Feature", "properties": { "LOCALIDAD": "Tunjuelito", "DIRECCION": "DIAG 51 A Sur # 54 A - 32", "SITIO": "Liceo Santa Bernardita", "NOMBRE": "Liceo Santa Bernardita", "ABELARDO DE LA ESPRIELLA": 525.0, "CARLOS EDUARDO CAICEDO OMAR": 0.0, "CLAUDIA LÓPEZ": 25.0, "GUSTAVO MATAMOROS CAMACHO": 0.0, "IVÁN CEPEDA CASTRO": 556.0, "LUIS GILBERTO MURILLO URRUTIA": 1.0, "MIGUEL URIBE LONDOÑO": 1.0, "PALOMA VALENCIA LASERNA": 102.0, "RAÚL SANTIAGO BOTERO JARAMILLO": 8.0, "ROY LEONARDO BARRERAS MONTEALEGRE": 0.0, "SERGIO FAJARDO VALDERRAMA": 97.0, "SONDRA MACOLLINS GARVIN PINTO": 1.0, "ÓSCAR MAURICIO LIZCANO ARANGO": 1.0, "TOTAL_VOTOS": 1317.0, "GANADOR": "IVÁN CEPEDA CASTRO", "VOTOS_GANADOR": 556.0, "PCT_GANADOR": 42.2 }, "geometry": { "type": "Point", "coordinates": [ -74.14308346, 4.58999042 ] } },
{ "type": "Feature", "properties": { "LOCALIDAD": "Tunjuelito", "DIRECCION": "DIAG 47 A Sur # 53 A - 95", "SITIO": "Colegio Cooperativo Venecia", "NOMBRE": "Colegio Cooperativo Venecia", "ABELARDO DE LA ESPRIELLA": 952.0, "CARLOS EDUARDO CAICEDO OMAR": 1.0, "CLAUDIA LÓPEZ": 67.0, "GUSTAVO MATAMOROS CAMACHO": 0.0, "IVÁN CEPEDA CASTRO": 1335.0, "LUIS GILBERTO MURILLO URRUTIA": 3.0, "MIGUEL URIBE LONDOÑO": 2.0, "PALOMA VALENCIA LASERNA": 160.0, "RAÚL SANTIAGO BOTERO JARAMILLO": 17.0, "ROY LEONARDO BARRERAS MONTEALEGRE": 0.0, "SERGIO FAJARDO VALDERRAMA": 140.0, "SONDRA MACOLLINS GARVIN PINTO": 3.0, "ÓSCAR MAURICIO LIZCANO ARANGO": 4.0, "TOTAL_VOTOS": 2684.0, "GANADOR": "IVÁN CEPEDA CASTRO", "VOTOS_GANADOR": 1335.0, "PCT_GANADOR": 49.7 }, "geometry": { "type": "Point", "coordinates": [ -74.14062679, 4.59287891 ] } },
{ "type": "Feature", "properties": { "LOCALIDAD": "Tunjuelito", "DIRECCION": "CRA 59 # 51 B - 46 Sur / CRA 61B # 51B - 46 Sur", "SITIO": "Cooperativo Nuevo MUZU", "NOMBRE": "Colegio Cooperativo Nuevo MUZU", "ABELARDO DE LA ESPRIELLA": 405.0, "CARLOS EDUARDO CAICEDO OMAR": 0.0, "CLAUDIA LÓPEZ": 28.0, "GUSTAVO MATAMOROS CAMACHO": 0.0, "IVÁN CEPEDA CASTRO": 657.0, "LUIS GILBERTO MURILLO URRUTIA": 2.0, "MIGUEL URIBE LONDOÑO": 0.0, "PALOMA VALENCIA LASERNA": 84.0, "RAÚL SANTIAGO BOTERO JARAMILLO": 7.0, "ROY LEONARDO BARRERAS MONTEALEGRE": 0.0, "SERGIO FAJARDO VALDERRAMA": 128.0, "SONDRA MACOLLINS GARVIN PINTO": 0.0, "ÓSCAR MAURICIO LIZCANO ARANGO": 1.0, "TOTAL_VOTOS": 1312.0, "GANADOR": "IVÁN CEPEDA CASTRO", "VOTOS_GANADOR": 657.0, "PCT_GANADOR": 50.1 }, "geometry": { "type": "Point", "coordinates": [ -74.14794178, 4.5873983 ] } },
{ "type": "Feature", "properties": { "LOCALIDAD": "Tunjuelito", "DIRECCION": "DIAG 58 Sur # 29 - 26", "SITIO": "Liceo Campestre CAFAM", "NOMBRE": "Liceo Campestre CAFAM", "ABELARDO DE LA ESPRIELLA": 120.0, "CARLOS EDUARDO CAICEDO OMAR": 0.0, "CLAUDIA LÓPEZ": 11.0, "GUSTAVO MATAMOROS CAMACHO": 0.0, "IVÁN CEPEDA CASTRO": 192.0, "LUIS GILBERTO MURILLO URRUTIA": 1.0, "MIGUEL URIBE LONDOÑO": 0.0, "PALOMA VALENCIA LASERNA": 31.0, "RAÚL SANTIAGO BOTERO JARAMILLO": 4.0, "ROY LEONARDO BARRERAS MONTEALEGRE": 0.0, "SERGIO FAJARDO VALDERRAMA": 25.0, "SONDRA MACOLLINS GARVIN PINTO": 0.0, "ÓSCAR MAURICIO LIZCANO ARANGO": 0.0, "TOTAL_VOTOS": 384.0, "GANADOR": "IVÁN CEPEDA CASTRO", "VOTOS_GANADOR": 192.0, "PCT_GANADOR": 50.0 }, "geometry": { "type": "Point", "coordinates": [ -74.14339962, 4.57795029 ] } },
{ "type": "Feature", "properties": { "LOCALIDAD": "Tunjuelito", "DIRECCION": "CRA 12 B # 57 - 52 Sur", "SITIO": "Nuestra Señora de Las Victorias", "NOMBRE": "Colegio Nuestra Señora de Las Victorias", "ABELARDO DE LA ESPRIELLA": 111.0, "CARLOS EDUARDO CAICEDO OMAR": 0.0, "CLAUDIA LÓPEZ": 11.0, "GUSTAVO MATAMOROS CAMACHO": 0.0, "IVÁN CEPEDA CASTRO": 195.0, "LUIS GILBERTO MURILLO URRUTIA": 0.0, "MIGUEL URIBE LONDOÑO": 0.0, "PALOMA VALENCIA LASERNA": 32.0, "RAÚL SANTIAGO BOTERO JARAMILLO": 4.0, "ROY LEONARDO BARRERAS MONTEALEGRE": 0.0, "SERGIO FAJARDO VALDERRAMA": 15.0, "SONDRA MACOLLINS GARVIN PINTO": 1.0, "ÓSCAR MAURICIO LIZCANO ARANGO": 0.0, "TOTAL_VOTOS": 369.0, "GANADOR": "IVÁN CEPEDA CASTRO", "VOTOS_GANADOR": 195.0, "PCT_GANADOR": 52.8 }, "geometry": { "type": "Point", "coordinates": [ -74.12895936, 4.55926802 ] } },
{ "type": "Feature", "properties": { "LOCALIDAD": "Tunjuelito", "DIRECCION": "CRA 11 # 52 - 41 Sur", "SITIO": "Santa Cecilia de Tunjuelito", "NOMBRE": "Colegio Santa Cecilia De Tunjuelito", "ABELARDO DE LA ESPRIELLA": 632.0, "CARLOS EDUARDO CAICEDO OMAR": 1.0, "CLAUDIA LÓPEZ": 54.0, "GUSTAVO MATAMOROS CAMACHO": 1.0, "IVÁN CEPEDA CASTRO": 1017.0, "LUIS GILBERTO MURILLO URRUTIA": 3.0, "MIGUEL URIBE LONDOÑO": 1.0, "PALOMA VALENCIA LASERNA": 119.0, "RAÚL SANTIAGO BOTERO JARAMILLO": 16.0, "ROY LEONARDO BARRERAS MONTEALEGRE": 2.0, "SERGIO FAJARDO VALDERRAMA": 88.0, "SONDRA MACOLLINS GARVIN PINTO": 2.0, "ÓSCAR MAURICIO LIZCANO ARANGO": 2.0, "TOTAL_VOTOS": 1938.0, "GANADOR": "IVÁN CEPEDA CASTRO", "VOTOS_GANADOR": 1017.0, "PCT_GANADOR": 52.5 }, "geometry": { "type": "Point", "coordinates": [ -74.12419151, 4.55861651 ] } },
{ "type": "Feature", "properties": { "LOCALIDAD": "Tunjuelito", "DIRECCION": "CLL 51 Sur # 7 - 35", "SITIO": "Casa de Justicia de Tunjuelito", "NOMBRE": "Casa de Justicia de Tunjuelito", "ABELARDO DE LA ESPRIELLA": 761.0, "CARLOS EDUARDO CAICEDO OMAR": 0.0, "CLAUDIA LÓPEZ": 47.0, "GUSTAVO MATAMOROS CAMACHO": 1.0, "IVÁN CEPEDA CASTRO": 1486.0, "LUIS GILBERTO MURILLO URRUTIA": 3.0, "MIGUEL URIBE LONDOÑO": 2.0, "PALOMA VALENCIA LASERNA": 121.0, "RAÚL SANTIAGO BOTERO JARAMILLO": 21.0, "ROY LEONARDO BARRERAS MONTEALEGRE": 0.0, "SERGIO FAJARDO VALDERRAMA": 142.0, "SONDRA MACOLLINS GARVIN PINTO": 6.0, "ÓSCAR MAURICIO LIZCANO ARANGO": 2.0, "TOTAL_VOTOS": 2592.0, "GANADOR": "IVÁN CEPEDA CASTRO", "VOTOS_GANADOR": 1486.0, "PCT_GANADOR": 57.3 }, "geometry": { "type": "Point", "coordinates": [ -74.1216262, 4.55609539 ] } },
{ "type": "Feature", "properties": { "LOCALIDAD": "Tunjuelito", "DIRECCION": "CRA 18 # 54 - 14 Sur / CRA 18 # 54 - 10 Sur", "SITIO": "Porfirio Barba Jacob", "NOMBRE": "Externado Porfirio Barba Jacob", "ABELARDO DE LA ESPRIELLA": 225.0, "CARLOS EDUARDO CAICEDO OMAR": 1.0, "CLAUDIA LÓPEZ": 21.0, "GUSTAVO MATAMOROS CAMACHO": 0.0, "IVÁN CEPEDA CASTRO": 455.0, "LUIS GILBERTO MURILLO URRUTIA": 0.0, "MIGUEL URIBE LONDOÑO": 0.0, "PALOMA VALENCIA LASERNA": 51.0, "RAÚL SANTIAGO BOTERO JARAMILLO": 9.0, "ROY LEONARDO BARRERAS MONTEALEGRE": 0.0, "SERGIO FAJARDO VALDERRAMA": 37.0, "SONDRA MACOLLINS GARVIN PINTO": 2.0, "ÓSCAR MAURICIO LIZCANO ARANGO": 0.0, "TOTAL_VOTOS": 801.0, "GANADOR": "IVÁN CEPEDA CASTRO", "VOTOS_GANADOR": 455.0, "PCT_GANADOR": 56.8 }, "geometry": { "type": "Point", "coordinates": [ -74.12999243, 4.56588902 ] } },
{ "type": "Feature", "properties": { "LOCALIDAD": "Bosa", "DIRECCION": "CRA 78 D # 59 A - 18 Sur", "SITIO": "Miguel Ángel Asturias", "NOMBRE": "Colegio Miguel Ángel Asturias", "ABELARDO DE LA ESPRIELLA": 477.0, "CARLOS EDUARDO CAICEDO OMAR": 0.0, "CLAUDIA LÓPEZ": 32.0, "GUSTAVO MATAMOROS CAMACHO": 1.0, "IVÁN CEPEDA CASTRO": 816.0, "LUIS GILBERTO MURILLO URRUTIA": 0.0, "MIGUEL URIBE LONDOÑO": 1.0, "PALOMA VALENCIA LASERNA": 90.0, "RAÚL SANTIAGO BOTERO JARAMILLO": 13.0, "ROY LEONARDO BARRERAS MONTEALEGRE": 0.0, "SERGIO FAJARDO VALDERRAMA": 71.0, "SONDRA MACOLLINS GARVIN PINTO": 0.0, "ÓSCAR MAURICIO LIZCANO ARANGO": 2.0, "TOTAL_VOTOS": 1503.0, "GANADOR": "IVÁN CEPEDA CASTRO", "VOTOS_GANADOR": 816.0, "PCT_GANADOR": 54.3 }, "geometry": { "type": "Point", "coordinates": [ -74.18020679, 4.60357911 ] } },
{ "type": "Feature", "properties": { "LOCALIDAD": "Bosa", "DIRECCION": "CLL 68 Sur # 81 G - 09", "SITIO": "Coliseo la Palestina", "NOMBRE": "Coliseo la Palestina", "ABELARDO DE LA ESPRIELLA": 634.0, "CARLOS EDUARDO CAICEDO OMAR": 1.0, "CLAUDIA LÓPEZ": 47.0, "GUSTAVO MATAMOROS CAMACHO": 1.0, "IVÁN CEPEDA CASTRO": 1442.0, "LUIS GILBERTO MURILLO URRUTIA": 2.0, "MIGUEL URIBE LONDOÑO": 2.0, "PALOMA VALENCIA LASERNA": 97.0, "RAÚL SANTIAGO BOTERO JARAMILLO": 26.0, "ROY LEONARDO BARRERAS MONTEALEGRE": 1.0, "SERGIO FAJARDO VALDERRAMA": 120.0, "SONDRA MACOLLINS GARVIN PINTO": 5.0, "ÓSCAR MAURICIO LIZCANO ARANGO": 6.0, "TOTAL_VOTOS": 2384.0, "GANADOR": "IVÁN CEPEDA CASTRO", "VOTOS_GANADOR": 1442.0, "PCT_GANADOR": 60.5 }, "geometry": { "type": "Point", "coordinates": [ -74.19132802, 4.61207376 ] } },
{ "type": "Feature", "properties": { "LOCALIDAD": "Bosa", "DIRECCION": "TRV 80 B # 65 I - 25 Sur", "SITIO": "Alfredo Nóbel", "NOMBRE": "Colegio Privado Liceo Alfredo Nóbel", "ABELARDO DE LA ESPRIELLA": 488.0, "CARLOS EDUARDO CAICEDO OMAR": 1.0, "CLAUDIA LÓPEZ": 38.0, "GUSTAVO MATAMOROS CAMACHO": 0.0, "IVÁN CEPEDA CASTRO": 1157.0, "LUIS GILBERTO MURILLO URRUTIA": 0.0, "MIGUEL URIBE LONDOÑO": 1.0, "PALOMA VALENCIA LASERNA": 96.0, "RAÚL SANTIAGO BOTERO JARAMILLO": 16.0, "ROY LEONARDO BARRERAS MONTEALEGRE": 0.0, "SERGIO FAJARDO VALDERRAMA": 154.0, "SONDRA MACOLLINS GARVIN PINTO": 0.0, "ÓSCAR MAURICIO LIZCANO ARANGO": 3.0, "TOTAL_VOTOS": 1954.0, "GANADOR": "IVÁN CEPEDA CASTRO", "VOTOS_GANADOR": 1157.0, "PCT_GANADOR": 59.2 }, "geometry": { "type": "Point", "coordinates": [ -74.18766828, 4.60616782 ] } },
{ "type": "Feature", "properties": { "LOCALIDAD": "Bosa", "DIRECCION": "CRA 81 A # 82 A - 18 Sur", "SITIO": "Manuel Elkin Patarroyo", "NOMBRE": "Liceo Manuel Elkin Patarroyo", "ABELARDO DE LA ESPRIELLA": 811.0, "CARLOS EDUARDO CAICEDO OMAR": 0.0, "CLAUDIA LÓPEZ": 81.0, "GUSTAVO MATAMOROS CAMACHO": 2.0, "IVÁN CEPEDA CASTRO": 1842.0, "LUIS GILBERTO MURILLO URRUTIA": 2.0, "MIGUEL URIBE LONDOÑO": 6.0, "PALOMA VALENCIA LASERNA": 161.0, "RAÚL SANTIAGO BOTERO JARAMILLO": 25.0, "ROY LEONARDO BARRERAS MONTEALEGRE": 5.0, "SERGIO FAJARDO VALDERRAMA": 117.0, "SONDRA MACOLLINS GARVIN PINTO": 1.0, "ÓSCAR MAURICIO LIZCANO ARANGO": 5.0, "TOTAL_VOTOS": 3058.0, "GANADOR": "IVÁN CEPEDA CASTRO", "VOTOS_GANADOR": 1842.0, "PCT_GANADOR": 60.2 }, "geometry": { "type": "Point", "coordinates": [ -74.20602105, 4.61319507 ] } },
{ "type": "Feature", "properties": { "LOCALIDAD": "Bosa", "DIRECCION": "CRA 72 # 57 H - 94 Sur /CRA 72 # 57 H - 92 Sur", "SITIO": "Parque Autopista Sur PAVCO", "NOMBRE": "Parque IDRD", "ABELARDO DE LA ESPRIELLA": 605.0, "CARLOS EDUARDO CAICEDO OMAR": 0.0, "CLAUDIA LÓPEZ": 45.0, "GUSTAVO MATAMOROS CAMACHO": 1.0, "IVÁN CEPEDA CASTRO": 1362.0, "LUIS GILBERTO MURILLO URRUTIA": 0.0, "MIGUEL URIBE LONDOÑO": 0.0, "PALOMA VALENCIA LASERNA": 110.0, "RAÚL SANTIAGO BOTERO JARAMILLO": 17.0, "ROY LEONARDO BARRERAS MONTEALEGRE": 1.0, "SERGIO FAJARDO VALDERRAMA": 147.0, "SONDRA MACOLLINS GARVIN PINTO": 0.0, "ÓSCAR MAURICIO LIZCANO ARANGO": 2.0, "TOTAL_VOTOS": 2290.0, "GANADOR": "IVÁN CEPEDA CASTRO", "VOTOS_GANADOR": 1362.0, "PCT_GANADOR": 59.5 }, "geometry": { "type": "Point", "coordinates": [ -74.16398014, 4.59656913 ] } },
{ "type": "Feature", "properties": { "LOCALIDAD": "Bosa", "DIRECCION": "CRA 71 D # 54 - 15 Sur", "SITIO": "Jardín Infantil Olarte", "NOMBRE": "Jardín Infantil Olarte – SDIS", "ABELARDO DE LA ESPRIELLA": 618.0, "CARLOS EDUARDO CAICEDO OMAR": 0.0, "CLAUDIA LÓPEZ": 45.0, "GUSTAVO MATAMOROS CAMACHO": 0.0, "IVÁN CEPEDA CASTRO": 1192.0, "LUIS GILBERTO MURILLO URRUTIA": 2.0, "MIGUEL URIBE LONDOÑO": 2.0, "PALOMA VALENCIA LASERNA": 97.0, "RAÚL SANTIAGO BOTERO JARAMILLO": 25.0, "ROY LEONARDO BARRERAS MONTEALEGRE": 0.0, "SERGIO FAJARDO VALDERRAMA": 115.0, "SONDRA MACOLLINS GARVIN PINTO": 2.0, "ÓSCAR MAURICIO LIZCANO ARANGO": 4.0, "TOTAL_VOTOS": 2102.0, "GANADOR": "IVÁN CEPEDA CASTRO", "VOTOS_GANADOR": 1192.0, "PCT_GANADOR": 56.7 }, "geometry": { "type": "Point", "coordinates": [ -74.16323479, 4.60314889 ] } },
{ "type": "Feature", "properties": { "LOCALIDAD": "Bosa", "DIRECCION": "CRA 88 F Bis # 51 C - 01 Sur / CRA 88 I # 51C - 10 Sur", "SITIO": "Gimnasio Los Sauces", "NOMBRE": "Gimnasio Los Sauces", "ABELARDO DE LA ESPRIELLA": 1045.0, "CARLOS EDUARDO CAICEDO OMAR": 0.0, "CLAUDIA LÓPEZ": 93.0, "GUSTAVO MATAMOROS CAMACHO": 0.0, "IVÁN CEPEDA CASTRO": 1956.0, "LUIS GILBERTO MURILLO URRUTIA": 0.0, "MIGUEL URIBE LONDOÑO": 4.0, "PALOMA VALENCIA LASERNA": 175.0, "RAÚL SANTIAGO BOTERO JARAMILLO": 40.0, "ROY LEONARDO BARRERAS MONTEALEGRE": 3.0, "SERGIO FAJARDO VALDERRAMA": 211.0, "SONDRA MACOLLINS GARVIN PINTO": 3.0, "ÓSCAR MAURICIO LIZCANO ARANGO": 6.0, "TOTAL_VOTOS": 3536.0, "GANADOR": "IVÁN CEPEDA CASTRO", "VOTOS_GANADOR": 1956.0, "PCT_GANADOR": 55.3 }, "geometry": { "type": "Point", "coordinates": [ -74.18228625, 4.6310038 ] } },
{ "type": "Feature", "properties": { "LOCALIDAD": "Suba", "DIRECCION": "AV CLL 127 # 60 - 30", "SITIO": "Niza Centro Comercial Niza", "NOMBRE": "Parqueadero Centro Comercial Niza", "ABELARDO DE LA ESPRIELLA": 6363.0, "CARLOS EDUARDO CAICEDO OMAR": 2.0, "CLAUDIA LÓPEZ": 226.0, "GUSTAVO MATAMOROS CAMACHO": 0.0, "IVÁN CEPEDA CASTRO": 2395.0, "LUIS GILBERTO MURILLO URRUTIA": 3.0, "MIGUEL URIBE LONDOÑO": 6.0, "PALOMA VALENCIA LASERNA": 1945.0, "RAÚL SANTIAGO BOTERO JARAMILLO": 15.0, "ROY LEONARDO BARRERAS MONTEALEGRE": 3.0, "SERGIO FAJARDO VALDERRAMA": 1363.0, "SONDRA MACOLLINS GARVIN PINTO": 6.0, "ÓSCAR MAURICIO LIZCANO ARANGO": 8.0, "TOTAL_VOTOS": 12335.0, "GANADOR": "ABELARDO DE LA ESPRIELLA", "VOTOS_GANADOR": 6363.0, "PCT_GANADOR": 51.6 }, "geometry": { "type": "Point", "coordinates": [ -74.07303393, 4.71125802 ] } },
{ "type": "Feature", "properties": { "LOCALIDAD": "Engativá", "DIRECCION": "CRA 109 A # 77 A - 16 /CRA 108 # 77 - 21 ", "SITIO": "El Cedro", "NOMBRE": "Colegio Distrital Charry", "ABELARDO DE LA ESPRIELLA": 757.0, "CARLOS EDUARDO CAICEDO OMAR": 1.0, "CLAUDIA LÓPEZ": 56.0, "GUSTAVO MATAMOROS CAMACHO": 0.0, "IVÁN CEPEDA CASTRO": 897.0, "LUIS GILBERTO MURILLO URRUTIA": 0.0, "MIGUEL URIBE LONDOÑO": 3.0, "PALOMA VALENCIA LASERNA": 160.0, "RAÚL SANTIAGO BOTERO JARAMILLO": 18.0, "ROY LEONARDO BARRERAS MONTEALEGRE": 2.0, "SERGIO FAJARDO VALDERRAMA": 159.0, "SONDRA MACOLLINS GARVIN PINTO": 2.0, "ÓSCAR MAURICIO LIZCANO ARANGO": 9.0, "TOTAL_VOTOS": 2064.0, "GANADOR": "IVÁN CEPEDA CASTRO", "VOTOS_GANADOR": 897.0, "PCT_GANADOR": 43.5 }, "geometry": { "type": "Point", "coordinates": [ -74.120159, 4.713627 ] } },
{ "type": "Feature", "properties": { "LOCALIDAD": "Engativá", "DIRECCION": "CRA 103 D # 86 A - 72", "SITIO": "Bolivia", "NOMBRE": "Colegio Distrital Rodolfo Llinas", "ABELARDO DE LA ESPRIELLA": 4086.0, "CARLOS EDUARDO CAICEDO OMAR": 2.0, "CLAUDIA LÓPEZ": 253.0, "GUSTAVO MATAMOROS CAMACHO": 3.0, "IVÁN CEPEDA CASTRO": 3562.0, "LUIS GILBERTO MURILLO URRUTIA": 2.0, "MIGUEL URIBE LONDOÑO": 2.0, "PALOMA VALENCIA LASERNA": 987.0, "RAÚL SANTIAGO BOTERO JARAMILLO": 23.0, "ROY LEONARDO BARRERAS MONTEALEGRE": 0.0, "SERGIO FAJARDO VALDERRAMA": 1215.0, "SONDRA MACOLLINS GARVIN PINTO": 5.0, "ÓSCAR MAURICIO LIZCANO ARANGO": 25.0, "TOTAL_VOTOS": 10165.0, "GANADOR": "ABELARDO DE LA ESPRIELLA", "VOTOS_GANADOR": 4086.0, "PCT_GANADOR": 40.2 }, "geometry": { "type": "Point", "coordinates": [ -74.108315, 4.71982 ] } },
{ "type": "Feature", "properties": { "LOCALIDAD": "Engativá", "DIRECCION": "CRA 114 A # 78 B -85 /AV CRA 114 # 78 B - 80", "SITIO": "Gran Granada", "NOMBRE": "Costado Almacén Éxito de Occidente", "ABELARDO DE LA ESPRIELLA": 4928.0, "CARLOS EDUARDO CAICEDO OMAR": 3.0, "CLAUDIA LÓPEZ": 311.0, "GUSTAVO MATAMOROS CAMACHO": 1.0, "IVÁN CEPEDA CASTRO": 3889.0, "LUIS GILBERTO MURILLO URRUTIA": 4.0, "MIGUEL URIBE LONDOÑO": 12.0, "PALOMA VALENCIA LASERNA": 1148.0, "RAÚL SANTIAGO BOTERO JARAMILLO": 35.0, "ROY LEONARDO BARRERAS MONTEALEGRE": 5.0, "SERGIO FAJARDO VALDERRAMA": 1216.0, "SONDRA MACOLLINS GARVIN PINTO": 2.0, "ÓSCAR MAURICIO LIZCANO ARANGO": 14.0, "TOTAL_VOTOS": 11568.0, "GANADOR": "ABELARDO DE LA ESPRIELLA", "VOTOS_GANADOR": 4928.0, "PCT_GANADOR": 42.6 }, "geometry": { "type": "Point", "coordinates": [ -74.12272131, 4.72099436 ] } },
{ "type": "Feature", "properties": { "LOCALIDAD": "Engativá", "DIRECCION": "CLL 64 # 128 - 50", "SITIO": "Torquigua", "NOMBRE": "Colegio Colsubsidio Torquigua", "ABELARDO DE LA ESPRIELLA": 1785.0, "CARLOS EDUARDO CAICEDO OMAR": 3.0, "CLAUDIA LÓPEZ": 137.0, "GUSTAVO MATAMOROS CAMACHO": 1.0, "IVÁN CEPEDA CASTRO": 3323.0, "LUIS GILBERTO MURILLO URRUTIA": 0.0, "MIGUEL URIBE LONDOÑO": 2.0, "PALOMA VALENCIA LASERNA": 346.0, "RAÚL SANTIAGO BOTERO JARAMILLO": 47.0, "ROY LEONARDO BARRERAS MONTEALEGRE": 2.0, "SERGIO FAJARDO VALDERRAMA": 416.0, "SONDRA MACOLLINS GARVIN PINTO": 0.0, "ÓSCAR MAURICIO LIZCANO ARANGO": 11.0, "TOTAL_VOTOS": 6073.0, "GANADOR": "IVÁN CEPEDA CASTRO", "VOTOS_GANADOR": 3323.0, "PCT_GANADOR": 54.7 }, "geometry": { "type": "Point", "coordinates": [ -74.14340953, 4.72174984 ] } },
{ "type": "Feature", "properties": { "LOCALIDAD": "Suba", "DIRECCION": "AV CLL 134 # 55 - 30/AV CLL 134 # 55 - 32", "SITIO": "Centro Comercial Paseo San Rafael", "NOMBRE": "Parqueadero Centro Comercial Paseo San Rafael", "ABELARDO DE LA ESPRIELLA": 10693.0, "CARLOS EDUARDO CAICEDO OMAR": 0.0, "CLAUDIA LÓPEZ": 277.0, "GUSTAVO MATAMOROS CAMACHO": 2.0, "IVÁN CEPEDA CASTRO": 2953.0, "LUIS GILBERTO MURILLO URRUTIA": 4.0, "MIGUEL URIBE LONDOÑO": 4.0, "PALOMA VALENCIA LASERNA": 2592.0, "RAÚL SANTIAGO BOTERO JARAMILLO": 25.0, "ROY LEONARDO BARRERAS MONTEALEGRE": 7.0, "SERGIO FAJARDO VALDERRAMA": 1781.0, "SONDRA MACOLLINS GARVIN PINTO": 5.0, "ÓSCAR MAURICIO LIZCANO ARANGO": 8.0, "TOTAL_VOTOS": 18351.0, "GANADOR": "ABELARDO DE LA ESPRIELLA", "VOTOS_GANADOR": 10693.0, "PCT_GANADOR": 58.3 }, "geometry": { "type": "Point", "coordinates": [ -74.06227484, 4.72302099 ] } },
{ "type": "Feature", "properties": { "LOCALIDAD": "Mártires", "DIRECCION": "CRA 19 B # 24 - 32", "SITIO": "Centro Memoria", "NOMBRE": "Centro Memoria", "ABELARDO DE LA ESPRIELLA": 255.0, "CARLOS EDUARDO CAICEDO OMAR": 0.0, "CLAUDIA LÓPEZ": 8.0, "GUSTAVO MATAMOROS CAMACHO": 0.0, "IVÁN CEPEDA CASTRO": 463.0, "LUIS GILBERTO MURILLO URRUTIA": 1.0, "MIGUEL URIBE LONDOÑO": 2.0, "PALOMA VALENCIA LASERNA": 55.0, "RAÚL SANTIAGO BOTERO JARAMILLO": 3.0, "ROY LEONARDO BARRERAS MONTEALEGRE": 1.0, "SERGIO FAJARDO VALDERRAMA": 42.0, "SONDRA MACOLLINS GARVIN PINTO": 1.0, "ÓSCAR MAURICIO LIZCANO ARANGO": 0.0, "TOTAL_VOTOS": 831.0, "GANADOR": "IVÁN CEPEDA CASTRO", "VOTOS_GANADOR": 463.0, "PCT_GANADOR": 55.7 }, "geometry": { "type": "Point", "coordinates": [ -74.07725252, 4.61868337 ] } },
{ "type": "Feature", "properties": { "LOCALIDAD": "Mártires", "DIRECCION": "CLL 1 D Bis # 29 - 92", "SITIO": "Salón Comunal Santa Isabel", "NOMBRE": "Salón Comunal Santa Isabel", "ABELARDO DE LA ESPRIELLA": 866.0, "CARLOS EDUARDO CAICEDO OMAR": 2.0, "CLAUDIA LÓPEZ": 21.0, "GUSTAVO MATAMOROS CAMACHO": 0.0, "IVÁN CEPEDA CASTRO": 671.0, "LUIS GILBERTO MURILLO URRUTIA": 0.0, "MIGUEL URIBE LONDOÑO": 1.0, "PALOMA VALENCIA LASERNA": 133.0, "RAÚL SANTIAGO BOTERO JARAMILLO": 11.0, "ROY LEONARDO BARRERAS MONTEALEGRE": 1.0, "SERGIO FAJARDO VALDERRAMA": 165.0, "SONDRA MACOLLINS GARVIN PINTO": 0.0, "ÓSCAR MAURICIO LIZCANO ARANGO": 1.0, "TOTAL_VOTOS": 1872.0, "GANADOR": "ABELARDO DE LA ESPRIELLA", "VOTOS_GANADOR": 866.0, "PCT_GANADOR": 46.3 }, "geometry": { "type": "Point", "coordinates": [ -74.10290329, 4.59974728 ] } },
{ "type": "Feature", "properties": { "LOCALIDAD": "Antonio Nariño", "DIRECCION": "CLL 10 B Sur # 18 A - 15", "SITIO": "Colegio Adventista Emmanuel", "NOMBRE": "Colegio Adventista Emmanuel", "ABELARDO DE LA ESPRIELLA": 315.0, "CARLOS EDUARDO CAICEDO OMAR": 0.0, "CLAUDIA LÓPEZ": 13.0, "GUSTAVO MATAMOROS CAMACHO": 0.0, "IVÁN CEPEDA CASTRO": 345.0, "LUIS GILBERTO MURILLO URRUTIA": 0.0, "MIGUEL URIBE LONDOÑO": 0.0, "PALOMA VALENCIA LASERNA": 55.0, "RAÚL SANTIAGO BOTERO JARAMILLO": 5.0, "ROY LEONARDO BARRERAS MONTEALEGRE": 0.0, "SERGIO FAJARDO VALDERRAMA": 73.0, "SONDRA MACOLLINS GARVIN PINTO": 0.0, "ÓSCAR MAURICIO LIZCANO ARANGO": 3.0, "TOTAL_VOTOS": 809.0, "GANADOR": "IVÁN CEPEDA CASTRO", "VOTOS_GANADOR": 345.0, "PCT_GANADOR": 42.6 }, "geometry": { "type": "Point", "coordinates": [ -74.09755353, 4.58883159 ] } },
{ "type": "Feature", "properties": { "LOCALIDAD": "Antonio Nariño", "DIRECCION": "CRA 34 C # 34 - 18 Sur/CRA 34 C # 32A - 18 Sur", "SITIO": "Salón Comunal Villa Mayor", "NOMBRE": "Salón Comunal Ciudad Villa Mayor", "ABELARDO DE LA ESPRIELLA": 644.0, "CARLOS EDUARDO CAICEDO OMAR": 0.0, "CLAUDIA LÓPEZ": 27.0, "GUSTAVO MATAMOROS CAMACHO": 0.0, "IVÁN CEPEDA CASTRO": 697.0, "LUIS GILBERTO MURILLO URRUTIA": 0.0, "MIGUEL URIBE LONDOÑO": 2.0, "PALOMA VALENCIA LASERNA": 158.0, "RAÚL SANTIAGO BOTERO JARAMILLO": 9.0, "ROY LEONARDO BARRERAS MONTEALEGRE": 2.0, "SERGIO FAJARDO VALDERRAMA": 126.0, "SONDRA MACOLLINS GARVIN PINTO": 0.0, "ÓSCAR MAURICIO LIZCANO ARANGO": 1.0, "TOTAL_VOTOS": 1666.0, "GANADOR": "IVÁN CEPEDA CASTRO", "VOTOS_GANADOR": 697.0, "PCT_GANADOR": 41.8 }, "geometry": { "type": "Point", "coordinates": [ -74.11921228, 4.59210865 ] } },
{ "type": "Feature", "properties": { "LOCALIDAD": "Antonio Nariño", "DIRECCION": "CLL 39 A Sur # 39 A - 12/CRA 34F # 39 - 12 Sur", "SITIO": "Cinco de Noviembre", "NOMBRE": "Salón Comunal Cinco de Noviembre", "ABELARDO DE LA ESPRIELLA": 670.0, "CARLOS EDUARDO CAICEDO OMAR": 0.0, "CLAUDIA LÓPEZ": 36.0, "GUSTAVO MATAMOROS CAMACHO": 2.0, "IVÁN CEPEDA CASTRO": 640.0, "LUIS GILBERTO MURILLO URRUTIA": 2.0, "MIGUEL URIBE LONDOÑO": 0.0, "PALOMA VALENCIA LASERNA": 134.0, "RAÚL SANTIAGO BOTERO JARAMILLO": 3.0, "ROY LEONARDO BARRERAS MONTEALEGRE": 0.0, "SERGIO FAJARDO VALDERRAMA": 126.0, "SONDRA MACOLLINS GARVIN PINTO": 0.0, "ÓSCAR MAURICIO LIZCANO ARANGO": 2.0, "TOTAL_VOTOS": 1615.0, "GANADOR": "ABELARDO DE LA ESPRIELLA", "VOTOS_GANADOR": 670.0, "PCT_GANADOR": 41.5 }, "geometry": { "type": "Point", "coordinates": [ -74.1259134, 4.5933814 ] } },
{ "type": "Feature", "properties": { "LOCALIDAD": "Antonio Nariño", "DIRECCION": "CRA 12 F # 19 - 37 Sur", "SITIO": "Casa Comunal Ciudad Jardín", "NOMBRE": "Casa Comunal Ciudad Jardín", "ABELARDO DE LA ESPRIELLA": 474.0, "CARLOS EDUARDO CAICEDO OMAR": 0.0, "CLAUDIA LÓPEZ": 22.0, "GUSTAVO MATAMOROS CAMACHO": 0.0, "IVÁN CEPEDA CASTRO": 555.0, "LUIS GILBERTO MURILLO URRUTIA": 0.0, "MIGUEL URIBE LONDOÑO": 1.0, "PALOMA VALENCIA LASERNA": 76.0, "RAÚL SANTIAGO BOTERO JARAMILLO": 3.0, "ROY LEONARDO BARRERAS MONTEALEGRE": 0.0, "SERGIO FAJARDO VALDERRAMA": 118.0, "SONDRA MACOLLINS GARVIN PINTO": 0.0, "ÓSCAR MAURICIO LIZCANO ARANGO": 1.0, "TOTAL_VOTOS": 1250.0, "GANADOR": "IVÁN CEPEDA CASTRO", "VOTOS_GANADOR": 555.0, "PCT_GANADOR": 44.4 }, "geometry": { "type": "Point", "coordinates": [ -74.09961816, 4.58074491 ] } },
{ "type": "Feature", "properties": { "LOCALIDAD": "Puente Aranda", "DIRECCION": "CRA 41 # 10 - 06 Sur", "SITIO": "Salón Comunal Ciudad Montes II", "NOMBRE": "Salón Comunal Ciudad Montes II", "ABELARDO DE LA ESPRIELLA": 901.0, "CARLOS EDUARDO CAICEDO OMAR": 0.0, "CLAUDIA LÓPEZ": 33.0, "GUSTAVO MATAMOROS CAMACHO": 0.0, "IVÁN CEPEDA CASTRO": 799.0, "LUIS GILBERTO MURILLO URRUTIA": 0.0, "MIGUEL URIBE LONDOÑO": 2.0, "PALOMA VALENCIA LASERNA": 146.0, "RAÚL SANTIAGO BOTERO JARAMILLO": 7.0, "ROY LEONARDO BARRERAS MONTEALEGRE": 3.0, "SERGIO FAJARDO VALDERRAMA": 203.0, "SONDRA MACOLLINS GARVIN PINTO": 2.0, "ÓSCAR MAURICIO LIZCANO ARANGO": 1.0, "TOTAL_VOTOS": 2097.0, "GANADOR": "ABELARDO DE LA ESPRIELLA", "VOTOS_GANADOR": 901.0, "PCT_GANADOR": 43.0 }, "geometry": { "type": "Point", "coordinates": [ -74.11812478, 4.60548824 ] } },
{ "type": "Feature", "properties": { "LOCALIDAD": "Puente Aranda", "DIRECCION": "DIAG 16 Sur # 31 - 75", "SITIO": "Salón Comunal El Remanso Sur", "NOMBRE": "Salón Comunal El Remanso Sur", "ABELARDO DE LA ESPRIELLA": 375.0, "CARLOS EDUARDO CAICEDO OMAR": 2.0, "CLAUDIA LÓPEZ": 18.0, "GUSTAVO MATAMOROS CAMACHO": 0.0, "IVÁN CEPEDA CASTRO": 348.0, "LUIS GILBERTO MURILLO URRUTIA": 0.0, "MIGUEL URIBE LONDOÑO": 0.0, "PALOMA VALENCIA LASERNA": 57.0, "RAÚL SANTIAGO BOTERO JARAMILLO": 6.0, "ROY LEONARDO BARRERAS MONTEALEGRE": 0.0, "SERGIO FAJARDO VALDERRAMA": 81.0, "SONDRA MACOLLINS GARVIN PINTO": 1.0, "ÓSCAR MAURICIO LIZCANO ARANGO": 4.0, "TOTAL_VOTOS": 892.0, "GANADOR": "ABELARDO DE LA ESPRIELLA", "VOTOS_GANADOR": 375.0, "PCT_GANADOR": 42.0 }, "geometry": { "type": "Point", "coordinates": [ -74.11132253, 4.59812707 ] } },
{ "type": "Feature", "properties": { "LOCALIDAD": "Puente Aranda", "DIRECCION": "CLL 4 A # 32 A - 77 / CLL 4 A # 32 A - 75", "SITIO": "Salón Comunal Veraguas", "NOMBRE": "Salón Comunal Veraguas Central", "ABELARDO DE LA ESPRIELLA": 698.0, "CARLOS EDUARDO CAICEDO OMAR": 0.0, "CLAUDIA LÓPEZ": 39.0, "GUSTAVO MATAMOROS CAMACHO": 0.0, "IVÁN CEPEDA CASTRO": 584.0, "LUIS GILBERTO MURILLO URRUTIA": 0.0, "MIGUEL URIBE LONDOÑO": 1.0, "PALOMA VALENCIA LASERNA": 155.0, "RAÚL SANTIAGO BOTERO JARAMILLO": 9.0, "ROY LEONARDO BARRERAS MONTEALEGRE": 0.0, "SERGIO FAJARDO VALDERRAMA": 137.0, "SONDRA MACOLLINS GARVIN PINTO": 0.0, "ÓSCAR MAURICIO LIZCANO ARANGO": 4.0, "TOTAL_VOTOS": 1627.0, "GANADOR": "ABELARDO DE LA ESPRIELLA", "VOTOS_GANADOR": 698.0, "PCT_GANADOR": 42.9 }, "geometry": { "type": "Point", "coordinates": [ -74.10320907, 4.60666788 ] } },
{ "type": "Feature", "properties": { "LOCALIDAD": "Puente Aranda", "DIRECCION": "CLL 5 C # 31 C - 16", "SITIO": "Instituto de Integración Cultural", "NOMBRE": "Instituto de Integración Cultural", "ABELARDO DE LA ESPRIELLA": 843.0, "CARLOS EDUARDO CAICEDO OMAR": 0.0, "CLAUDIA LÓPEZ": 52.0, "GUSTAVO MATAMOROS CAMACHO": 0.0, "IVÁN CEPEDA CASTRO": 614.0, "LUIS GILBERTO MURILLO URRUTIA": 0.0, "MIGUEL URIBE LONDOÑO": 0.0, "PALOMA VALENCIA LASERNA": 147.0, "RAÚL SANTIAGO BOTERO JARAMILLO": 3.0, "ROY LEONARDO BARRERAS MONTEALEGRE": 1.0, "SERGIO FAJARDO VALDERRAMA": 159.0, "SONDRA MACOLLINS GARVIN PINTO": 2.0, "ÓSCAR MAURICIO LIZCANO ARANGO": 5.0, "TOTAL_VOTOS": 1826.0, "GANADOR": "ABELARDO DE LA ESPRIELLA", "VOTOS_GANADOR": 843.0, "PCT_GANADOR": 46.2 }, "geometry": { "type": "Point", "coordinates": [ -74.10099577, 4.60792901 ] } },
{ "type": "Feature", "properties": { "LOCALIDAD": "Puente Aranda", "DIRECCION": "CLL 5 B # 53 C - 74", "SITIO": "Colegio Distrital Sorrento", "NOMBRE": "Colegio Distrital Sorrento Sede A", "ABELARDO DE LA ESPRIELLA": 1233.0, "CARLOS EDUARDO CAICEDO OMAR": 2.0, "CLAUDIA LÓPEZ": 56.0, "GUSTAVO MATAMOROS CAMACHO": 0.0, "IVÁN CEPEDA CASTRO": 1533.0, "LUIS GILBERTO MURILLO URRUTIA": 1.0, "MIGUEL URIBE LONDOÑO": 5.0, "PALOMA VALENCIA LASERNA": 244.0, "RAÚL SANTIAGO BOTERO JARAMILLO": 14.0, "ROY LEONARDO BARRERAS MONTEALEGRE": 3.0, "SERGIO FAJARDO VALDERRAMA": 357.0, "SONDRA MACOLLINS GARVIN PINTO": 1.0, "ÓSCAR MAURICIO LIZCANO ARANGO": 3.0, "TOTAL_VOTOS": 3452.0, "GANADOR": "IVÁN CEPEDA CASTRO", "VOTOS_GANADOR": 1533.0, "PCT_GANADOR": 44.4 }, "geometry": { "type": "Point", "coordinates": [ -74.11328685, 4.62299105 ] } },
{ "type": "Feature", "properties": { "LOCALIDAD": "Puente Aranda", "DIRECCION": "CLL 2 A # 47 - 59", "SITIO": "Luis Carlos Galán Sarmiento", "NOMBRE": "Colegio Luis Carlos Galán Sarmiento Sede B", "ABELARDO DE LA ESPRIELLA": 1212.0, "CARLOS EDUARDO CAICEDO OMAR": 0.0, "CLAUDIA LÓPEZ": 72.0, "GUSTAVO MATAMOROS CAMACHO": 0.0, "IVÁN CEPEDA CASTRO": 1338.0, "LUIS GILBERTO MURILLO URRUTIA": 0.0, "MIGUEL URIBE LONDOÑO": 0.0, "PALOMA VALENCIA LASERNA": 233.0, "RAÚL SANTIAGO BOTERO JARAMILLO": 10.0, "ROY LEONARDO BARRERAS MONTEALEGRE": 0.0, "SERGIO FAJARDO VALDERRAMA": 299.0, "SONDRA MACOLLINS GARVIN PINTO": 3.0, "ÓSCAR MAURICIO LIZCANO ARANGO": 4.0, "TOTAL_VOTOS": 3171.0, "GANADOR": "IVÁN CEPEDA CASTRO", "VOTOS_GANADOR": 1338.0, "PCT_GANADOR": 42.2 }, "geometry": { "type": "Point", "coordinates": [ -74.11809663, 4.61187106 ] } },
{ "type": "Feature", "properties": { "LOCALIDAD": "Puente Aranda", "DIRECCION": "CLL 32 Sur # 51 - 12", "SITIO": "Cultura Popular", "NOMBRE": "Colegio Distrital Cultura Popular Sede A", "ABELARDO DE LA ESPRIELLA": 477.0, "CARLOS EDUARDO CAICEDO OMAR": 2.0, "CLAUDIA LÓPEZ": 21.0, "GUSTAVO MATAMOROS CAMACHO": 0.0, "IVÁN CEPEDA CASTRO": 667.0, "LUIS GILBERTO MURILLO URRUTIA": 0.0, "MIGUEL URIBE LONDOÑO": 2.0, "PALOMA VALENCIA LASERNA": 80.0, "RAÚL SANTIAGO BOTERO JARAMILLO": 5.0, "ROY LEONARDO BARRERAS MONTEALEGRE": 1.0, "SERGIO FAJARDO VALDERRAMA": 148.0, "SONDRA MACOLLINS GARVIN PINTO": 1.0, "ÓSCAR MAURICIO LIZCANO ARANGO": 2.0, "TOTAL_VOTOS": 1406.0, "GANADOR": "IVÁN CEPEDA CASTRO", "VOTOS_GANADOR": 667.0, "PCT_GANADOR": 47.4 }, "geometry": { "type": "Point", "coordinates": [ -74.12538362, 4.60140754 ] } },
{ "type": "Feature", "properties": { "LOCALIDAD": "Puente Aranda", "DIRECCION": "CRA 51 A # 26 - 38 Sur", "SITIO": "San Eusebio", "NOMBRE": "Colegio Distrital Benjamín Herrera Sede A", "ABELARDO DE LA ESPRIELLA": 499.0, "CARLOS EDUARDO CAICEDO OMAR": 0.0, "CLAUDIA LÓPEZ": 44.0, "GUSTAVO MATAMOROS CAMACHO": 0.0, "IVÁN CEPEDA CASTRO": 567.0, "LUIS GILBERTO MURILLO URRUTIA": 0.0, "MIGUEL URIBE LONDOÑO": 1.0, "PALOMA VALENCIA LASERNA": 86.0, "RAÚL SANTIAGO BOTERO JARAMILLO": 7.0, "ROY LEONARDO BARRERAS MONTEALEGRE": 0.0, "SERGIO FAJARDO VALDERRAMA": 85.0, "SONDRA MACOLLINS GARVIN PINTO": 0.0, "ÓSCAR MAURICIO LIZCANO ARANGO": 0.0, "TOTAL_VOTOS": 1289.0, "GANADOR": "IVÁN CEPEDA CASTRO", "VOTOS_GANADOR": 567.0, "PCT_GANADOR": 44.0 }, "geometry": { "type": "Point", "coordinates": [ -74.12382051, 4.60340012 ] } },
{ "type": "Feature", "properties": { "LOCALIDAD": "Puente Aranda", "DIRECCION": "CLL 39 Sur # 51 F - 59 / CLL 39 Sur # 51 F - 21", "SITIO": "Los Ángeles", "NOMBRE": "Colegio Distrital Julio Garavito Sede B", "ABELARDO DE LA ESPRIELLA": 532.0, "CARLOS EDUARDO CAICEDO OMAR": 0.0, "CLAUDIA LÓPEZ": 30.0, "GUSTAVO MATAMOROS CAMACHO": 0.0, "IVÁN CEPEDA CASTRO": 581.0, "LUIS GILBERTO MURILLO URRUTIA": 0.0, "MIGUEL URIBE LONDOÑO": 1.0, "PALOMA VALENCIA LASERNA": 129.0, "RAÚL SANTIAGO BOTERO JARAMILLO": 4.0, "ROY LEONARDO BARRERAS MONTEALEGRE": 1.0, "SERGIO FAJARDO VALDERRAMA": 100.0, "SONDRA MACOLLINS GARVIN PINTO": 0.0, "ÓSCAR MAURICIO LIZCANO ARANGO": 2.0, "TOTAL_VOTOS": 1380.0, "GANADOR": "IVÁN CEPEDA CASTRO", "VOTOS_GANADOR": 581.0, "PCT_GANADOR": 42.1 }, "geometry": { "type": "Point", "coordinates": [ -74.1307584, 4.59968002 ] } },
{ "type": "Feature", "properties": { "LOCALIDAD": "Puente Aranda", "DIRECCION": "AV CLL 9 # 62 - 84 entrada 1 y 2", "SITIO": "C.C. Outlet Factory", "NOMBRE": "Centro Comercial Outlet Factory", "ABELARDO DE LA ESPRIELLA": 1005.0, "CARLOS EDUARDO CAICEDO OMAR": 0.0, "CLAUDIA LÓPEZ": 53.0, "GUSTAVO MATAMOROS CAMACHO": 0.0, "IVÁN CEPEDA CASTRO": 1037.0, "LUIS GILBERTO MURILLO URRUTIA": 1.0, "MIGUEL URIBE LONDOÑO": 0.0, "PALOMA VALENCIA LASERNA": 196.0, "RAÚL SANTIAGO BOTERO JARAMILLO": 9.0, "ROY LEONARDO BARRERAS MONTEALEGRE": 1.0, "SERGIO FAJARDO VALDERRAMA": 295.0, "SONDRA MACOLLINS GARVIN PINTO": 1.0, "ÓSCAR MAURICIO LIZCANO ARANGO": 3.0, "TOTAL_VOTOS": 2601.0, "GANADOR": "IVÁN CEPEDA CASTRO", "VOTOS_GANADOR": 1037.0, "PCT_GANADOR": 39.9 }, "geometry": { "type": "Point", "coordinates": [ -74.1183696, 4.62924237 ] } },
{ "type": "Feature", "properties": { "LOCALIDAD": "Ciudad Bolívar", "DIRECCION": "CRA 73 D # 69 B - 04 Sur", "SITIO": "Salón Comunal Sierra Morena I", "NOMBRE": "Salón Comunal Sierra Morena I", "ABELARDO DE LA ESPRIELLA": 288.0, "CARLOS EDUARDO CAICEDO OMAR": 0.0, "CLAUDIA LÓPEZ": 44.0, "GUSTAVO MATAMOROS CAMACHO": 0.0, "IVÁN CEPEDA CASTRO": 932.0, "LUIS GILBERTO MURILLO URRUTIA": 1.0, "MIGUEL URIBE LONDOÑO": 3.0, "PALOMA VALENCIA LASERNA": 41.0, "RAÚL SANTIAGO BOTERO JARAMILLO": 18.0, "ROY LEONARDO BARRERAS MONTEALEGRE": 2.0, "SERGIO FAJARDO VALDERRAMA": 55.0, "SONDRA MACOLLINS GARVIN PINTO": 1.0, "ÓSCAR MAURICIO LIZCANO ARANGO": 1.0, "TOTAL_VOTOS": 1386.0, "GANADOR": "IVÁN CEPEDA CASTRO", "VOTOS_GANADOR": 932.0, "PCT_GANADOR": 67.2 }, "geometry": { "type": "Point", "coordinates": [ -74.16745589, 4.58128537 ] } },
{ "type": "Feature", "properties": { "LOCALIDAD": "Ciudad Bolívar", "DIRECCION": "CLL 59 Sur # 74 - 19 / CLL 59 Sur # 74C - 06", "SITIO": "Polideportivo La Estancia", "NOMBRE": "Polideportivo La Estancia", "ABELARDO DE LA ESPRIELLA": 791.0, "CARLOS EDUARDO CAICEDO OMAR": 1.0, "CLAUDIA LÓPEZ": 74.0, "GUSTAVO MATAMOROS CAMACHO": 2.0, "IVÁN CEPEDA CASTRO": 2035.0, "LUIS GILBERTO MURILLO URRUTIA": 2.0, "MIGUEL URIBE LONDOÑO": 4.0, "PALOMA VALENCIA LASERNA": 163.0, "RAÚL SANTIAGO BOTERO JARAMILLO": 22.0, "ROY LEONARDO BARRERAS MONTEALEGRE": 1.0, "SERGIO FAJARDO VALDERRAMA": 183.0, "SONDRA MACOLLINS GARVIN PINTO": 3.0, "ÓSCAR MAURICIO LIZCANO ARANGO": 5.0, "TOTAL_VOTOS": 3286.0, "GANADOR": "IVÁN CEPEDA CASTRO", "VOTOS_GANADOR": 2035.0, "PCT_GANADOR": 61.9 }, "geometry": { "type": "Point", "coordinates": [ -74.1737299, 4.59281271 ] } },
{ "type": "Feature", "properties": { "LOCALIDAD": "Ciudad Bolívar", "DIRECCION": "CRA 17 F #77 - 75 Sur/CRA 17 F #77A - 11 Sur", "SITIO": "Calasanz (Buenavista)", "NOMBRE": "Colegio Distrital Calasanz (Buenavista)", "ABELARDO DE LA ESPRIELLA": 259.0, "CARLOS EDUARDO CAICEDO OMAR": 1.0, "CLAUDIA LÓPEZ": 36.0, "GUSTAVO MATAMOROS CAMACHO": 0.0, "IVÁN CEPEDA CASTRO": 820.0, "LUIS GILBERTO MURILLO URRUTIA": 1.0, "MIGUEL URIBE LONDOÑO": 1.0, "PALOMA VALENCIA LASERNA": 52.0, "RAÚL SANTIAGO BOTERO JARAMILLO": 18.0, "ROY LEONARDO BARRERAS MONTEALEGRE": 1.0, "SERGIO FAJARDO VALDERRAMA": 53.0, "SONDRA MACOLLINS GARVIN PINTO": 1.0, "ÓSCAR MAURICIO LIZCANO ARANGO": 2.0, "TOTAL_VOTOS": 1245.0, "GANADOR": "IVÁN CEPEDA CASTRO", "VOTOS_GANADOR": 820.0, "PCT_GANADOR": 65.9 }, "geometry": { "type": "Point", "coordinates": [ -74.1394863, 4.54031372 ] } },
{ "type": "Feature", "properties": { "LOCALIDAD": "Ciudad Bolívar", "DIRECCION": "CRA 20 D # 63 - 11 Sur", "SITIO": "Salón Comunal San Francisco I Sector", "NOMBRE": "Salón Comunal San Francisco I Sector", "ABELARDO DE LA ESPRIELLA": 232.0, "CARLOS EDUARDO CAICEDO OMAR": 0.0, "CLAUDIA LÓPEZ": 17.0, "GUSTAVO MATAMOROS CAMACHO": 0.0, "IVÁN CEPEDA CASTRO": 673.0, "LUIS GILBERTO MURILLO URRUTIA": 2.0, "MIGUEL URIBE LONDOÑO": 0.0, "PALOMA VALENCIA LASERNA": 57.0, "RAÚL SANTIAGO BOTERO JARAMILLO": 15.0, "ROY LEONARDO BARRERAS MONTEALEGRE": 2.0, "SERGIO FAJARDO VALDERRAMA": 60.0, "SONDRA MACOLLINS GARVIN PINTO": 2.0, "ÓSCAR MAURICIO LIZCANO ARANGO": 2.0, "TOTAL_VOTOS": 1062.0, "GANADOR": "IVÁN CEPEDA CASTRO", "VOTOS_GANADOR": 673.0, "PCT_GANADOR": 63.4 }, "geometry": { "type": "Point", "coordinates": [ -74.1451581, 4.56464086 ] } },
{ "type": "Feature", "properties": { "LOCALIDAD": "Kennedy", "DIRECCION": "TRV 78 I # 42 B - 81 Sur / CRA 78 L # 42 B - 84 Sur", "SITIO": "Colegio San Rafael Sede A", "NOMBRE": "Colegio Distrital San Rafael Sede A", "ABELARDO DE LA ESPRIELLA": 340.0, "CARLOS EDUARDO CAICEDO OMAR": 2.0, "CLAUDIA LÓPEZ": 16.0, "GUSTAVO MATAMOROS CAMACHO": 0.0, "IVÁN CEPEDA CASTRO": 535.0, "LUIS GILBERTO MURILLO URRUTIA": 0.0, "MIGUEL URIBE LONDOÑO": 0.0, "PALOMA VALENCIA LASERNA": 75.0, "RAÚL SANTIAGO BOTERO JARAMILLO": 4.0, "ROY LEONARDO BARRERAS MONTEALEGRE": 0.0, "SERGIO FAJARDO VALDERRAMA": 58.0, "SONDRA MACOLLINS GARVIN PINTO": 1.0, "ÓSCAR MAURICIO LIZCANO ARANGO": 1.0, "TOTAL_VOTOS": 1032.0, "GANADOR": "IVÁN CEPEDA CASTRO", "VOTOS_GANADOR": 535.0, "PCT_GANADOR": 51.8 }, "geometry": { "type": "Point", "coordinates": [ -74.16240131, 4.61757159 ] } },
{ "type": "Feature", "properties": { "LOCALIDAD": "Kennedy", "DIRECCION": "CLL 9 A Sur # 68 F - 23", "SITIO": "Salón Comunal Villa Claudia", "NOMBRE": "Salón Comunal Villa Claudia", "ABELARDO DE LA ESPRIELLA": 297.0, "CARLOS EDUARDO CAICEDO OMAR": 0.0, "CLAUDIA LÓPEZ": 20.0, "GUSTAVO MATAMOROS CAMACHO": 1.0, "IVÁN CEPEDA CASTRO": 243.0, "LUIS GILBERTO MURILLO URRUTIA": 0.0, "MIGUEL URIBE LONDOÑO": 1.0, "PALOMA VALENCIA LASERNA": 61.0, "RAÚL SANTIAGO BOTERO JARAMILLO": 0.0, "ROY LEONARDO BARRERAS MONTEALEGRE": 0.0, "SERGIO FAJARDO VALDERRAMA": 66.0, "SONDRA MACOLLINS GARVIN PINTO": 1.0, "ÓSCAR MAURICIO LIZCANO ARANGO": 1.0, "TOTAL_VOTOS": 691.0, "GANADOR": "ABELARDO DE LA ESPRIELLA", "VOTOS_GANADOR": 297.0, "PCT_GANADOR": 43.0 }, "geometry": { "type": "Point", "coordinates": [ -74.12914229, 4.617274 ] } },
{ "type": "Feature", "properties": { "LOCALIDAD": "Kennedy", "DIRECCION": "CLL 42 G Sur # 87 - 06", "SITIO": "Colegio San Pedro Claver Sede B", "NOMBRE": "Colegio Distrital San Pedro Claver Sede B", "ABELARDO DE LA ESPRIELLA": 696.0, "CARLOS EDUARDO CAICEDO OMAR": 1.0, "CLAUDIA LÓPEZ": 43.0, "GUSTAVO MATAMOROS CAMACHO": 0.0, "IVÁN CEPEDA CASTRO": 1057.0, "LUIS GILBERTO MURILLO URRUTIA": 0.0, "MIGUEL URIBE LONDOÑO": 1.0, "PALOMA VALENCIA LASERNA": 119.0, "RAÚL SANTIAGO BOTERO JARAMILLO": 40.0, "ROY LEONARDO BARRERAS MONTEALEGRE": 2.0, "SERGIO FAJARDO VALDERRAMA": 66.0, "SONDRA MACOLLINS GARVIN PINTO": 2.0, "ÓSCAR MAURICIO LIZCANO ARANGO": 3.0, "TOTAL_VOTOS": 2030.0, "GANADOR": "IVÁN CEPEDA CASTRO", "VOTOS_GANADOR": 1057.0, "PCT_GANADOR": 52.1 }, "geometry": { "type": "Point", "coordinates": [ -74.1713998, 4.63149688 ] } },
{ "type": "Feature", "properties": { "LOCALIDAD": "Ciudad Bolívar", "DIRECCION": "CLL 70 Sur # 54 - 12 /CLL 70 Sur # 56 - 45", "SITIO": "Colegio Ciudad Bolívar Argentina IED", "NOMBRE": "Colegio Distrital Ciudad Bolívar Argentina", "ABELARDO DE LA ESPRIELLA": 589.0, "CARLOS EDUARDO CAICEDO OMAR": 1.0, "CLAUDIA LÓPEZ": 60.0, "GUSTAVO MATAMOROS CAMACHO": 1.0, "IVÁN CEPEDA CASTRO": 1569.0, "LUIS GILBERTO MURILLO URRUTIA": 1.0, "MIGUEL URIBE LONDOÑO": 2.0, "PALOMA VALENCIA LASERNA": 127.0, "RAÚL SANTIAGO BOTERO JARAMILLO": 22.0, "ROY LEONARDO BARRERAS MONTEALEGRE": 2.0, "SERGIO FAJARDO VALDERRAMA": 85.0, "SONDRA MACOLLINS GARVIN PINTO": 1.0, "ÓSCAR MAURICIO LIZCANO ARANGO": 2.0, "TOTAL_VOTOS": 2462.0, "GANADOR": "IVÁN CEPEDA CASTRO", "VOTOS_GANADOR": 1569.0, "PCT_GANADOR": 63.7 }, "geometry": { "type": "Point", "coordinates": [ -74.1650035, 4.57824159 ] } },
{ "type": "Feature", "properties": { "LOCALIDAD": "Suba", "DIRECCION": "CRA 136 C # 152 F - 44", "SITIO": "Salón Comunal Compartir 1", "NOMBRE": "Salón Comunal Suba Compartir 1", "ABELARDO DE LA ESPRIELLA": 378.0, "CARLOS EDUARDO CAICEDO OMAR": 0.0, "CLAUDIA LÓPEZ": 31.0, "GUSTAVO MATAMOROS CAMACHO": 1.0, "IVÁN CEPEDA CASTRO": 570.0, "LUIS GILBERTO MURILLO URRUTIA": 1.0, "MIGUEL URIBE LONDOÑO": 0.0, "PALOMA VALENCIA LASERNA": 72.0, "RAÚL SANTIAGO BOTERO JARAMILLO": 3.0, "ROY LEONARDO BARRERAS MONTEALEGRE": 0.0, "SERGIO FAJARDO VALDERRAMA": 100.0, "SONDRA MACOLLINS GARVIN PINTO": 0.0, "ÓSCAR MAURICIO LIZCANO ARANGO": 0.0, "TOTAL_VOTOS": 1156.0, "GANADOR": "IVÁN CEPEDA CASTRO", "VOTOS_GANADOR": 570.0, "PCT_GANADOR": 49.3 }, "geometry": { "type": "Point", "coordinates": [ -74.1059184, 4.76025218 ] } },
{ "type": "Feature", "properties": { "LOCALIDAD": "Usaquén", "DIRECCION": "CRA 8 B # 191 - 04", "SITIO": "Salón Comunal Tibabita", "NOMBRE": "Salón Comunal Tibabita", "ABELARDO DE LA ESPRIELLA": 624.0, "CARLOS EDUARDO CAICEDO OMAR": 2.0, "CLAUDIA LÓPEZ": 38.0, "GUSTAVO MATAMOROS CAMACHO": 0.0, "IVÁN CEPEDA CASTRO": 467.0, "LUIS GILBERTO MURILLO URRUTIA": 0.0, "MIGUEL URIBE LONDOÑO": 0.0, "PALOMA VALENCIA LASERNA": 133.0, "RAÚL SANTIAGO BOTERO JARAMILLO": 7.0, "ROY LEONARDO BARRERAS MONTEALEGRE": 0.0, "SERGIO FAJARDO VALDERRAMA": 131.0, "SONDRA MACOLLINS GARVIN PINTO": 0.0, "ÓSCAR MAURICIO LIZCANO ARANGO": 1.0, "TOTAL_VOTOS": 1403.0, "GANADOR": "ABELARDO DE LA ESPRIELLA", "VOTOS_GANADOR": 624.0, "PCT_GANADOR": 44.5 }, "geometry": { "type": "Point", "coordinates": [ -74.02949776, 4.76820121 ] } },
{ "type": "Feature", "properties": { "LOCALIDAD": "Usaquén", "DIRECCION": "TRV 18 B # 187 - 43", "SITIO": "I E Aquileo Parra Sede Primaria", "NOMBRE": "Colegio Distrital Aquileo Parra Sede Primaria", "ABELARDO DE LA ESPRIELLA": 628.0, "CARLOS EDUARDO CAICEDO OMAR": 0.0, "CLAUDIA LÓPEZ": 23.0, "GUSTAVO MATAMOROS CAMACHO": 0.0, "IVÁN CEPEDA CASTRO": 553.0, "LUIS GILBERTO MURILLO URRUTIA": 0.0, "MIGUEL URIBE LONDOÑO": 0.0, "PALOMA VALENCIA LASERNA": 114.0, "RAÚL SANTIAGO BOTERO JARAMILLO": 14.0, "ROY LEONARDO BARRERAS MONTEALEGRE": 0.0, "SERGIO FAJARDO VALDERRAMA": 133.0, "SONDRA MACOLLINS GARVIN PINTO": 1.0, "ÓSCAR MAURICIO LIZCANO ARANGO": 0.0, "TOTAL_VOTOS": 1466.0, "GANADOR": "ABELARDO DE LA ESPRIELLA", "VOTOS_GANADOR": 628.0, "PCT_GANADOR": 42.8 }, "geometry": { "type": "Point", "coordinates": [ -74.03934942, 4.76540861 ] } },
{ "type": "Feature", "properties": { "LOCALIDAD": "Usaquén", "DIRECCION": "CRA 11 # 185 B - 88", "SITIO": "Colegio Mayor José Celestino Mutis", "NOMBRE": "Colegio Mayor José Celestino Mutis", "ABELARDO DE LA ESPRIELLA": 934.0, "CARLOS EDUARDO CAICEDO OMAR": 1.0, "CLAUDIA LÓPEZ": 37.0, "GUSTAVO MATAMOROS CAMACHO": 0.0, "IVÁN CEPEDA CASTRO": 846.0, "LUIS GILBERTO MURILLO URRUTIA": 0.0, "MIGUEL URIBE LONDOÑO": 1.0, "PALOMA VALENCIA LASERNA": 197.0, "RAÚL SANTIAGO BOTERO JARAMILLO": 6.0, "ROY LEONARDO BARRERAS MONTEALEGRE": 2.0, "SERGIO FAJARDO VALDERRAMA": 213.0, "SONDRA MACOLLINS GARVIN PINTO": 0.0, "ÓSCAR MAURICIO LIZCANO ARANGO": 0.0, "TOTAL_VOTOS": 2237.0, "GANADOR": "ABELARDO DE LA ESPRIELLA", "VOTOS_GANADOR": 934.0, "PCT_GANADOR": 41.8 }, "geometry": { "type": "Point", "coordinates": [ -74.03262164, 4.763096 ] } },
{ "type": "Feature", "properties": { "LOCALIDAD": "Usaquén", "DIRECCION": "CRA 8 G # 166 - 70", "SITIO": "Colegio María Auxiliadora Norte", "NOMBRE": "Colegio María Auxiliadora Norte", "ABELARDO DE LA ESPRIELLA": 1934.0, "CARLOS EDUARDO CAICEDO OMAR": 0.0, "CLAUDIA LÓPEZ": 73.0, "GUSTAVO MATAMOROS CAMACHO": 1.0, "IVÁN CEPEDA CASTRO": 1028.0, "LUIS GILBERTO MURILLO URRUTIA": 0.0, "MIGUEL URIBE LONDOÑO": 3.0, "PALOMA VALENCIA LASERNA": 528.0, "RAÚL SANTIAGO BOTERO JARAMILLO": 7.0, "ROY LEONARDO BARRERAS MONTEALEGRE": 0.0, "SERGIO FAJARDO VALDERRAMA": 461.0, "SONDRA MACOLLINS GARVIN PINTO": 0.0, "ÓSCAR MAURICIO LIZCANO ARANGO": 3.0, "TOTAL_VOTOS": 4038.0, "GANADOR": "ABELARDO DE LA ESPRIELLA", "VOTOS_GANADOR": 1934.0, "PCT_GANADOR": 47.9 }, "geometry": { "type": "Point", "coordinates": [ -74.02956341, 4.74455852 ] } },
{ "type": "Feature", "properties": { "LOCALIDAD": "Usaquén", "DIRECCION": "CLL 162 # 7 G - 37", "SITIO": "Salón Comunal San Cristóbal Norte", "NOMBRE": "Salón Comunal San Cristóbal Norte", "ABELARDO DE LA ESPRIELLA": 364.0, "CARLOS EDUARDO CAICEDO OMAR": 0.0, "CLAUDIA LÓPEZ": 24.0, "GUSTAVO MATAMOROS CAMACHO": 0.0, "IVÁN CEPEDA CASTRO": 474.0, "LUIS GILBERTO MURILLO URRUTIA": 0.0, "MIGUEL URIBE LONDOÑO": 0.0, "PALOMA VALENCIA LASERNA": 62.0, "RAÚL SANTIAGO BOTERO JARAMILLO": 8.0, "ROY LEONARDO BARRERAS MONTEALEGRE": 0.0, "SERGIO FAJARDO VALDERRAMA": 99.0, "SONDRA MACOLLINS GARVIN PINTO": 1.0, "ÓSCAR MAURICIO LIZCANO ARANGO": 0.0, "TOTAL_VOTOS": 1032.0, "GANADOR": "IVÁN CEPEDA CASTRO", "VOTOS_GANADOR": 474.0, "PCT_GANADOR": 45.9 }, "geometry": { "type": "Point", "coordinates": [ -74.02651206, 4.7379043 ] } },
{ "type": "Feature", "properties": { "LOCALIDAD": "Usaquén", "DIRECCION": "CRA 4 # 160B - 23", "SITIO": "Salón Comunal Villa Nidia", "NOMBRE": "Salón Comunal Villa Nidia", "ABELARDO DE LA ESPRIELLA": 186.0, "CARLOS EDUARDO CAICEDO OMAR": 0.0, "CLAUDIA LÓPEZ": 14.0, "GUSTAVO MATAMOROS CAMACHO": 0.0, "IVÁN CEPEDA CASTRO": 282.0, "LUIS GILBERTO MURILLO URRUTIA": 0.0, "MIGUEL URIBE LONDOÑO": 2.0, "PALOMA VALENCIA LASERNA": 39.0, "RAÚL SANTIAGO BOTERO JARAMILLO": 11.0, "ROY LEONARDO BARRERAS MONTEALEGRE": 0.0, "SERGIO FAJARDO VALDERRAMA": 19.0, "SONDRA MACOLLINS GARVIN PINTO": 0.0, "ÓSCAR MAURICIO LIZCANO ARANGO": 1.0, "TOTAL_VOTOS": 554.0, "GANADOR": "IVÁN CEPEDA CASTRO", "VOTOS_GANADOR": 282.0, "PCT_GANADOR": 50.9 }, "geometry": { "type": "Point", "coordinates": [ -74.02081488, 4.73465838 ] } },
{ "type": "Feature", "properties": { "LOCALIDAD": "Usaquén", "DIRECCION": "CRA 1 Este # 163 - 60", "SITIO": "Colegio Distrital La Equidad SALUDCOOP", "NOMBRE": "Colegio Distrital La Equidad SALUDCOOP", "ABELARDO DE LA ESPRIELLA": 175.0, "CARLOS EDUARDO CAICEDO OMAR": 0.0, "CLAUDIA LÓPEZ": 19.0, "GUSTAVO MATAMOROS CAMACHO": 0.0, "IVÁN CEPEDA CASTRO": 280.0, "LUIS GILBERTO MURILLO URRUTIA": 0.0, "MIGUEL URIBE LONDOÑO": 1.0, "PALOMA VALENCIA LASERNA": 36.0, "RAÚL SANTIAGO BOTERO JARAMILLO": 4.0, "ROY LEONARDO BARRERAS MONTEALEGRE": 0.0, "SERGIO FAJARDO VALDERRAMA": 23.0, "SONDRA MACOLLINS GARVIN PINTO": 0.0, "ÓSCAR MAURICIO LIZCANO ARANGO": 0.0, "TOTAL_VOTOS": 538.0, "GANADOR": "IVÁN CEPEDA CASTRO", "VOTOS_GANADOR": 280.0, "PCT_GANADOR": 52.0 }, "geometry": { "type": "Point", "coordinates": [ -74.01616507, 4.73505542 ] } },
{ "type": "Feature", "properties": { "LOCALIDAD": "Usaquén", "DIRECCION": "AV CRA 15 # 151 - 68", "SITIO": "Escuela Colombiana de Rehabilitación", "NOMBRE": "Escuela Colombiana de Rehabilitación", "ABELARDO DE LA ESPRIELLA": 1859.0, "CARLOS EDUARDO CAICEDO OMAR": 0.0, "CLAUDIA LÓPEZ": 67.0, "GUSTAVO MATAMOROS CAMACHO": 0.0, "IVÁN CEPEDA CASTRO": 531.0, "LUIS GILBERTO MURILLO URRUTIA": 0.0, "MIGUEL URIBE LONDOÑO": 3.0, "PALOMA VALENCIA LASERNA": 565.0, "RAÚL SANTIAGO BOTERO JARAMILLO": 1.0, "ROY LEONARDO BARRERAS MONTEALEGRE": 4.0, "SERGIO FAJARDO VALDERRAMA": 439.0, "SONDRA MACOLLINS GARVIN PINTO": 0.0, "ÓSCAR MAURICIO LIZCANO ARANGO": 0.0, "TOTAL_VOTOS": 3469.0, "GANADOR": "ABELARDO DE LA ESPRIELLA", "VOTOS_GANADOR": 1859.0, "PCT_GANADOR": 53.6 }, "geometry": { "type": "Point", "coordinates": [ -74.03997241, 4.73288405 ] } },
{ "type": "Feature", "properties": { "LOCALIDAD": "Chapinero", "DIRECCION": "AV Caracas # 69 - 44", "SITIO": "Universidad Área Andina", "NOMBRE": "Universidad Área Andina", "ABELARDO DE LA ESPRIELLA": 217.0, "CARLOS EDUARDO CAICEDO OMAR": 0.0, "CLAUDIA LÓPEZ": 9.0, "GUSTAVO MATAMOROS CAMACHO": 0.0, "IVÁN CEPEDA CASTRO": 287.0, "LUIS GILBERTO MURILLO URRUTIA": 0.0, "MIGUEL URIBE LONDOÑO": 0.0, "PALOMA VALENCIA LASERNA": 56.0, "RAÚL SANTIAGO BOTERO JARAMILLO": 3.0, "ROY LEONARDO BARRERAS MONTEALEGRE": 1.0, "SERGIO FAJARDO VALDERRAMA": 52.0, "SONDRA MACOLLINS GARVIN PINTO": 0.0, "ÓSCAR MAURICIO LIZCANO ARANGO": 2.0, "TOTAL_VOTOS": 627.0, "GANADOR": "IVÁN CEPEDA CASTRO", "VOTOS_GANADOR": 287.0, "PCT_GANADOR": 45.8 }, "geometry": { "type": "Point", "coordinates": [ -74.062303, 4.65595582 ] } },
{ "type": "Feature", "properties": { "LOCALIDAD": "Chapinero", "DIRECCION": "CRA 14 # 96 - 55 /CRA 14 # 96 - 31", "SITIO": "Parqueadero Chicó CLL 97", "NOMBRE": "Parqueadero Chicó CLL 97", "ABELARDO DE LA ESPRIELLA": 1425.0, "CARLOS EDUARDO CAICEDO OMAR": 0.0, "CLAUDIA LÓPEZ": 31.0, "GUSTAVO MATAMOROS CAMACHO": 0.0, "IVÁN CEPEDA CASTRO": 222.0, "LUIS GILBERTO MURILLO URRUTIA": 1.0, "MIGUEL URIBE LONDOÑO": 1.0, "PALOMA VALENCIA LASERNA": 573.0, "RAÚL SANTIAGO BOTERO JARAMILLO": 1.0, "ROY LEONARDO BARRERAS MONTEALEGRE": 1.0, "SERGIO FAJARDO VALDERRAMA": 205.0, "SONDRA MACOLLINS GARVIN PINTO": 0.0, "ÓSCAR MAURICIO LIZCANO ARANGO": 1.0, "TOTAL_VOTOS": 2461.0, "GANADOR": "ABELARDO DE LA ESPRIELLA", "VOTOS_GANADOR": 1425.0, "PCT_GANADOR": 57.9 }, "geometry": { "type": "Point", "coordinates": [ -74.04859075, 4.6815249 ] } },
{ "type": "Feature", "properties": { "LOCALIDAD": "Chapinero", "DIRECCION": "CLL 40 B # 5 - 37", "SITIO": "Universidad Javeriana", "NOMBRE": "Universidad Javeriana", "ABELARDO DE LA ESPRIELLA": 761.0, "CARLOS EDUARDO CAICEDO OMAR": 0.0, "CLAUDIA LÓPEZ": 47.0, "GUSTAVO MATAMOROS CAMACHO": 0.0, "IVÁN CEPEDA CASTRO": 1131.0, "LUIS GILBERTO MURILLO URRUTIA": 0.0, "MIGUEL URIBE LONDOÑO": 1.0, "PALOMA VALENCIA LASERNA": 330.0, "RAÚL SANTIAGO BOTERO JARAMILLO": 7.0, "ROY LEONARDO BARRERAS MONTEALEGRE": 0.0, "SERGIO FAJARDO VALDERRAMA": 440.0, "SONDRA MACOLLINS GARVIN PINTO": 0.0, "ÓSCAR MAURICIO LIZCANO ARANGO": 3.0, "TOTAL_VOTOS": 2720.0, "GANADOR": "IVÁN CEPEDA CASTRO", "VOTOS_GANADOR": 1131.0, "PCT_GANADOR": 41.6 }, "geometry": { "type": "Point", "coordinates": [ -74.06433564, 4.62682834 ] } },
{ "type": "Feature", "properties": { "LOCALIDAD": "San Cristóbal", "DIRECCION": "CRA 7 A # 35 A - 33 Sur", "SITIO": "Salón Comunal San Isidro II Sector", "NOMBRE": "Salón Comunal San Isidro II Sector", "ABELARDO DE LA ESPRIELLA": 452.0, "CARLOS EDUARDO CAICEDO OMAR": 0.0, "CLAUDIA LÓPEZ": 36.0, "GUSTAVO MATAMOROS CAMACHO": 0.0, "IVÁN CEPEDA CASTRO": 825.0, "LUIS GILBERTO MURILLO URRUTIA": 2.0, "MIGUEL URIBE LONDOÑO": 1.0, "PALOMA VALENCIA LASERNA": 91.0, "RAÚL SANTIAGO BOTERO JARAMILLO": 9.0, "ROY LEONARDO BARRERAS MONTEALEGRE": 0.0, "SERGIO FAJARDO VALDERRAMA": 80.0, "SONDRA MACOLLINS GARVIN PINTO": 2.0, "ÓSCAR MAURICIO LIZCANO ARANGO": 2.0, "TOTAL_VOTOS": 1500.0, "GANADOR": "IVÁN CEPEDA CASTRO", "VOTOS_GANADOR": 825.0, "PCT_GANADOR": 55.0 }, "geometry": { "type": "Point", "coordinates": [ -74.10204284, 4.56412389 ] } },
{ "type": "Feature", "properties": { "LOCALIDAD": "San Cristóbal", "DIRECCION": "CRA 3 B Este # 38 - 25 Sur", "SITIO": "Colegio La Victoria Sede A", "NOMBRE": "Colegio Distrital La Victoria Sede A", "ABELARDO DE LA ESPRIELLA": 492.0, "CARLOS EDUARDO CAICEDO OMAR": 1.0, "CLAUDIA LÓPEZ": 59.0, "GUSTAVO MATAMOROS CAMACHO": 1.0, "IVÁN CEPEDA CASTRO": 1766.0, "LUIS GILBERTO MURILLO URRUTIA": 0.0, "MIGUEL URIBE LONDOÑO": 1.0, "PALOMA VALENCIA LASERNA": 145.0, "RAÚL SANTIAGO BOTERO JARAMILLO": 23.0, "ROY LEONARDO BARRERAS MONTEALEGRE": 0.0, "SERGIO FAJARDO VALDERRAMA": 176.0, "SONDRA MACOLLINS GARVIN PINTO": 1.0, "ÓSCAR MAURICIO LIZCANO ARANGO": 1.0, "TOTAL_VOTOS": 2666.0, "GANADOR": "IVÁN CEPEDA CASTRO", "VOTOS_GANADOR": 1766.0, "PCT_GANADOR": 66.2 }, "geometry": { "type": "Point", "coordinates": [ -74.09342703, 4.55225704 ] } },
{ "type": "Feature", "properties": { "LOCALIDAD": "Usme", "DIRECCION": "CRA 3 B 55 B 30 Sur", "SITIO": "Colegio Andrés Escobar", "NOMBRE": "Colegio Andrés Escobar", "ABELARDO DE LA ESPRIELLA": 364.0, "CARLOS EDUARDO CAICEDO OMAR": 0.0, "CLAUDIA LÓPEZ": 27.0, "GUSTAVO MATAMOROS CAMACHO": 0.0, "IVÁN CEPEDA CASTRO": 705.0, "LUIS GILBERTO MURILLO URRUTIA": 2.0, "MIGUEL URIBE LONDOÑO": 2.0, "PALOMA VALENCIA LASERNA": 63.0, "RAÚL SANTIAGO BOTERO JARAMILLO": 10.0, "ROY LEONARDO BARRERAS MONTEALEGRE": 2.0, "SERGIO FAJARDO VALDERRAMA": 54.0, "SONDRA MACOLLINS GARVIN PINTO": 0.0, "ÓSCAR MAURICIO LIZCANO ARANGO": 1.0, "TOTAL_VOTOS": 1230.0, "GANADOR": "IVÁN CEPEDA CASTRO", "VOTOS_GANADOR": 705.0, "PCT_GANADOR": 57.3 }, "geometry": { "type": "Point", "coordinates": [ -74.11464667, 4.53838622 ] } },
{ "type": "Feature", "properties": { "LOCALIDAD": "Usme", "DIRECCION": "CRA 1 # 65 D - 58 SurEntrada del Parqueadero / CLL 65C Sur 11 71", "SITIO": "Centro Comercial Altavista", "NOMBRE": "Centro Comercial Altavista", "ABELARDO DE LA ESPRIELLA": 1382.0, "CARLOS EDUARDO CAICEDO OMAR": 1.0, "CLAUDIA LÓPEZ": 128.0, "GUSTAVO MATAMOROS CAMACHO": 0.0, "IVÁN CEPEDA CASTRO": 3629.0, "LUIS GILBERTO MURILLO URRUTIA": 1.0, "MIGUEL URIBE LONDOÑO": 5.0, "PALOMA VALENCIA LASERNA": 291.0, "RAÚL SANTIAGO BOTERO JARAMILLO": 47.0, "ROY LEONARDO BARRERAS MONTEALEGRE": 1.0, "SERGIO FAJARDO VALDERRAMA": 312.0, "SONDRA MACOLLINS GARVIN PINTO": 1.0, "ÓSCAR MAURICIO LIZCANO ARANGO": 6.0, "TOTAL_VOTOS": 5804.0, "GANADOR": "IVÁN CEPEDA CASTRO", "VOTOS_GANADOR": 3629.0, "PCT_GANADOR": 62.5 }, "geometry": { "type": "Point", "coordinates": [ -74.11842796, 4.53290072 ] } },
{ "type": "Feature", "properties": { "LOCALIDAD": "Usme", "DIRECCION": "CRA 3 # 136 - 98 Sur Entrada Parqueadero /CRA 14 135 05 Sur", "SITIO": "Colegio José Eustasio Rivera", "NOMBRE": "Colegio José Eustasio Rivera", "ABELARDO DE LA ESPRIELLA": 490.0, "CARLOS EDUARDO CAICEDO OMAR": 1.0, "CLAUDIA LÓPEZ": 50.0, "GUSTAVO MATAMOROS CAMACHO": 0.0, "IVÁN CEPEDA CASTRO": 1307.0, "LUIS GILBERTO MURILLO URRUTIA": 0.0, "MIGUEL URIBE LONDOÑO": 2.0, "PALOMA VALENCIA LASERNA": 105.0, "RAÚL SANTIAGO BOTERO JARAMILLO": 24.0, "ROY LEONARDO BARRERAS MONTEALEGRE": 3.0, "SERGIO FAJARDO VALDERRAMA": 66.0, "SONDRA MACOLLINS GARVIN PINTO": 3.0, "ÓSCAR MAURICIO LIZCANO ARANGO": 3.0, "TOTAL_VOTOS": 2054.0, "GANADOR": "IVÁN CEPEDA CASTRO", "VOTOS_GANADOR": 1307.0, "PCT_GANADOR": 63.6 }, "geometry": { "type": "Point", "coordinates": [ -74.12277976, 4.47531641 ] } },
{ "type": "Feature", "properties": { "LOCALIDAD": "Tunjuelito", "DIRECCION": "CLL 67 B Sur # 62 - 39 / CLL 67 B Sur # 62 - 23", "SITIO": "Salón Comuna Isla del Sol", "NOMBRE": "Salón Comuna Isla del Sol", "ABELARDO DE LA ESPRIELLA": 318.0, "CARLOS EDUARDO CAICEDO OMAR": 0.0, "CLAUDIA LÓPEZ": 19.0, "GUSTAVO MATAMOROS CAMACHO": 0.0, "IVÁN CEPEDA CASTRO": 419.0, "LUIS GILBERTO MURILLO URRUTIA": 0.0, "MIGUEL URIBE LONDOÑO": 1.0, "PALOMA VALENCIA LASERNA": 48.0, "RAÚL SANTIAGO BOTERO JARAMILLO": 6.0, "ROY LEONARDO BARRERAS MONTEALEGRE": 0.0, "SERGIO FAJARDO VALDERRAMA": 50.0, "SONDRA MACOLLINS GARVIN PINTO": 1.0, "ÓSCAR MAURICIO LIZCANO ARANGO": 0.0, "TOTAL_VOTOS": 862.0, "GANADOR": "IVÁN CEPEDA CASTRO", "VOTOS_GANADOR": 419.0, "PCT_GANADOR": 48.6 }, "geometry": { "type": "Point", "coordinates": [ -74.15201445, 4.58968821 ] } },
{ "type": "Feature", "properties": { "LOCALIDAD": "Tunjuelito", "DIRECCION": "DIAG 48 Sur # 51 D- 57", "SITIO": "Jardín Infantil Pablo de Tarso", "NOMBRE": "Jardín Infantil Pablo de Tarso", "ABELARDO DE LA ESPRIELLA": 400.0, "CARLOS EDUARDO CAICEDO OMAR": 1.0, "CLAUDIA LÓPEZ": 29.0, "GUSTAVO MATAMOROS CAMACHO": 0.0, "IVÁN CEPEDA CASTRO": 414.0, "LUIS GILBERTO MURILLO URRUTIA": 0.0, "MIGUEL URIBE LONDOÑO": 1.0, "PALOMA VALENCIA LASERNA": 73.0, "RAÚL SANTIAGO BOTERO JARAMILLO": 7.0, "ROY LEONARDO BARRERAS MONTEALEGRE": 0.0, "SERGIO FAJARDO VALDERRAMA": 43.0, "SONDRA MACOLLINS GARVIN PINTO": 1.0, "ÓSCAR MAURICIO LIZCANO ARANGO": 1.0, "TOTAL_VOTOS": 970.0, "GANADOR": "IVÁN CEPEDA CASTRO", "VOTOS_GANADOR": 414.0, "PCT_GANADOR": 42.7 }, "geometry": { "type": "Point", "coordinates": [ -74.13540604, 4.59116623 ] } },
{ "type": "Feature", "properties": { "LOCALIDAD": "Bosa", "DIRECCION": "CLL 73 Sur # 91- 35 / CLL 73 Sur # 91- 05", "SITIO": "Colegio Jorge Isaacs", "NOMBRE": "Colegio Distrital Jorge Isaacs", "ABELARDO DE LA ESPRIELLA": 734.0, "CARLOS EDUARDO CAICEDO OMAR": 0.0, "CLAUDIA LÓPEZ": 84.0, "GUSTAVO MATAMOROS CAMACHO": 1.0, "IVÁN CEPEDA CASTRO": 1774.0, "LUIS GILBERTO MURILLO URRUTIA": 6.0, "MIGUEL URIBE LONDOÑO": 4.0, "PALOMA VALENCIA LASERNA": 155.0, "RAÚL SANTIAGO BOTERO JARAMILLO": 33.0, "ROY LEONARDO BARRERAS MONTEALEGRE": 2.0, "SERGIO FAJARDO VALDERRAMA": 151.0, "SONDRA MACOLLINS GARVIN PINTO": 1.0, "ÓSCAR MAURICIO LIZCANO ARANGO": 4.0, "TOTAL_VOTOS": 2949.0, "GANADOR": "IVÁN CEPEDA CASTRO", "VOTOS_GANADOR": 1774.0, "PCT_GANADOR": 60.2 }, "geometry": { "type": "Point", "coordinates": [ -74.20192807, 4.62663261 ] } },
{ "type": "Feature", "properties": { "LOCALIDAD": "Bosa", "DIRECCION": "CLL 65 G Sur # 79 B - 20", "SITIO": "Gimnasio Garabatos de Colores", "NOMBRE": "Colegio Privado Garabatos de Colores", "ABELARDO DE LA ESPRIELLA": 71.0, "CARLOS EDUARDO CAICEDO OMAR": 0.0, "CLAUDIA LÓPEZ": 5.0, "GUSTAVO MATAMOROS CAMACHO": 0.0, "IVÁN CEPEDA CASTRO": 91.0, "LUIS GILBERTO MURILLO URRUTIA": 0.0, "MIGUEL URIBE LONDOÑO": 0.0, "PALOMA VALENCIA LASERNA": 12.0, "RAÚL SANTIAGO BOTERO JARAMILLO": 2.0, "ROY LEONARDO BARRERAS MONTEALEGRE": 0.0, "SERGIO FAJARDO VALDERRAMA": 10.0, "SONDRA MACOLLINS GARVIN PINTO": 0.0, "ÓSCAR MAURICIO LIZCANO ARANGO": 0.0, "TOTAL_VOTOS": 191.0, "GANADOR": "IVÁN CEPEDA CASTRO", "VOTOS_GANADOR": 91.0, "PCT_GANADOR": 47.6 }, "geometry": { "type": "Point", "coordinates": [ -74.18643816, 4.60581154 ] } },
{ "type": "Feature", "properties": { "LOCALIDAD": "Bosa", "DIRECCION": "CLL 85 Sur # 94 - 55", "SITIO": "Parques de Bogotá", "NOMBRE": "Colegio Distrital Parques De Bogotá", "ABELARDO DE LA ESPRIELLA": 1637.0, "CARLOS EDUARDO CAICEDO OMAR": 5.0, "CLAUDIA LÓPEZ": 265.0, "GUSTAVO MATAMOROS CAMACHO": 0.0, "IVÁN CEPEDA CASTRO": 3773.0, "LUIS GILBERTO MURILLO URRUTIA": 4.0, "MIGUEL URIBE LONDOÑO": 16.0, "PALOMA VALENCIA LASERNA": 406.0, "RAÚL SANTIAGO BOTERO JARAMILLO": 56.0, "ROY LEONARDO BARRERAS MONTEALEGRE": 4.0, "SERGIO FAJARDO VALDERRAMA": 251.0, "SONDRA MACOLLINS GARVIN PINTO": 2.0, "ÓSCAR MAURICIO LIZCANO ARANGO": 10.0, "TOTAL_VOTOS": 6429.0, "GANADOR": "IVÁN CEPEDA CASTRO", "VOTOS_GANADOR": 3773.0, "PCT_GANADOR": 58.7 }, "geometry": { "type": "Point", "coordinates": [ -74.21173341, 4.62609382 ] } },
{ "type": "Feature", "properties": { "LOCALIDAD": "Bosa", "DIRECCION": "CLL 81 Sur # 81 - 75", "SITIO": "Bicentenario de La Independencia", "NOMBRE": "Colegio Distrital Bicentenario de La Independencia", "ABELARDO DE LA ESPRIELLA": 400.0, "CARLOS EDUARDO CAICEDO OMAR": 1.0, "CLAUDIA LÓPEZ": 52.0, "GUSTAVO MATAMOROS CAMACHO": 0.0, "IVÁN CEPEDA CASTRO": 1188.0, "LUIS GILBERTO MURILLO URRUTIA": 1.0, "MIGUEL URIBE LONDOÑO": 1.0, "PALOMA VALENCIA LASERNA": 95.0, "RAÚL SANTIAGO BOTERO JARAMILLO": 14.0, "ROY LEONARDO BARRERAS MONTEALEGRE": 0.0, "SERGIO FAJARDO VALDERRAMA": 113.0, "SONDRA MACOLLINS GARVIN PINTO": 0.0, "ÓSCAR MAURICIO LIZCANO ARANGO": 5.0, "TOTAL_VOTOS": 1870.0, "GANADOR": "IVÁN CEPEDA CASTRO", "VOTOS_GANADOR": 1188.0, "PCT_GANADOR": 63.5 }, "geometry": { "type": "Point", "coordinates": [ -74.20381151, 4.61498448 ] } },
{ "type": "Feature", "properties": { "LOCALIDAD": "Kennedy", "DIRECCION": "CLL 42 G Sur # 87 G - 16", "SITIO": "Colegio Ernesto Guhl", "NOMBRE": "Colegio Privado Ernesto Guhl", "ABELARDO DE LA ESPRIELLA": 261.0, "CARLOS EDUARDO CAICEDO OMAR": 0.0, "CLAUDIA LÓPEZ": 18.0, "GUSTAVO MATAMOROS CAMACHO": 0.0, "IVÁN CEPEDA CASTRO": 418.0, "LUIS GILBERTO MURILLO URRUTIA": 0.0, "MIGUEL URIBE LONDOÑO": 1.0, "PALOMA VALENCIA LASERNA": 61.0, "RAÚL SANTIAGO BOTERO JARAMILLO": 9.0, "ROY LEONARDO BARRERAS MONTEALEGRE": 0.0, "SERGIO FAJARDO VALDERRAMA": 40.0, "SONDRA MACOLLINS GARVIN PINTO": 2.0, "ÓSCAR MAURICIO LIZCANO ARANGO": 1.0, "TOTAL_VOTOS": 811.0, "GANADOR": "IVÁN CEPEDA CASTRO", "VOTOS_GANADOR": 418.0, "PCT_GANADOR": 51.5 }, "geometry": { "type": "Point", "coordinates": [ -74.17243267, 4.63320807 ] } },
{ "type": "Feature", "properties": { "LOCALIDAD": "Kennedy", "DIRECCION": "CRA 93 B # 42 F -16 Sur /CRA 93 42F - 16 S", "SITIO": "Colegio Ciudad de Fómeque", "NOMBRE": "Colegio Privado Ciudad de Fómeque", "ABELARDO DE LA ESPRIELLA": 318.0, "CARLOS EDUARDO CAICEDO OMAR": 0.0, "CLAUDIA LÓPEZ": 18.0, "GUSTAVO MATAMOROS CAMACHO": 1.0, "IVÁN CEPEDA CASTRO": 510.0, "LUIS GILBERTO MURILLO URRUTIA": 1.0, "MIGUEL URIBE LONDOÑO": 0.0, "PALOMA VALENCIA LASERNA": 39.0, "RAÚL SANTIAGO BOTERO JARAMILLO": 12.0, "ROY LEONARDO BARRERAS MONTEALEGRE": 1.0, "SERGIO FAJARDO VALDERRAMA": 37.0, "SONDRA MACOLLINS GARVIN PINTO": 0.0, "ÓSCAR MAURICIO LIZCANO ARANGO": 1.0, "TOTAL_VOTOS": 938.0, "GANADOR": "IVÁN CEPEDA CASTRO", "VOTOS_GANADOR": 510.0, "PCT_GANADOR": 54.4 }, "geometry": { "type": "Point", "coordinates": [ -74.17544944, 4.64071949 ] } },
{ "type": "Feature", "properties": { "LOCALIDAD": "Kennedy", "DIRECCION": "CLL 6 C # 94 A - 25", "SITIO": "Esc.Tecnologica Inst. Tecnico Central", "NOMBRE": "Escuela Tecnológica Instituto Técnico Central", "ABELARDO DE LA ESPRIELLA": 2113.0, "CARLOS EDUARDO CAICEDO OMAR": 1.0, "CLAUDIA LÓPEZ": 166.0, "GUSTAVO MATAMOROS CAMACHO": 1.0, "IVÁN CEPEDA CASTRO": 2496.0, "LUIS GILBERTO MURILLO URRUTIA": 1.0, "MIGUEL URIBE LONDOÑO": 5.0, "PALOMA VALENCIA LASERNA": 415.0, "RAÚL SANTIAGO BOTERO JARAMILLO": 28.0, "ROY LEONARDO BARRERAS MONTEALEGRE": 3.0, "SERGIO FAJARDO VALDERRAMA": 399.0, "SONDRA MACOLLINS GARVIN PINTO": 0.0, "ÓSCAR MAURICIO LIZCANO ARANGO": 7.0, "TOTAL_VOTOS": 5635.0, "GANADOR": "IVÁN CEPEDA CASTRO", "VOTOS_GANADOR": 2496.0, "PCT_GANADOR": 44.3 }, "geometry": { "type": "Point", "coordinates": [ -74.1614076, 4.65394964 ] } },
{ "type": "Feature", "properties": { "LOCALIDAD": "Kennedy", "DIRECCION": "CRA 80 B # 6 - 71", "SITIO": "Colegio Emma Reyes IED", "NOMBRE": "Colegio Distrital Ciudad de Techo", "ABELARDO DE LA ESPRIELLA": 1328.0, "CARLOS EDUARDO CAICEDO OMAR": 0.0, "CLAUDIA LÓPEZ": 67.0, "GUSTAVO MATAMOROS CAMACHO": 0.0, "IVÁN CEPEDA CASTRO": 1330.0, "LUIS GILBERTO MURILLO URRUTIA": 3.0, "MIGUEL URIBE LONDOÑO": 3.0, "PALOMA VALENCIA LASERNA": 274.0, "RAÚL SANTIAGO BOTERO JARAMILLO": 7.0, "ROY LEONARDO BARRERAS MONTEALEGRE": 2.0, "SERGIO FAJARDO VALDERRAMA": 243.0, "SONDRA MACOLLINS GARVIN PINTO": 0.0, "ÓSCAR MAURICIO LIZCANO ARANGO": 4.0, "TOTAL_VOTOS": 3261.0, "GANADOR": "IVÁN CEPEDA CASTRO", "VOTOS_GANADOR": 1330.0, "PCT_GANADOR": 40.8 }, "geometry": { "type": "Point", "coordinates": [ -74.15085022, 4.63672189 ] } },
{ "type": "Feature", "properties": { "LOCALIDAD": "Kennedy", "DIRECCION": "CLL 14 A # 81 - 38", "SITIO": "Salón Comunal Andalucia II Sector", "NOMBRE": "Salón Comunal Andalucia II Sector", "ABELARDO DE LA ESPRIELLA": 545.0, "CARLOS EDUARDO CAICEDO OMAR": 0.0, "CLAUDIA LÓPEZ": 29.0, "GUSTAVO MATAMOROS CAMACHO": 0.0, "IVÁN CEPEDA CASTRO": 577.0, "LUIS GILBERTO MURILLO URRUTIA": 1.0, "MIGUEL URIBE LONDOÑO": 2.0, "PALOMA VALENCIA LASERNA": 84.0, "RAÚL SANTIAGO BOTERO JARAMILLO": 6.0, "ROY LEONARDO BARRERAS MONTEALEGRE": 1.0, "SERGIO FAJARDO VALDERRAMA": 56.0, "SONDRA MACOLLINS GARVIN PINTO": 1.0, "ÓSCAR MAURICIO LIZCANO ARANGO": 1.0, "TOTAL_VOTOS": 1303.0, "GANADOR": "IVÁN CEPEDA CASTRO", "VOTOS_GANADOR": 577.0, "PCT_GANADOR": 44.3 }, "geometry": { "type": "Point", "coordinates": [ -74.13694454, 4.65361825 ] } },
{ "type": "Feature", "properties": { "LOCALIDAD": "Kennedy", "DIRECCION": "CLL 11 A # 72 D - 20", "SITIO": "Salón Comunal Villa Alsacia", "NOMBRE": "Salón Comunal Villa Alsacia", "ABELARDO DE LA ESPRIELLA": 628.0, "CARLOS EDUARDO CAICEDO OMAR": 1.0, "CLAUDIA LÓPEZ": 27.0, "GUSTAVO MATAMOROS CAMACHO": 1.0, "IVÁN CEPEDA CASTRO": 440.0, "LUIS GILBERTO MURILLO URRUTIA": 1.0, "MIGUEL URIBE LONDOÑO": 1.0, "PALOMA VALENCIA LASERNA": 141.0, "RAÚL SANTIAGO BOTERO JARAMILLO": 2.0, "ROY LEONARDO BARRERAS MONTEALEGRE": 1.0, "SERGIO FAJARDO VALDERRAMA": 120.0, "SONDRA MACOLLINS GARVIN PINTO": 0.0, "ÓSCAR MAURICIO LIZCANO ARANGO": 3.0, "TOTAL_VOTOS": 1366.0, "GANADOR": "ABELARDO DE LA ESPRIELLA", "VOTOS_GANADOR": 628.0, "PCT_GANADOR": 46.0 }, "geometry": { "type": "Point", "coordinates": [ -74.13615891, 4.64346598 ] } },
{ "type": "Feature", "properties": { "LOCALIDAD": "Kennedy", "DIRECCION": "CRA 71 D # 6 - 94 Sur", "SITIO": "CC Plaza de Las Americas", "NOMBRE": "Centro Comercial Plaza de Las Américas", "ABELARDO DE LA ESPRIELLA": 1511.0, "CARLOS EDUARDO CAICEDO OMAR": 1.0, "CLAUDIA LÓPEZ": 74.0, "GUSTAVO MATAMOROS CAMACHO": 0.0, "IVÁN CEPEDA CASTRO": 2084.0, "LUIS GILBERTO MURILLO URRUTIA": 2.0, "MIGUEL URIBE LONDOÑO": 0.0, "PALOMA VALENCIA LASERNA": 280.0, "RAÚL SANTIAGO BOTERO JARAMILLO": 24.0, "ROY LEONARDO BARRERAS MONTEALEGRE": 3.0, "SERGIO FAJARDO VALDERRAMA": 632.0, "SONDRA MACOLLINS GARVIN PINTO": 1.0, "ÓSCAR MAURICIO LIZCANO ARANGO": 5.0, "TOTAL_VOTOS": 4617.0, "GANADOR": "IVÁN CEPEDA CASTRO", "VOTOS_GANADOR": 2084.0, "PCT_GANADOR": 45.1 }, "geometry": { "type": "Point", "coordinates": [ -74.13720239, 4.61844261 ] } },
{ "type": "Feature", "properties": { "LOCALIDAD": "Kennedy", "DIRECCION": "CLL 8 # 78 C - 60", "SITIO": "Loreto de Castilla", "NOMBRE": "Instituto Comercial Loreto de Castilla", "ABELARDO DE LA ESPRIELLA": 1010.0, "CARLOS EDUARDO CAICEDO OMAR": 0.0, "CLAUDIA LÓPEZ": 47.0, "GUSTAVO MATAMOROS CAMACHO": 1.0, "IVÁN CEPEDA CASTRO": 756.0, "LUIS GILBERTO MURILLO URRUTIA": 1.0, "MIGUEL URIBE LONDOÑO": 0.0, "PALOMA VALENCIA LASERNA": 181.0, "RAÚL SANTIAGO BOTERO JARAMILLO": 4.0, "ROY LEONARDO BARRERAS MONTEALEGRE": 0.0, "SERGIO FAJARDO VALDERRAMA": 209.0, "SONDRA MACOLLINS GARVIN PINTO": 1.0, "ÓSCAR MAURICIO LIZCANO ARANGO": 6.0, "TOTAL_VOTOS": 2216.0, "GANADOR": "ABELARDO DE LA ESPRIELLA", "VOTOS_GANADOR": 1010.0, "PCT_GANADOR": 45.6 }, "geometry": { "type": "Point", "coordinates": [ -74.14319127, 4.63917075 ] } },
{ "type": "Feature", "properties": { "LOCALIDAD": "Kennedy", "DIRECCION": "CLL 8 B Bis # 73 B - 1 / CRA 75 8 A - 31", "SITIO": "Polideportivo Castilla", "NOMBRE": "Polideportivo Castilla", "ABELARDO DE LA ESPRIELLA": 2002.0, "CARLOS EDUARDO CAICEDO OMAR": 2.0, "CLAUDIA LÓPEZ": 94.0, "GUSTAVO MATAMOROS CAMACHO": 0.0, "IVÁN CEPEDA CASTRO": 1789.0, "LUIS GILBERTO MURILLO URRUTIA": 3.0, "MIGUEL URIBE LONDOÑO": 1.0, "PALOMA VALENCIA LASERNA": 393.0, "RAÚL SANTIAGO BOTERO JARAMILLO": 22.0, "ROY LEONARDO BARRERAS MONTEALEGRE": 1.0, "SERGIO FAJARDO VALDERRAMA": 523.0, "SONDRA MACOLLINS GARVIN PINTO": 1.0, "ÓSCAR MAURICIO LIZCANO ARANGO": 5.0, "TOTAL_VOTOS": 4836.0, "GANADOR": "ABELARDO DE LA ESPRIELLA", "VOTOS_GANADOR": 2002.0, "PCT_GANADOR": 41.4 }, "geometry": { "type": "Point", "coordinates": [ -74.13941411, 4.63978251 ] } },
{ "type": "Feature", "properties": { "LOCALIDAD": "Kennedy", "DIRECCION": "AV CRA 68 # 38 - 87 Sur / CRA 68 # 38A - 15", "SITIO": "Metro Alqueria", "NOMBRE": "Almacén Metro Alquería", "ABELARDO DE LA ESPRIELLA": 617.0, "CARLOS EDUARDO CAICEDO OMAR": 0.0, "CLAUDIA LÓPEZ": 31.0, "GUSTAVO MATAMOROS CAMACHO": 0.0, "IVÁN CEPEDA CASTRO": 786.0, "LUIS GILBERTO MURILLO URRUTIA": 0.0, "MIGUEL URIBE LONDOÑO": 1.0, "PALOMA VALENCIA LASERNA": 119.0, "RAÚL SANTIAGO BOTERO JARAMILLO": 21.0, "ROY LEONARDO BARRERAS MONTEALEGRE": 0.0, "SERGIO FAJARDO VALDERRAMA": 85.0, "SONDRA MACOLLINS GARVIN PINTO": 1.0, "ÓSCAR MAURICIO LIZCANO ARANGO": 3.0, "TOTAL_VOTOS": 1664.0, "GANADOR": "IVÁN CEPEDA CASTRO", "VOTOS_GANADOR": 786.0, "PCT_GANADOR": 47.2 }, "geometry": { "type": "Point", "coordinates": [ -74.13464628, 4.60267998 ] } },
{ "type": "Feature", "properties": { "LOCALIDAD": "Fontibon", "DIRECCION": "CRA 90 # 17 - 95 /Cl 19A # 91 - 05", "SITIO": "Trebolis", "NOMBRE": "Centro Comercial Trebolis", "ABELARDO DE LA ESPRIELLA": 611.0, "CARLOS EDUARDO CAICEDO OMAR": 0.0, "CLAUDIA LÓPEZ": 16.0, "GUSTAVO MATAMOROS CAMACHO": 0.0, "IVÁN CEPEDA CASTRO": 341.0, "LUIS GILBERTO MURILLO URRUTIA": 0.0, "MIGUEL URIBE LONDOÑO": 0.0, "PALOMA VALENCIA LASERNA": 158.0, "RAÚL SANTIAGO BOTERO JARAMILLO": 1.0, "ROY LEONARDO BARRERAS MONTEALEGRE": 0.0, "SERGIO FAJARDO VALDERRAMA": 144.0, "SONDRA MACOLLINS GARVIN PINTO": 0.0, "ÓSCAR MAURICIO LIZCANO ARANGO": 1.0, "TOTAL_VOTOS": 1272.0, "GANADOR": "ABELARDO DE LA ESPRIELLA", "VOTOS_GANADOR": 611.0, "PCT_GANADOR": 48.0 }, "geometry": { "type": "Point", "coordinates": [ -74.13645249, 4.66585292 ] } },
{ "type": "Feature", "properties": { "LOCALIDAD": "Engativá", "DIRECCION": "CRA 110 C # 64 D - 03", "SITIO": "Salón Comunal El Verdum", "NOMBRE": "Salón Comunal El Verdum", "ABELARDO DE LA ESPRIELLA": 1021.0, "CARLOS EDUARDO CAICEDO OMAR": 2.0, "CLAUDIA LÓPEZ": 72.0, "GUSTAVO MATAMOROS CAMACHO": 0.0, "IVÁN CEPEDA CASTRO": 1541.0, "LUIS GILBERTO MURILLO URRUTIA": 0.0, "MIGUEL URIBE LONDOÑO": 2.0, "PALOMA VALENCIA LASERNA": 211.0, "RAÚL SANTIAGO BOTERO JARAMILLO": 24.0, "ROY LEONARDO BARRERAS MONTEALEGRE": 1.0, "SERGIO FAJARDO VALDERRAMA": 194.0, "SONDRA MACOLLINS GARVIN PINTO": 2.0, "ÓSCAR MAURICIO LIZCANO ARANGO": 3.0, "TOTAL_VOTOS": 3073.0, "GANADOR": "IVÁN CEPEDA CASTRO", "VOTOS_GANADOR": 1541.0, "PCT_GANADOR": 50.1 }, "geometry": { "type": "Point", "coordinates": [ -74.1312075, 4.7024373 ] } },
{ "type": "Feature", "properties": { "LOCALIDAD": "Engativá", "DIRECCION": "CRA 122 A Bis # 69 C - 21", "SITIO": "La Faena", "NOMBRE": "Colegio Distrital General Santander Sede C", "ABELARDO DE LA ESPRIELLA": 934.0, "CARLOS EDUARDO CAICEDO OMAR": 1.0, "CLAUDIA LÓPEZ": 60.0, "GUSTAVO MATAMOROS CAMACHO": 0.0, "IVÁN CEPEDA CASTRO": 1409.0, "LUIS GILBERTO MURILLO URRUTIA": 1.0, "MIGUEL URIBE LONDOÑO": 3.0, "PALOMA VALENCIA LASERNA": 160.0, "RAÚL SANTIAGO BOTERO JARAMILLO": 29.0, "ROY LEONARDO BARRERAS MONTEALEGRE": 1.0, "SERGIO FAJARDO VALDERRAMA": 185.0, "SONDRA MACOLLINS GARVIN PINTO": 3.0, "ÓSCAR MAURICIO LIZCANO ARANGO": 9.0, "TOTAL_VOTOS": 2795.0, "GANADOR": "IVÁN CEPEDA CASTRO", "VOTOS_GANADOR": 1409.0, "PCT_GANADOR": 50.4 }, "geometry": { "type": "Point", "coordinates": [ -74.13791883, 4.71757545 ] } },
{ "type": "Feature", "properties": { "LOCALIDAD": "Engativá", "DIRECCION": "CRA 107 B Bis # 70 F - 50", "SITIO": "Bosques de Mariana", "NOMBRE": "Salón Comunal Bosques de Mariana", "ABELARDO DE LA ESPRIELLA": 1533.0, "CARLOS EDUARDO CAICEDO OMAR": 0.0, "CLAUDIA LÓPEZ": 83.0, "GUSTAVO MATAMOROS CAMACHO": 1.0, "IVÁN CEPEDA CASTRO": 1684.0, "LUIS GILBERTO MURILLO URRUTIA": 2.0, "MIGUEL URIBE LONDOÑO": 2.0, "PALOMA VALENCIA LASERNA": 279.0, "RAÚL SANTIAGO BOTERO JARAMILLO": 26.0, "ROY LEONARDO BARRERAS MONTEALEGRE": 2.0, "SERGIO FAJARDO VALDERRAMA": 268.0, "SONDRA MACOLLINS GARVIN PINTO": 1.0, "ÓSCAR MAURICIO LIZCANO ARANGO": 3.0, "TOTAL_VOTOS": 3884.0, "GANADOR": "IVÁN CEPEDA CASTRO", "VOTOS_GANADOR": 1684.0, "PCT_GANADOR": 43.4 }, "geometry": { "type": "Point", "coordinates": [ -74.12430789, 4.70785448 ] } },
{ "type": "Feature", "properties": { "LOCALIDAD": "Engativá", "DIRECCION": "AV CRA 86 # 55 A - 75", "SITIO": "Centro Comercial Nuestro Bogotá", "NOMBRE": "Centro Comercial Nuestro Bogotá", "ABELARDO DE LA ESPRIELLA": 2644.0, "CARLOS EDUARDO CAICEDO OMAR": 2.0, "CLAUDIA LÓPEZ": 125.0, "GUSTAVO MATAMOROS CAMACHO": 0.0, "IVÁN CEPEDA CASTRO": 2817.0, "LUIS GILBERTO MURILLO URRUTIA": 2.0, "MIGUEL URIBE LONDOÑO": 3.0, "PALOMA VALENCIA LASERNA": 584.0, "RAÚL SANTIAGO BOTERO JARAMILLO": 27.0, "ROY LEONARDO BARRERAS MONTEALEGRE": 7.0, "SERGIO FAJARDO VALDERRAMA": 884.0, "SONDRA MACOLLINS GARVIN PINTO": 4.0, "ÓSCAR MAURICIO LIZCANO ARANGO": 9.0, "TOTAL_VOTOS": 7108.0, "GANADOR": "IVÁN CEPEDA CASTRO", "VOTOS_GANADOR": 2817.0, "PCT_GANADOR": 39.6 }, "geometry": { "type": "Point", "coordinates": [ -74.11529594, 4.68360132 ] } },
{ "type": "Feature", "properties": { "LOCALIDAD": "Engativá", "DIRECCION": "AV Boyacá # 66 A - 61", "SITIO": "Universidad UDCA", "NOMBRE": "Universidad De Ciencias Aplicadas Y Ambientales - U.D.C.A.", "ABELARDO DE LA ESPRIELLA": 700.0, "CARLOS EDUARDO CAICEDO OMAR": 1.0, "CLAUDIA LÓPEZ": 50.0, "GUSTAVO MATAMOROS CAMACHO": 0.0, "IVÁN CEPEDA CASTRO": 689.0, "LUIS GILBERTO MURILLO URRUTIA": 1.0, "MIGUEL URIBE LONDOÑO": 4.0, "PALOMA VALENCIA LASERNA": 173.0, "RAÚL SANTIAGO BOTERO JARAMILLO": 10.0, "ROY LEONARDO BARRERAS MONTEALEGRE": 2.0, "SERGIO FAJARDO VALDERRAMA": 149.0, "SONDRA MACOLLINS GARVIN PINTO": 0.0, "ÓSCAR MAURICIO LIZCANO ARANGO": 2.0, "TOTAL_VOTOS": 1781.0, "GANADOR": "ABELARDO DE LA ESPRIELLA", "VOTOS_GANADOR": 700.0, "PCT_GANADOR": 39.3 }, "geometry": { "type": "Point", "coordinates": [ -74.09924366, 4.68166796 ] } },
{ "type": "Feature", "properties": { "LOCALIDAD": "Engativá", "DIRECCION": "CRA 79 # 64 C - 48", "SITIO": "Gimnasio Santa Maria del Alcazar", "NOMBRE": "Gimnasio Santa Maria del Alcazar", "ABELARDO DE LA ESPRIELLA": 507.0, "CARLOS EDUARDO CAICEDO OMAR": 0.0, "CLAUDIA LÓPEZ": 22.0, "GUSTAVO MATAMOROS CAMACHO": 1.0, "IVÁN CEPEDA CASTRO": 435.0, "LUIS GILBERTO MURILLO URRUTIA": 1.0, "MIGUEL URIBE LONDOÑO": 1.0, "PALOMA VALENCIA LASERNA": 107.0, "RAÚL SANTIAGO BOTERO JARAMILLO": 3.0, "ROY LEONARDO BARRERAS MONTEALEGRE": 0.0, "SERGIO FAJARDO VALDERRAMA": 126.0, "SONDRA MACOLLINS GARVIN PINTO": 1.0, "ÓSCAR MAURICIO LIZCANO ARANGO": 1.0, "TOTAL_VOTOS": 1205.0, "GANADOR": "ABELARDO DE LA ESPRIELLA", "VOTOS_GANADOR": 507.0, "PCT_GANADOR": 42.1 }, "geometry": { "type": "Point", "coordinates": [ -74.1081736, 4.68351221 ] } },
{ "type": "Feature", "properties": { "LOCALIDAD": "Engativá", "DIRECCION": "CRA 71 B # 52 - 30", "SITIO": "Colegio RR Oblatas Al Divino Amor", "NOMBRE": "Colegio Privado RR Oblatas Al Divino Amor", "ABELARDO DE LA ESPRIELLA": 745.0, "CARLOS EDUARDO CAICEDO OMAR": 0.0, "CLAUDIA LÓPEZ": 35.0, "GUSTAVO MATAMOROS CAMACHO": 0.0, "IVÁN CEPEDA CASTRO": 485.0, "LUIS GILBERTO MURILLO URRUTIA": 0.0, "MIGUEL URIBE LONDOÑO": 0.0, "PALOMA VALENCIA LASERNA": 189.0, "RAÚL SANTIAGO BOTERO JARAMILLO": 2.0, "ROY LEONARDO BARRERAS MONTEALEGRE": 0.0, "SERGIO FAJARDO VALDERRAMA": 175.0, "SONDRA MACOLLINS GARVIN PINTO": 1.0, "ÓSCAR MAURICIO LIZCANO ARANGO": 0.0, "TOTAL_VOTOS": 1632.0, "GANADOR": "ABELARDO DE LA ESPRIELLA", "VOTOS_GANADOR": 745.0, "PCT_GANADOR": 45.6 }, "geometry": { "type": "Point", "coordinates": [ -74.10683513, 4.66938293 ] } },
{ "type": "Feature", "properties": { "LOCALIDAD": "Suba", "DIRECCION": "CLL 149 # 117 - 35", "SITIO": "Compartir Sede B IED", "NOMBRE": "Colegio Distrital Compartir Sede B", "ABELARDO DE LA ESPRIELLA": 2021.0, "CARLOS EDUARDO CAICEDO OMAR": 0.0, "CLAUDIA LÓPEZ": 141.0, "GUSTAVO MATAMOROS CAMACHO": 1.0, "IVÁN CEPEDA CASTRO": 2323.0, "LUIS GILBERTO MURILLO URRUTIA": 1.0, "MIGUEL URIBE LONDOÑO": 6.0, "PALOMA VALENCIA LASERNA": 419.0, "RAÚL SANTIAGO BOTERO JARAMILLO": 23.0, "ROY LEONARDO BARRERAS MONTEALEGRE": 3.0, "SERGIO FAJARDO VALDERRAMA": 501.0, "SONDRA MACOLLINS GARVIN PINTO": 4.0, "ÓSCAR MAURICIO LIZCANO ARANGO": 7.0, "TOTAL_VOTOS": 5450.0, "GANADOR": "IVÁN CEPEDA CASTRO", "VOTOS_GANADOR": 2323.0, "PCT_GANADOR": 42.6 }, "geometry": { "type": "Point", "coordinates": [ -74.10429048, 4.75336116 ] } },
{ "type": "Feature", "properties": { "LOCALIDAD": "Suba", "DIRECCION": "CLL 135 # 94 C - 57", "SITIO": "Villa Elisa Sede B IED", "NOMBRE": "Colegio Distrital Villa Elisa Sede B", "ABELARDO DE LA ESPRIELLA": 1347.0, "CARLOS EDUARDO CAICEDO OMAR": 1.0, "CLAUDIA LÓPEZ": 65.0, "GUSTAVO MATAMOROS CAMACHO": 0.0, "IVÁN CEPEDA CASTRO": 1408.0, "LUIS GILBERTO MURILLO URRUTIA": 1.0, "MIGUEL URIBE LONDOÑO": 3.0, "PALOMA VALENCIA LASERNA": 257.0, "RAÚL SANTIAGO BOTERO JARAMILLO": 14.0, "ROY LEONARDO BARRERAS MONTEALEGRE": 0.0, "SERGIO FAJARDO VALDERRAMA": 256.0, "SONDRA MACOLLINS GARVIN PINTO": 6.0, "ÓSCAR MAURICIO LIZCANO ARANGO": 7.0, "TOTAL_VOTOS": 3365.0, "GANADOR": "IVÁN CEPEDA CASTRO", "VOTOS_GANADOR": 1408.0, "PCT_GANADOR": 41.8 }, "geometry": { "type": "Point", "coordinates": [ -74.08876333, 4.73449123 ] } },
{ "type": "Feature", "properties": { "LOCALIDAD": "Suba", "DIRECCION": "CRA 59 B BIS # 132 - 53", "SITIO": "Salón Comunal Ciudad Jardín Norte", "NOMBRE": "Salón Comunal Ciudad Jardín Norte", "ABELARDO DE LA ESPRIELLA": 1480.0, "CARLOS EDUARDO CAICEDO OMAR": 0.0, "CLAUDIA LÓPEZ": 42.0, "GUSTAVO MATAMOROS CAMACHO": 0.0, "IVÁN CEPEDA CASTRO": 576.0, "LUIS GILBERTO MURILLO URRUTIA": 1.0, "MIGUEL URIBE LONDOÑO": 1.0, "PALOMA VALENCIA LASERNA": 354.0, "RAÚL SANTIAGO BOTERO JARAMILLO": 3.0, "ROY LEONARDO BARRERAS MONTEALEGRE": 2.0, "SERGIO FAJARDO VALDERRAMA": 264.0, "SONDRA MACOLLINS GARVIN PINTO": 0.0, "ÓSCAR MAURICIO LIZCANO ARANGO": 0.0, "TOTAL_VOTOS": 2723.0, "GANADOR": "ABELARDO DE LA ESPRIELLA", "VOTOS_GANADOR": 1480.0, "PCT_GANADOR": 54.4 }, "geometry": { "type": "Point", "coordinates": [ -74.07045662, 4.72486583 ] } },
{ "type": "Feature", "properties": { "LOCALIDAD": "Suba", "DIRECCION": "Autopista Norte # 232 - 35", "SITIO": "Centro Comercial BIMA", "NOMBRE": "Centro Comercial BIMA", "ABELARDO DE LA ESPRIELLA": 1215.0, "CARLOS EDUARDO CAICEDO OMAR": 0.0, "CLAUDIA LÓPEZ": 13.0, "GUSTAVO MATAMOROS CAMACHO": 0.0, "IVÁN CEPEDA CASTRO": 247.0, "LUIS GILBERTO MURILLO URRUTIA": 1.0, "MIGUEL URIBE LONDOÑO": 0.0, "PALOMA VALENCIA LASERNA": 235.0, "RAÚL SANTIAGO BOTERO JARAMILLO": 3.0, "ROY LEONARDO BARRERAS MONTEALEGRE": 0.0, "SERGIO FAJARDO VALDERRAMA": 132.0, "SONDRA MACOLLINS GARVIN PINTO": 4.0, "ÓSCAR MAURICIO LIZCANO ARANGO": 0.0, "TOTAL_VOTOS": 1850.0, "GANADOR": "ABELARDO DE LA ESPRIELLA", "VOTOS_GANADOR": 1215.0, "PCT_GANADOR": 65.7 }, "geometry": { "type": "Point", "coordinates": [ -74.03807322, 4.80644827 ] } },
{ "type": "Feature", "properties": { "LOCALIDAD": "Suba", "DIRECCION": "CLL 128 # 71 A - 91", "SITIO": "Colegio Helvetia", "NOMBRE": "Colegio Privado Helvetia", "ABELARDO DE LA ESPRIELLA": 695.0, "CARLOS EDUARDO CAICEDO OMAR": 0.0, "CLAUDIA LÓPEZ": 27.0, "GUSTAVO MATAMOROS CAMACHO": 1.0, "IVÁN CEPEDA CASTRO": 236.0, "LUIS GILBERTO MURILLO URRUTIA": 0.0, "MIGUEL URIBE LONDOÑO": 1.0, "PALOMA VALENCIA LASERNA": 250.0, "RAÚL SANTIAGO BOTERO JARAMILLO": 4.0, "ROY LEONARDO BARRERAS MONTEALEGRE": 0.0, "SERGIO FAJARDO VALDERRAMA": 167.0, "SONDRA MACOLLINS GARVIN PINTO": 0.0, "ÓSCAR MAURICIO LIZCANO ARANGO": 1.0, "TOTAL_VOTOS": 1382.0, "GANADOR": "ABELARDO DE LA ESPRIELLA", "VOTOS_GANADOR": 695.0, "PCT_GANADOR": 50.3 }, "geometry": { "type": "Point", "coordinates": [ -74.07644962, 4.71510136 ] } },
{ "type": "Feature", "properties": { "LOCALIDAD": "Barrios Unidos", "DIRECCION": "CRA 53 # 75 - 17", "SITIO": "Rafael Bernal Jimenez Sede A", "NOMBRE": "Colegio Distrital Rafael Bernal Jimenez Sede A", "ABELARDO DE LA ESPRIELLA": 152.0, "CARLOS EDUARDO CAICEDO OMAR": 0.0, "CLAUDIA LÓPEZ": 7.0, "GUSTAVO MATAMOROS CAMACHO": 0.0, "IVÁN CEPEDA CASTRO": 110.0, "LUIS GILBERTO MURILLO URRUTIA": 0.0, "MIGUEL URIBE LONDOÑO": 0.0, "PALOMA VALENCIA LASERNA": 21.0, "RAÚL SANTIAGO BOTERO JARAMILLO": 1.0, "ROY LEONARDO BARRERAS MONTEALEGRE": 0.0, "SERGIO FAJARDO VALDERRAMA": 27.0, "SONDRA MACOLLINS GARVIN PINTO": 0.0, "ÓSCAR MAURICIO LIZCANO ARANGO": 0.0, "TOTAL_VOTOS": 318.0, "GANADOR": "ABELARDO DE LA ESPRIELLA", "VOTOS_GANADOR": 152.0, "PCT_GANADOR": 47.8 }, "geometry": { "type": "Point", "coordinates": [ -74.07350124, 4.67184754 ] } },
{ "type": "Feature", "properties": { "LOCALIDAD": "Teusaquillo", "DIRECCION": "CLL 53 B # 25 - 21", "SITIO": "Centro Comercial Galerías", "NOMBRE": "Centro Comercial Galerías", "ABELARDO DE LA ESPRIELLA": 2074.0, "CARLOS EDUARDO CAICEDO OMAR": 0.0, "CLAUDIA LÓPEZ": 95.0, "GUSTAVO MATAMOROS CAMACHO": 0.0, "IVÁN CEPEDA CASTRO": 3035.0, "LUIS GILBERTO MURILLO URRUTIA": 0.0, "MIGUEL URIBE LONDOÑO": 8.0, "PALOMA VALENCIA LASERNA": 656.0, "RAÚL SANTIAGO BOTERO JARAMILLO": 13.0, "ROY LEONARDO BARRERAS MONTEALEGRE": 3.0, "SERGIO FAJARDO VALDERRAMA": 712.0, "SONDRA MACOLLINS GARVIN PINTO": 9.0, "ÓSCAR MAURICIO LIZCANO ARANGO": 5.0, "TOTAL_VOTOS": 6610.0, "GANADOR": "IVÁN CEPEDA CASTRO", "VOTOS_GANADOR": 3035.0, "PCT_GANADOR": 45.9 }, "geometry": { "type": "Point", "coordinates": [ -74.07494142, 4.6431628 ] } },
{ "type": "Feature", "properties": { "LOCALIDAD": "Teusaquillo", "DIRECCION": "CLL 58 A Bis # 37 - 94", "SITIO": "Universidad Antonio Nariño", "NOMBRE": "Universidad Antonio Nariño", "ABELARDO DE LA ESPRIELLA": 523.0, "CARLOS EDUARDO CAICEDO OMAR": 1.0, "CLAUDIA LÓPEZ": 25.0, "GUSTAVO MATAMOROS CAMACHO": 0.0, "IVÁN CEPEDA CASTRO": 566.0, "LUIS GILBERTO MURILLO URRUTIA": 0.0, "MIGUEL URIBE LONDOÑO": 0.0, "PALOMA VALENCIA LASERNA": 167.0, "RAÚL SANTIAGO BOTERO JARAMILLO": 1.0, "ROY LEONARDO BARRERAS MONTEALEGRE": 0.0, "SERGIO FAJARDO VALDERRAMA": 154.0, "SONDRA MACOLLINS GARVIN PINTO": 1.0, "ÓSCAR MAURICIO LIZCANO ARANGO": 1.0, "TOTAL_VOTOS": 1439.0, "GANADOR": "IVÁN CEPEDA CASTRO", "VOTOS_GANADOR": 566.0, "PCT_GANADOR": 39.3 }, "geometry": { "type": "Point", "coordinates": [ -74.08236803, 4.64993279 ] } },
{ "type": "Feature", "properties": { "LOCALIDAD": "Mártires", "DIRECCION": "CLL 2 B # 27 A - 26", "SITIO": "Colegio Bilingüe CEDAM", "NOMBRE": "Colegio Privado Bilingüe CEDAM", "ABELARDO DE LA ESPRIELLA": 843.0, "CARLOS EDUARDO CAICEDO OMAR": 0.0, "CLAUDIA LÓPEZ": 29.0, "GUSTAVO MATAMOROS CAMACHO": 0.0, "IVÁN CEPEDA CASTRO": 611.0, "LUIS GILBERTO MURILLO URRUTIA": 1.0, "MIGUEL URIBE LONDOÑO": 0.0, "PALOMA VALENCIA LASERNA": 152.0, "RAÚL SANTIAGO BOTERO JARAMILLO": 10.0, "ROY LEONARDO BARRERAS MONTEALEGRE": 1.0, "SERGIO FAJARDO VALDERRAMA": 123.0, "SONDRA MACOLLINS GARVIN PINTO": 0.0, "ÓSCAR MAURICIO LIZCANO ARANGO": 5.0, "TOTAL_VOTOS": 1775.0, "GANADOR": "ABELARDO DE LA ESPRIELLA", "VOTOS_GANADOR": 843.0, "PCT_GANADOR": 47.5 }, "geometry": { "type": "Point", "coordinates": [ -74.09919004, 4.60126812 ] } },
{ "type": "Feature", "properties": { "LOCALIDAD": "Antonio Nariño", "DIRECCION": "AV CRA 27 # 29 - 17 Sur / AV CRA 27 # 29 - 65 Sur", "SITIO": "Colegio Nuestra Señora de La Paz", "NOMBRE": "Colegio Privado Comunidad Hermanas de Nuestra Señora de La Paz", "ABELARDO DE LA ESPRIELLA": 265.0, "CARLOS EDUARDO CAICEDO OMAR": 0.0, "CLAUDIA LÓPEZ": 16.0, "GUSTAVO MATAMOROS CAMACHO": 0.0, "IVÁN CEPEDA CASTRO": 239.0, "LUIS GILBERTO MURILLO URRUTIA": 0.0, "MIGUEL URIBE LONDOÑO": 0.0, "PALOMA VALENCIA LASERNA": 49.0, "RAÚL SANTIAGO BOTERO JARAMILLO": 6.0, "ROY LEONARDO BARRERAS MONTEALEGRE": 0.0, "SERGIO FAJARDO VALDERRAMA": 43.0, "SONDRA MACOLLINS GARVIN PINTO": 0.0, "ÓSCAR MAURICIO LIZCANO ARANGO": 0.0, "TOTAL_VOTOS": 618.0, "GANADOR": "ABELARDO DE LA ESPRIELLA", "VOTOS_GANADOR": 265.0, "PCT_GANADOR": 42.9 }, "geometry": { "type": "Point", "coordinates": [ -74.11326543, 4.58889525 ] } },
{ "type": "Feature", "properties": { "LOCALIDAD": "Antonio Nariño", "DIRECCION": "CLL 8 Sur # 11 A - 39 / CRA 11 A # 8 - 39 Sur", "SITIO": "Salón Comunal Ciudad Berna", "NOMBRE": "Salón Comunal Ciudad Berna", "ABELARDO DE LA ESPRIELLA": 422.0, "CARLOS EDUARDO CAICEDO OMAR": 0.0, "CLAUDIA LÓPEZ": 13.0, "GUSTAVO MATAMOROS CAMACHO": 0.0, "IVÁN CEPEDA CASTRO": 400.0, "LUIS GILBERTO MURILLO URRUTIA": 0.0, "MIGUEL URIBE LONDOÑO": 1.0, "PALOMA VALENCIA LASERNA": 71.0, "RAÚL SANTIAGO BOTERO JARAMILLO": 2.0, "ROY LEONARDO BARRERAS MONTEALEGRE": 0.0, "SERGIO FAJARDO VALDERRAMA": 81.0, "SONDRA MACOLLINS GARVIN PINTO": 0.0, "ÓSCAR MAURICIO LIZCANO ARANGO": 0.0, "TOTAL_VOTOS": 990.0, "GANADOR": "ABELARDO DE LA ESPRIELLA", "VOTOS_GANADOR": 422.0, "PCT_GANADOR": 42.6 }, "geometry": { "type": "Point", "coordinates": [ -74.09086794, 4.58533178 ] } },
{ "type": "Feature", "properties": { "LOCALIDAD": "Antonio Nariño", "DIRECCION": "CL 32 Sur 29A # 75", "SITIO": "Salón Comunal Eduardo Frei", "NOMBRE": "Salón Comunal Eduardo Frei", "ABELARDO DE LA ESPRIELLA": 115.0, "CARLOS EDUARDO CAICEDO OMAR": 0.0, "CLAUDIA LÓPEZ": 11.0, "GUSTAVO MATAMOROS CAMACHO": 0.0, "IVÁN CEPEDA CASTRO": 164.0, "LUIS GILBERTO MURILLO URRUTIA": 0.0, "MIGUEL URIBE LONDOÑO": 0.0, "PALOMA VALENCIA LASERNA": 24.0, "RAÚL SANTIAGO BOTERO JARAMILLO": 3.0, "ROY LEONARDO BARRERAS MONTEALEGRE": 0.0, "SERGIO FAJARDO VALDERRAMA": 27.0, "SONDRA MACOLLINS GARVIN PINTO": 0.0, "ÓSCAR MAURICIO LIZCANO ARANGO": 1.0, "TOTAL_VOTOS": 345.0, "GANADOR": "IVÁN CEPEDA CASTRO", "VOTOS_GANADOR": 164.0, "PCT_GANADOR": 47.5 }, "geometry": { "type": "Point", "coordinates": [ -74.11702178, 4.59077097 ] } },
{ "type": "Feature", "properties": { "LOCALIDAD": "Puente Aranda", "DIRECCION": "CRA 52 Bis # 19 - 53 / Cl 19A Sur # 52A - 51", "SITIO": "Salón Comunal Torremolinos I", "NOMBRE": "Salón Comunal Torremolinos I", "ABELARDO DE LA ESPRIELLA": 449.0, "CARLOS EDUARDO CAICEDO OMAR": 0.0, "CLAUDIA LÓPEZ": 24.0, "GUSTAVO MATAMOROS CAMACHO": 0.0, "IVÁN CEPEDA CASTRO": 411.0, "LUIS GILBERTO MURILLO URRUTIA": 0.0, "MIGUEL URIBE LONDOÑO": 1.0, "PALOMA VALENCIA LASERNA": 80.0, "RAÚL SANTIAGO BOTERO JARAMILLO": 10.0, "ROY LEONARDO BARRERAS MONTEALEGRE": 0.0, "SERGIO FAJARDO VALDERRAMA": 81.0, "SONDRA MACOLLINS GARVIN PINTO": 0.0, "ÓSCAR MAURICIO LIZCANO ARANGO": 1.0, "TOTAL_VOTOS": 1057.0, "GANADOR": "ABELARDO DE LA ESPRIELLA", "VOTOS_GANADOR": 449.0, "PCT_GANADOR": 42.5 }, "geometry": { "type": "Point", "coordinates": [ -74.12350126, 4.60868864 ] } },
{ "type": "Feature", "properties": { "LOCALIDAD": "Puente Aranda", "DIRECCION": "DIAG 2 # 57 - 39", "SITIO": "Salón Comunal José Antonio Galán", "NOMBRE": "Salón Comunal José Antonio Galán", "ABELARDO DE LA ESPRIELLA": 1292.0, "CARLOS EDUARDO CAICEDO OMAR": 1.0, "CLAUDIA LÓPEZ": 61.0, "GUSTAVO MATAMOROS CAMACHO": 1.0, "IVÁN CEPEDA CASTRO": 1283.0, "LUIS GILBERTO MURILLO URRUTIA": 2.0, "MIGUEL URIBE LONDOÑO": 3.0, "PALOMA VALENCIA LASERNA": 247.0, "RAÚL SANTIAGO BOTERO JARAMILLO": 20.0, "ROY LEONARDO BARRERAS MONTEALEGRE": 1.0, "SERGIO FAJARDO VALDERRAMA": 211.0, "SONDRA MACOLLINS GARVIN PINTO": 3.0, "ÓSCAR MAURICIO LIZCANO ARANGO": 3.0, "TOTAL_VOTOS": 3128.0, "GANADOR": "ABELARDO DE LA ESPRIELLA", "VOTOS_GANADOR": 1292.0, "PCT_GANADOR": 41.3 }, "geometry": { "type": "Point", "coordinates": [ -74.12330055, 4.61780966 ] } },
{ "type": "Feature", "properties": { "LOCALIDAD": "Puente Aranda", "DIRECCION": "CRA 53 B Bis # 4 C - 04", "SITIO": "Salón Comunal Rafael Eucaliptos", "NOMBRE": "Salón Comunal Rafael Eucaliptos", "ABELARDO DE LA ESPRIELLA": 301.0, "CARLOS EDUARDO CAICEDO OMAR": 0.0, "CLAUDIA LÓPEZ": 21.0, "GUSTAVO MATAMOROS CAMACHO": 1.0, "IVÁN CEPEDA CASTRO": 282.0, "LUIS GILBERTO MURILLO URRUTIA": 1.0, "MIGUEL URIBE LONDOÑO": 0.0, "PALOMA VALENCIA LASERNA": 37.0, "RAÚL SANTIAGO BOTERO JARAMILLO": 2.0, "ROY LEONARDO BARRERAS MONTEALEGRE": 0.0, "SERGIO FAJARDO VALDERRAMA": 40.0, "SONDRA MACOLLINS GARVIN PINTO": 0.0, "ÓSCAR MAURICIO LIZCANO ARANGO": 0.0, "TOTAL_VOTOS": 685.0, "GANADOR": "ABELARDO DE LA ESPRIELLA", "VOTOS_GANADOR": 301.0, "PCT_GANADOR": 43.9 }, "geometry": { "type": "Point", "coordinates": [ -74.11451811, 4.61952481 ] } },
{ "type": "Feature", "properties": { "LOCALIDAD": "Puente Aranda", "DIRECCION": "CRA 43 B # 4 - 26 /CRA 43 # 4 B - 72", "SITIO": "Salón Comunal Nueva Primavera", "NOMBRE": "Salón Comunal Nueva Primavera", "ABELARDO DE LA ESPRIELLA": 886.0, "CARLOS EDUARDO CAICEDO OMAR": 0.0, "CLAUDIA LÓPEZ": 51.0, "GUSTAVO MATAMOROS CAMACHO": 0.0, "IVÁN CEPEDA CASTRO": 875.0, "LUIS GILBERTO MURILLO URRUTIA": 1.0, "MIGUEL URIBE LONDOÑO": 0.0, "PALOMA VALENCIA LASERNA": 173.0, "RAÚL SANTIAGO BOTERO JARAMILLO": 11.0, "ROY LEONARDO BARRERAS MONTEALEGRE": 1.0, "SERGIO FAJARDO VALDERRAMA": 191.0, "SONDRA MACOLLINS GARVIN PINTO": 1.0, "ÓSCAR MAURICIO LIZCANO ARANGO": 1.0, "TOTAL_VOTOS": 2191.0, "GANADOR": "ABELARDO DE LA ESPRIELLA", "VOTOS_GANADOR": 886.0, "PCT_GANADOR": 40.4 }, "geometry": { "type": "Point", "coordinates": [ -74.11017335, 4.61783849 ] } },
{ "type": "Feature", "properties": { "LOCALIDAD": "Puente Aranda", "DIRECCION": "CRA 38 A # 1 D - 30", "SITIO": "Salón Comunal Villa Inés", "NOMBRE": "Salón Comunal Villa Inés", "ABELARDO DE LA ESPRIELLA": 562.0, "CARLOS EDUARDO CAICEDO OMAR": 0.0, "CLAUDIA LÓPEZ": 31.0, "GUSTAVO MATAMOROS CAMACHO": 0.0, "IVÁN CEPEDA CASTRO": 313.0, "LUIS GILBERTO MURILLO URRUTIA": 0.0, "MIGUEL URIBE LONDOÑO": 1.0, "PALOMA VALENCIA LASERNA": 99.0, "RAÚL SANTIAGO BOTERO JARAMILLO": 3.0, "ROY LEONARDO BARRERAS MONTEALEGRE": 0.0, "SERGIO FAJARDO VALDERRAMA": 96.0, "SONDRA MACOLLINS GARVIN PINTO": 1.0, "ÓSCAR MAURICIO LIZCANO ARANGO": 2.0, "TOTAL_VOTOS": 1108.0, "GANADOR": "ABELARDO DE LA ESPRIELLA", "VOTOS_GANADOR": 562.0, "PCT_GANADOR": 50.7 }, "geometry": { "type": "Point", "coordinates": [ -74.11175212, 4.60637107 ] } },
{ "type": "Feature", "properties": { "LOCALIDAD": "Puente Aranda", "DIRECCION": "CRA 35 # 1 C - 30", "SITIO": "Salón Comunal Bochica Central", "NOMBRE": "Salón Comunal Bochica Central", "ABELARDO DE LA ESPRIELLA": 542.0, "CARLOS EDUARDO CAICEDO OMAR": 0.0, "CLAUDIA LÓPEZ": 19.0, "GUSTAVO MATAMOROS CAMACHO": 0.0, "IVÁN CEPEDA CASTRO": 358.0, "LUIS GILBERTO MURILLO URRUTIA": 0.0, "MIGUEL URIBE LONDOÑO": 1.0, "PALOMA VALENCIA LASERNA": 73.0, "RAÚL SANTIAGO BOTERO JARAMILLO": 4.0, "ROY LEONARDO BARRERAS MONTEALEGRE": 1.0, "SERGIO FAJARDO VALDERRAMA": 104.0, "SONDRA MACOLLINS GARVIN PINTO": 1.0, "ÓSCAR MAURICIO LIZCANO ARANGO": 2.0, "TOTAL_VOTOS": 1105.0, "GANADOR": "ABELARDO DE LA ESPRIELLA", "VOTOS_GANADOR": 542.0, "PCT_GANADOR": 49.0 }, "geometry": { "type": "Point", "coordinates": [ -74.10840605, 4.60302803 ] } },
{ "type": "Feature", "properties": { "LOCALIDAD": "Rafael Uribe Uribe", "DIRECCION": "CRA 5 A Bis # 48N-48 Sur", "SITIO": "IDIPRON UPI Molinos", "NOMBRE": "IDIPRON UPI Molinos (Unidad de Prevención Infantil)", "ABELARDO DE LA ESPRIELLA": 413.0, "CARLOS EDUARDO CAICEDO OMAR": 2.0, "CLAUDIA LÓPEZ": 40.0, "GUSTAVO MATAMOROS CAMACHO": 0.0, "IVÁN CEPEDA CASTRO": 848.0, "LUIS GILBERTO MURILLO URRUTIA": 1.0, "MIGUEL URIBE LONDOÑO": 3.0, "PALOMA VALENCIA LASERNA": 81.0, "RAÚL SANTIAGO BOTERO JARAMILLO": 10.0, "ROY LEONARDO BARRERAS MONTEALEGRE": 0.0, "SERGIO FAJARDO VALDERRAMA": 92.0, "SONDRA MACOLLINS GARVIN PINTO": 2.0, "ÓSCAR MAURICIO LIZCANO ARANGO": 1.0, "TOTAL_VOTOS": 1493.0, "GANADOR": "IVÁN CEPEDA CASTRO", "VOTOS_GANADOR": 848.0, "PCT_GANADOR": 56.8 }, "geometry": { "type": "Point", "coordinates": [ -74.10886905, 4.55316819 ] } },
{ "type": "Feature", "properties": { "LOCALIDAD": "Rafael Uribe Uribe", "DIRECCION": "DIAG 48 J Sur # 9 - 14", "SITIO": "El Mirador", "NOMBRE": "Colegio Distrital Alfredo Iriarte Sede B", "ABELARDO DE LA ESPRIELLA": 157.0, "CARLOS EDUARDO CAICEDO OMAR": 0.0, "CLAUDIA LÓPEZ": 18.0, "GUSTAVO MATAMOROS CAMACHO": 0.0, "IVÁN CEPEDA CASTRO": 353.0, "LUIS GILBERTO MURILLO URRUTIA": 0.0, "MIGUEL URIBE LONDOÑO": 0.0, "PALOMA VALENCIA LASERNA": 33.0, "RAÚL SANTIAGO BOTERO JARAMILLO": 4.0, "ROY LEONARDO BARRERAS MONTEALEGRE": 1.0, "SERGIO FAJARDO VALDERRAMA": 37.0, "SONDRA MACOLLINS GARVIN PINTO": 0.0, "ÓSCAR MAURICIO LIZCANO ARANGO": 1.0, "TOTAL_VOTOS": 604.0, "GANADOR": "IVÁN CEPEDA CASTRO", "VOTOS_GANADOR": 353.0, "PCT_GANADOR": 58.4 }, "geometry": { "type": "Point", "coordinates": [ -74.11626097, 4.55966006 ] } },
{ "type": "Feature", "properties": { "LOCALIDAD": "Rafael Uribe Uribe", "DIRECCION": "CLL 48 X Sur # 2 - 13 Este", "SITIO": "Salón Comunal Diana T Sector Ayacucho", "NOMBRE": "Salón Comunal Diana T Sector Ayacucho", "ABELARDO DE LA ESPRIELLA": 81.0, "CARLOS EDUARDO CAICEDO OMAR": 0.0, "CLAUDIA LÓPEZ": 12.0, "GUSTAVO MATAMOROS CAMACHO": 0.0, "IVÁN CEPEDA CASTRO": 191.0, "LUIS GILBERTO MURILLO URRUTIA": 0.0, "MIGUEL URIBE LONDOÑO": 0.0, "PALOMA VALENCIA LASERNA": 14.0, "RAÚL SANTIAGO BOTERO JARAMILLO": 1.0, "ROY LEONARDO BARRERAS MONTEALEGRE": 0.0, "SERGIO FAJARDO VALDERRAMA": 18.0, "SONDRA MACOLLINS GARVIN PINTO": 0.0, "ÓSCAR MAURICIO LIZCANO ARANGO": 0.0, "TOTAL_VOTOS": 317.0, "GANADOR": "IVÁN CEPEDA CASTRO", "VOTOS_GANADOR": 191.0, "PCT_GANADOR": 60.3 }, "geometry": { "type": "Point", "coordinates": [ -74.10465479, 4.54369487 ] } },
{ "type": "Feature", "properties": { "LOCALIDAD": "Ciudad Bolívar", "DIRECCION": "CLL 59 Sur # 65 - 42", "SITIO": "Rogelio Salmona", "NOMBRE": "Colegio Distrital Rogelio Salmona", "ABELARDO DE LA ESPRIELLA": 1716.0, "CARLOS EDUARDO CAICEDO OMAR": 1.0, "CLAUDIA LÓPEZ": 118.0, "GUSTAVO MATAMOROS CAMACHO": 0.0, "IVÁN CEPEDA CASTRO": 2328.0, "LUIS GILBERTO MURILLO URRUTIA": 0.0, "MIGUEL URIBE LONDOÑO": 2.0, "PALOMA VALENCIA LASERNA": 350.0, "RAÚL SANTIAGO BOTERO JARAMILLO": 28.0, "ROY LEONARDO BARRERAS MONTEALEGRE": 1.0, "SERGIO FAJARDO VALDERRAMA": 440.0, "SONDRA MACOLLINS GARVIN PINTO": 3.0, "ÓSCAR MAURICIO LIZCANO ARANGO": 9.0, "TOTAL_VOTOS": 4996.0, "GANADOR": "IVÁN CEPEDA CASTRO", "VOTOS_GANADOR": 2328.0, "PCT_GANADOR": 46.6 }, "geometry": { "type": "Point", "coordinates": [ -74.15492848, 4.58734273 ] } },
{ "type": "Feature", "properties": { "LOCALIDAD": "Ciudad Bolívar", "DIRECCION": "TRV 49 # 59 C - 15 Sur", "SITIO": "Jardín Infantil Lara Bonilla", "NOMBRE": "Jardín Infantil Lara Bonilla", "ABELARDO DE LA ESPRIELLA": 252.0, "CARLOS EDUARDO CAICEDO OMAR": 0.0, "CLAUDIA LÓPEZ": 23.0, "GUSTAVO MATAMOROS CAMACHO": 0.0, "IVÁN CEPEDA CASTRO": 657.0, "LUIS GILBERTO MURILLO URRUTIA": 2.0, "MIGUEL URIBE LONDOÑO": 3.0, "PALOMA VALENCIA LASERNA": 64.0, "RAÚL SANTIAGO BOTERO JARAMILLO": 8.0, "ROY LEONARDO BARRERAS MONTEALEGRE": 1.0, "SERGIO FAJARDO VALDERRAMA": 57.0, "SONDRA MACOLLINS GARVIN PINTO": 1.0, "ÓSCAR MAURICIO LIZCANO ARANGO": 0.0, "TOTAL_VOTOS": 1068.0, "GANADOR": "IVÁN CEPEDA CASTRO", "VOTOS_GANADOR": 657.0, "PCT_GANADOR": 61.5 }, "geometry": { "type": "Point", "coordinates": [ -74.15479066, 4.57844477 ] } },
{ "type": "Feature", "properties": { "LOCALIDAD": "Sumapaz", "DIRECCION": "Centro Poblado Nueva Granada", "SITIO": "Nueva Granada", "NOMBRE": "Salón Comunal Nueva Granada", "ABELARDO DE LA ESPRIELLA": 2.0, "CARLOS EDUARDO CAICEDO OMAR": 0.0, "CLAUDIA LÓPEZ": 1.0, "GUSTAVO MATAMOROS CAMACHO": 0.0, "IVÁN CEPEDA CASTRO": 204.0, "LUIS GILBERTO MURILLO URRUTIA": 0.0, "MIGUEL URIBE LONDOÑO": 0.0, "PALOMA VALENCIA LASERNA": 0.0, "RAÚL SANTIAGO BOTERO JARAMILLO": 0.0, "ROY LEONARDO BARRERAS MONTEALEGRE": 0.0, "SERGIO FAJARDO VALDERRAMA": 0.0, "SONDRA MACOLLINS GARVIN PINTO": 0.0, "ÓSCAR MAURICIO LIZCANO ARANGO": 0.0, "TOTAL_VOTOS": 207.0, "GANADOR": "IVÁN CEPEDA CASTRO", "VOTOS_GANADOR": 204.0, "PCT_GANADOR": 98.6 }, "geometry": { "type": "Point", "coordinates": [ -74.358317, 3.89036724 ] } },
{ "type": "Feature", "properties": { "LOCALIDAD": "Suba", "DIRECCION": "CRA 58 # 167 - 20 / AV CRA 58 # 167 - 20", "SITIO": "Colegio Vista Bella", "NOMBRE": "Colegio Vista Bella", "ABELARDO DE LA ESPRIELLA": 2107.0, "CARLOS EDUARDO CAICEDO OMAR": 1.0, "CLAUDIA LÓPEZ": 102.0, "GUSTAVO MATAMOROS CAMACHO": 2.0, "IVÁN CEPEDA CASTRO": 1371.0, "LUIS GILBERTO MURILLO URRUTIA": 2.0, "MIGUEL URIBE LONDOÑO": 1.0, "PALOMA VALENCIA LASERNA": 490.0, "RAÚL SANTIAGO BOTERO JARAMILLO": 9.0, "ROY LEONARDO BARRERAS MONTEALEGRE": 1.0, "SERGIO FAJARDO VALDERRAMA": 456.0, "SONDRA MACOLLINS GARVIN PINTO": 1.0, "ÓSCAR MAURICIO LIZCANO ARANGO": 6.0, "TOTAL_VOTOS": 4549.0, "GANADOR": "ABELARDO DE LA ESPRIELLA", "VOTOS_GANADOR": 2107.0, "PCT_GANADOR": 46.3 }, "geometry": { "type": "Point", "coordinates": [ -74.05878126, 4.75009916 ] } },
{ "type": "Feature", "properties": { "LOCALIDAD": "Suba", "DIRECCION": "CLL 187 # 49 - 42", "SITIO": "Mirandela - Nueva Zelandia", "NOMBRE": "Colegio Nueva Zelandia Sede B", "ABELARDO DE LA ESPRIELLA": 2848.0, "CARLOS EDUARDO CAICEDO OMAR": 1.0, "CLAUDIA LÓPEZ": 126.0, "GUSTAVO MATAMOROS CAMACHO": 0.0, "IVÁN CEPEDA CASTRO": 1679.0, "LUIS GILBERTO MURILLO URRUTIA": 4.0, "MIGUEL URIBE LONDOÑO": 4.0, "PALOMA VALENCIA LASERNA": 696.0, "RAÚL SANTIAGO BOTERO JARAMILLO": 17.0, "ROY LEONARDO BARRERAS MONTEALEGRE": 1.0, "SERGIO FAJARDO VALDERRAMA": 693.0, "SONDRA MACOLLINS GARVIN PINTO": 5.0, "ÓSCAR MAURICIO LIZCANO ARANGO": 7.0, "TOTAL_VOTOS": 6081.0, "GANADOR": "ABELARDO DE LA ESPRIELLA", "VOTOS_GANADOR": 2848.0, "PCT_GANADOR": 46.8 }, "geometry": { "type": "Point", "coordinates": [ -74.04692983, 4.76552213 ] } },
{ "type": "Feature", "properties": { "LOCALIDAD": "Suba", "DIRECCION": "CLL 185 # 45 - 03", "SITIO": "Centro Comercial Santafé", "NOMBRE": "Centro Comercial Santafé", "ABELARDO DE LA ESPRIELLA": 6121.0, "CARLOS EDUARDO CAICEDO OMAR": 3.0, "CLAUDIA LÓPEZ": 224.0, "GUSTAVO MATAMOROS CAMACHO": 0.0, "IVÁN CEPEDA CASTRO": 3265.0, "LUIS GILBERTO MURILLO URRUTIA": 2.0, "MIGUEL URIBE LONDOÑO": 5.0, "PALOMA VALENCIA LASERNA": 1420.0, "RAÚL SANTIAGO BOTERO JARAMILLO": 36.0, "ROY LEONARDO BARRERAS MONTEALEGRE": 1.0, "SERGIO FAJARDO VALDERRAMA": 1380.0, "SONDRA MACOLLINS GARVIN PINTO": 6.0, "ÓSCAR MAURICIO LIZCANO ARANGO": 14.0, "TOTAL_VOTOS": 12477.0, "GANADOR": "ABELARDO DE LA ESPRIELLA", "VOTOS_GANADOR": 6121.0, "PCT_GANADOR": 49.1 }, "geometry": { "type": "Point", "coordinates": [ -74.04545499, 4.76321953 ] } },
{ "type": "Feature", "properties": { "LOCALIDAD": "Barrios Unidos", "DIRECCION": "TRV 55 # 98 A - 66", "SITIO": "ISERRA 100", "NOMBRE": "Centro Comercial ISERRA 100", "ABELARDO DE LA ESPRIELLA": 2258.0, "CARLOS EDUARDO CAICEDO OMAR": 1.0, "CLAUDIA LÓPEZ": 84.0, "GUSTAVO MATAMOROS CAMACHO": 0.0, "IVÁN CEPEDA CASTRO": 928.0, "LUIS GILBERTO MURILLO URRUTIA": 0.0, "MIGUEL URIBE LONDOÑO": 4.0, "PALOMA VALENCIA LASERNA": 540.0, "RAÚL SANTIAGO BOTERO JARAMILLO": 10.0, "ROY LEONARDO BARRERAS MONTEALEGRE": 1.0, "SERGIO FAJARDO VALDERRAMA": 404.0, "SONDRA MACOLLINS GARVIN PINTO": 3.0, "ÓSCAR MAURICIO LIZCANO ARANGO": 2.0, "TOTAL_VOTOS": 4235.0, "GANADOR": "ABELARDO DE LA ESPRIELLA", "VOTOS_GANADOR": 2258.0, "PCT_GANADOR": 53.3 }, "geometry": { "type": "Point", "coordinates": [ -74.06459722, 4.68782072 ] } },
{ "type": "Feature", "properties": { "LOCALIDAD": "Barrios Unidos", "DIRECCION": "CLL 66 A # 43 - 25 / CLL 66 A # 56 - 25 ", "SITIO": "San Miguel", "NOMBRE": "Colegio Distrital Jorge Eliecer Gaitán - Sede A", "ABELARDO DE LA ESPRIELLA": 796.0, "CARLOS EDUARDO CAICEDO OMAR": 0.0, "CLAUDIA LÓPEZ": 58.0, "GUSTAVO MATAMOROS CAMACHO": 0.0, "IVÁN CEPEDA CASTRO": 658.0, "LUIS GILBERTO MURILLO URRUTIA": 2.0, "MIGUEL URIBE LONDOÑO": 1.0, "PALOMA VALENCIA LASERNA": 227.0, "RAÚL SANTIAGO BOTERO JARAMILLO": 4.0, "ROY LEONARDO BARRERAS MONTEALEGRE": 0.0, "SERGIO FAJARDO VALDERRAMA": 242.0, "SONDRA MACOLLINS GARVIN PINTO": 2.0, "ÓSCAR MAURICIO LIZCANO ARANGO": 0.0, "TOTAL_VOTOS": 1990.0, "GANADOR": "ABELARDO DE LA ESPRIELLA", "VOTOS_GANADOR": 796.0, "PCT_GANADOR": 40.0 }, "geometry": { "type": "Point", "coordinates": [ -74.08108761, 4.66505763 ] } },
{ "type": "Feature", "properties": { "LOCALIDAD": "Barrios Unidos", "DIRECCION": "CRA 60 # 63 A - 52/AV CRA 60 # 63 - 64", "SITIO": "Plaza de Los Artesanos", "NOMBRE": "Plaza de Los Artesanos", "ABELARDO DE LA ESPRIELLA": 1102.0, "CARLOS EDUARDO CAICEDO OMAR": 0.0, "CLAUDIA LÓPEZ": 70.0, "GUSTAVO MATAMOROS CAMACHO": 0.0, "IVÁN CEPEDA CASTRO": 858.0, "LUIS GILBERTO MURILLO URRUTIA": 1.0, "MIGUEL URIBE LONDOÑO": 0.0, "PALOMA VALENCIA LASERNA": 333.0, "RAÚL SANTIAGO BOTERO JARAMILLO": 3.0, "ROY LEONARDO BARRERAS MONTEALEGRE": 0.0, "SERGIO FAJARDO VALDERRAMA": 369.0, "SONDRA MACOLLINS GARVIN PINTO": 0.0, "ÓSCAR MAURICIO LIZCANO ARANGO": 3.0, "TOTAL_VOTOS": 2739.0, "GANADOR": "ABELARDO DE LA ESPRIELLA", "VOTOS_GANADOR": 1102.0, "PCT_GANADOR": 40.2 }, "geometry": { "type": "Point", "coordinates": [ -74.08583787, 4.66419499 ] } },
{ "type": "Feature", "properties": { "LOCALIDAD": "Barrios Unidos", "DIRECCION": "AV CRA 68 # 96 - 50 /AV CRA 68 # 90 - 88", "SITIO": "CAFAM AV 68", "NOMBRE": "Centro Comercial CAFAM Floresta", "ABELARDO DE LA ESPRIELLA": 4352.0, "CARLOS EDUARDO CAICEDO OMAR": 1.0, "CLAUDIA LÓPEZ": 183.0, "GUSTAVO MATAMOROS CAMACHO": 0.0, "IVÁN CEPEDA CASTRO": 2555.0, "LUIS GILBERTO MURILLO URRUTIA": 0.0, "MIGUEL URIBE LONDOÑO": 3.0, "PALOMA VALENCIA LASERNA": 1092.0, "RAÚL SANTIAGO BOTERO JARAMILLO": 15.0, "ROY LEONARDO BARRERAS MONTEALEGRE": 4.0, "SERGIO FAJARDO VALDERRAMA": 1067.0, "SONDRA MACOLLINS GARVIN PINTO": 6.0, "ÓSCAR MAURICIO LIZCANO ARANGO": 10.0, "TOTAL_VOTOS": 9288.0, "GANADOR": "ABELARDO DE LA ESPRIELLA", "VOTOS_GANADOR": 4352.0, "PCT_GANADOR": 46.9 }, "geometry": { "type": "Point", "coordinates": [ -74.07401912, 4.68727792 ] } },
{ "type": "Feature", "properties": { "LOCALIDAD": "Teusaquillo", "DIRECCION": "CLL 62 # 27 A - 12", "SITIO": "Colegio del Pilar", "NOMBRE": "Colegio Nuestra Señora del Pilar", "ABELARDO DE LA ESPRIELLA": 1269.0, "CARLOS EDUARDO CAICEDO OMAR": 0.0, "CLAUDIA LÓPEZ": 62.0, "GUSTAVO MATAMOROS CAMACHO": 0.0, "IVÁN CEPEDA CASTRO": 1128.0, "LUIS GILBERTO MURILLO URRUTIA": 0.0, "MIGUEL URIBE LONDOÑO": 2.0, "PALOMA VALENCIA LASERNA": 342.0, "RAÚL SANTIAGO BOTERO JARAMILLO": 8.0, "ROY LEONARDO BARRERAS MONTEALEGRE": 2.0, "SERGIO FAJARDO VALDERRAMA": 287.0, "SONDRA MACOLLINS GARVIN PINTO": 3.0, "ÓSCAR MAURICIO LIZCANO ARANGO": 6.0, "TOTAL_VOTOS": 3109.0, "GANADOR": "ABELARDO DE LA ESPRIELLA", "VOTOS_GANADOR": 1269.0, "PCT_GANADOR": 40.8 }, "geometry": { "type": "Point", "coordinates": [ -74.07527644, 4.65073523 ] } },
{ "type": "Feature", "properties": { "LOCALIDAD": "Teusaquillo", "DIRECCION": "CRA 19 # 48 - 32", "SITIO": "Universidad ECCI - Sede G", "NOMBRE": "Universidad ECCI - Sede G", "ABELARDO DE LA ESPRIELLA": 623.0, "CARLOS EDUARDO CAICEDO OMAR": 0.0, "CLAUDIA LÓPEZ": 66.0, "GUSTAVO MATAMOROS CAMACHO": 0.0, "IVÁN CEPEDA CASTRO": 1293.0, "LUIS GILBERTO MURILLO URRUTIA": 3.0, "MIGUEL URIBE LONDOÑO": 0.0, "PALOMA VALENCIA LASERNA": 196.0, "RAÚL SANTIAGO BOTERO JARAMILLO": 9.0, "ROY LEONARDO BARRERAS MONTEALEGRE": 0.0, "SERGIO FAJARDO VALDERRAMA": 218.0, "SONDRA MACOLLINS GARVIN PINTO": 0.0, "ÓSCAR MAURICIO LIZCANO ARANGO": 4.0, "TOTAL_VOTOS": 2412.0, "GANADOR": "IVÁN CEPEDA CASTRO", "VOTOS_GANADOR": 1293.0, "PCT_GANADOR": 53.6 }, "geometry": { "type": "Point", "coordinates": [ -74.07135073, 4.63679985 ] } },
{ "type": "Feature", "properties": { "LOCALIDAD": "Teusaquillo", "DIRECCION": "AV CRA 28 # 35 - 35", "SITIO": "Colegio Santa Clara", "NOMBRE": "Colegio Santa Clara", "ABELARDO DE LA ESPRIELLA": 799.0, "CARLOS EDUARDO CAICEDO OMAR": 0.0, "CLAUDIA LÓPEZ": 65.0, "GUSTAVO MATAMOROS CAMACHO": 1.0, "IVÁN CEPEDA CASTRO": 1441.0, "LUIS GILBERTO MURILLO URRUTIA": 4.0, "MIGUEL URIBE LONDOÑO": 4.0, "PALOMA VALENCIA LASERNA": 263.0, "RAÚL SANTIAGO BOTERO JARAMILLO": 6.0, "ROY LEONARDO BARRERAS MONTEALEGRE": 1.0, "SERGIO FAJARDO VALDERRAMA": 307.0, "SONDRA MACOLLINS GARVIN PINTO": 1.0, "ÓSCAR MAURICIO LIZCANO ARANGO": 3.0, "TOTAL_VOTOS": 2895.0, "GANADOR": "IVÁN CEPEDA CASTRO", "VOTOS_GANADOR": 1441.0, "PCT_GANADOR": 49.8 }, "geometry": { "type": "Point", "coordinates": [ -74.07672482, 4.624981 ] } },
{ "type": "Feature", "properties": { "LOCALIDAD": "Sumapaz", "DIRECCION": "Centro Poblado Corregimiento de Santa Rosa", "SITIO": "La YE Santa Rosa", "NOMBRE": "Colegio Campestre Jaime Garzón Sede Santa Rosa", "ABELARDO DE LA ESPRIELLA": 52.0, "CARLOS EDUARDO CAICEDO OMAR": 0.0, "CLAUDIA LÓPEZ": 1.0, "GUSTAVO MATAMOROS CAMACHO": 0.0, "IVÁN CEPEDA CASTRO": 182.0, "LUIS GILBERTO MURILLO URRUTIA": 0.0, "MIGUEL URIBE LONDOÑO": 0.0, "PALOMA VALENCIA LASERNA": 19.0, "RAÚL SANTIAGO BOTERO JARAMILLO": 1.0, "ROY LEONARDO BARRERAS MONTEALEGRE": 0.0, "SERGIO FAJARDO VALDERRAMA": 8.0, "SONDRA MACOLLINS GARVIN PINTO": 0.0, "ÓSCAR MAURICIO LIZCANO ARANGO": 0.0, "TOTAL_VOTOS": 263.0, "GANADOR": "IVÁN CEPEDA CASTRO", "VOTOS_GANADOR": 182.0, "PCT_GANADOR": 69.2 }, "geometry": { "type": "Point", "coordinates": [ -74.1715042, 4.17067321 ] } },
{ "type": "Feature", "properties": { "LOCALIDAD": "Usaquén", "DIRECCION": "CRA 7 # 152 - 54", "SITIO": "Centro Comercial Belaire Plaza", "NOMBRE": "Centro Comercial Belaire Plaza", "ABELARDO DE LA ESPRIELLA": 1849.0, "CARLOS EDUARDO CAICEDO OMAR": 0.0, "CLAUDIA LÓPEZ": 68.0, "GUSTAVO MATAMOROS CAMACHO": 1.0, "IVÁN CEPEDA CASTRO": 905.0, "LUIS GILBERTO MURILLO URRUTIA": 1.0, "MIGUEL URIBE LONDOÑO": 0.0, "PALOMA VALENCIA LASERNA": 479.0, "RAÚL SANTIAGO BOTERO JARAMILLO": 7.0, "ROY LEONARDO BARRERAS MONTEALEGRE": 1.0, "SERGIO FAJARDO VALDERRAMA": 404.0, "SONDRA MACOLLINS GARVIN PINTO": 2.0, "ÓSCAR MAURICIO LIZCANO ARANGO": 2.0, "TOTAL_VOTOS": 3719.0, "GANADOR": "ABELARDO DE LA ESPRIELLA", "VOTOS_GANADOR": 1849.0, "PCT_GANADOR": 49.7 }, "geometry": { "type": "Point", "coordinates": [ -74.0244567, 4.72691406 ] } },
{ "type": "Feature", "properties": { "LOCALIDAD": "Usaquén", "DIRECCION": "CRA 7 # 138 - 33", "SITIO": "Centro Comercial Palatino", "NOMBRE": "Centro Comercial Palatino", "ABELARDO DE LA ESPRIELLA": 3822.0, "CARLOS EDUARDO CAICEDO OMAR": 0.0, "CLAUDIA LÓPEZ": 77.0, "GUSTAVO MATAMOROS CAMACHO": 0.0, "IVÁN CEPEDA CASTRO": 921.0, "LUIS GILBERTO MURILLO URRUTIA": 0.0, "MIGUEL URIBE LONDOÑO": 2.0, "PALOMA VALENCIA LASERNA": 1157.0, "RAÚL SANTIAGO BOTERO JARAMILLO": 6.0, "ROY LEONARDO BARRERAS MONTEALEGRE": 1.0, "SERGIO FAJARDO VALDERRAMA": 694.0, "SONDRA MACOLLINS GARVIN PINTO": 0.0, "ÓSCAR MAURICIO LIZCANO ARANGO": 4.0, "TOTAL_VOTOS": 6684.0, "GANADOR": "ABELARDO DE LA ESPRIELLA", "VOTOS_GANADOR": 3822.0, "PCT_GANADOR": 57.2 }, "geometry": { "type": "Point", "coordinates": [ -74.02903811, 4.71529894 ] } },
{ "type": "Feature", "properties": { "LOCALIDAD": "Usaquén", "DIRECCION": "CLL 130 # 1 – 10 Este", "SITIO": "Fundación Ana Restrepo del Corral", "NOMBRE": "Fundación Ana Restrepo del Corral", "ABELARDO DE LA ESPRIELLA": 348.0, "CARLOS EDUARDO CAICEDO OMAR": 0.0, "CLAUDIA LÓPEZ": 15.0, "GUSTAVO MATAMOROS CAMACHO": 0.0, "IVÁN CEPEDA CASTRO": 270.0, "LUIS GILBERTO MURILLO URRUTIA": 0.0, "MIGUEL URIBE LONDOÑO": 2.0, "PALOMA VALENCIA LASERNA": 94.0, "RAÚL SANTIAGO BOTERO JARAMILLO": 12.0, "ROY LEONARDO BARRERAS MONTEALEGRE": 1.0, "SERGIO FAJARDO VALDERRAMA": 61.0, "SONDRA MACOLLINS GARVIN PINTO": 0.0, "ÓSCAR MAURICIO LIZCANO ARANGO": 0.0, "TOTAL_VOTOS": 803.0, "GANADOR": "ABELARDO DE LA ESPRIELLA", "VOTOS_GANADOR": 348.0, "PCT_GANADOR": 43.3 }, "geometry": { "type": "Point", "coordinates": [ -74.02224768, 4.70502253 ] } },
{ "type": "Feature", "properties": { "LOCALIDAD": "Chapinero", "DIRECCION": "CRA 8 # 83 - 29 /CRA 8 # 84A - 37", "SITIO": "Colegio Liceo de Cervantes El Retiro", "NOMBRE": "Colegio Liceo de Cervantes El Retiro", "ABELARDO DE LA ESPRIELLA": 2194.0, "CARLOS EDUARDO CAICEDO OMAR": 0.0, "CLAUDIA LÓPEZ": 43.0, "GUSTAVO MATAMOROS CAMACHO": 1.0, "IVÁN CEPEDA CASTRO": 263.0, "LUIS GILBERTO MURILLO URRUTIA": 0.0, "MIGUEL URIBE LONDOÑO": 3.0, "PALOMA VALENCIA LASERNA": 1268.0, "RAÚL SANTIAGO BOTERO JARAMILLO": 0.0, "ROY LEONARDO BARRERAS MONTEALEGRE": 2.0, "SERGIO FAJARDO VALDERRAMA": 270.0, "SONDRA MACOLLINS GARVIN PINTO": 0.0, "ÓSCAR MAURICIO LIZCANO ARANGO": 3.0, "TOTAL_VOTOS": 4047.0, "GANADOR": "ABELARDO DE LA ESPRIELLA", "VOTOS_GANADOR": 2194.0, "PCT_GANADOR": 54.2 }, "geometry": { "type": "Point", "coordinates": [ -74.04943288, 4.6645759 ] } },
{ "type": "Feature", "properties": { "LOCALIDAD": "Chapinero", "DIRECCION": "CLL 68 # 0 - 51 Este /CLL 68 # 1 - 51 Este", "SITIO": "Colegio del Rosario de Santo Domingo", "NOMBRE": "Colegio del Rosario de Santo Domingo", "ABELARDO DE LA ESPRIELLA": 560.0, "CARLOS EDUARDO CAICEDO OMAR": 0.0, "CLAUDIA LÓPEZ": 15.0, "GUSTAVO MATAMOROS CAMACHO": 1.0, "IVÁN CEPEDA CASTRO": 188.0, "LUIS GILBERTO MURILLO URRUTIA": 0.0, "MIGUEL URIBE LONDOÑO": 0.0, "PALOMA VALENCIA LASERNA": 257.0, "RAÚL SANTIAGO BOTERO JARAMILLO": 0.0, "ROY LEONARDO BARRERAS MONTEALEGRE": 2.0, "SERGIO FAJARDO VALDERRAMA": 96.0, "SONDRA MACOLLINS GARVIN PINTO": 1.0, "ÓSCAR MAURICIO LIZCANO ARANGO": 0.0, "TOTAL_VOTOS": 1120.0, "GANADOR": "ABELARDO DE LA ESPRIELLA", "VOTOS_GANADOR": 560.0, "PCT_GANADOR": 50.0 }, "geometry": { "type": "Point", "coordinates": [ -74.05235527, 4.64758397 ] } },
{ "type": "Feature", "properties": { "LOCALIDAD": "Chapinero", "DIRECCION": "CRA 16 # 90 - 06", "SITIO": "Parqueadero Chicó CLL 90", "NOMBRE": "Parqueadero Chicó CLL 90", "ABELARDO DE LA ESPRIELLA": 860.0, "CARLOS EDUARDO CAICEDO OMAR": 0.0, "CLAUDIA LÓPEZ": 21.0, "GUSTAVO MATAMOROS CAMACHO": 0.0, "IVÁN CEPEDA CASTRO": 158.0, "LUIS GILBERTO MURILLO URRUTIA": 0.0, "MIGUEL URIBE LONDOÑO": 0.0, "PALOMA VALENCIA LASERNA": 428.0, "RAÚL SANTIAGO BOTERO JARAMILLO": 1.0, "ROY LEONARDO BARRERAS MONTEALEGRE": 0.0, "SERGIO FAJARDO VALDERRAMA": 125.0, "SONDRA MACOLLINS GARVIN PINTO": 1.0, "ÓSCAR MAURICIO LIZCANO ARANGO": 0.0, "TOTAL_VOTOS": 1594.0, "GANADOR": "ABELARDO DE LA ESPRIELLA", "VOTOS_GANADOR": 860.0, "PCT_GANADOR": 54.0 }, "geometry": { "type": "Point", "coordinates": [ -74.05370365, 4.6749252 ] } },
{ "type": "Feature", "properties": { "LOCALIDAD": "Santa Fe", "DIRECCION": "CRA 7 # 32 - 84 / CLL 33 # 6B - 95", "SITIO": "Centro Comercial San Martín", "NOMBRE": "Centro Comercial San Martín", "ABELARDO DE LA ESPRIELLA": 755.0, "CARLOS EDUARDO CAICEDO OMAR": 0.0, "CLAUDIA LÓPEZ": 75.0, "GUSTAVO MATAMOROS CAMACHO": 1.0, "IVÁN CEPEDA CASTRO": 1368.0, "LUIS GILBERTO MURILLO URRUTIA": 0.0, "MIGUEL URIBE LONDOÑO": 0.0, "PALOMA VALENCIA LASERNA": 386.0, "RAÚL SANTIAGO BOTERO JARAMILLO": 4.0, "ROY LEONARDO BARRERAS MONTEALEGRE": 3.0, "SERGIO FAJARDO VALDERRAMA": 270.0, "SONDRA MACOLLINS GARVIN PINTO": 0.0, "ÓSCAR MAURICIO LIZCANO ARANGO": 3.0, "TOTAL_VOTOS": 2865.0, "GANADOR": "IVÁN CEPEDA CASTRO", "VOTOS_GANADOR": 1368.0, "PCT_GANADOR": 47.7 }, "geometry": { "type": "Point", "coordinates": [ -74.0676718, 4.61965599 ] } },
{ "type": "Feature", "properties": { "LOCALIDAD": "Santa Fe", "DIRECCION": "CRA 7 # 16 -75 Sede Iberia", "SITIO": "Universidad Antonio Nariño Santa Fé", "NOMBRE": "Universidad Antonio Nariño", "ABELARDO DE LA ESPRIELLA": 291.0, "CARLOS EDUARDO CAICEDO OMAR": 0.0, "CLAUDIA LÓPEZ": 19.0, "GUSTAVO MATAMOROS CAMACHO": 0.0, "IVÁN CEPEDA CASTRO": 532.0, "LUIS GILBERTO MURILLO URRUTIA": 0.0, "MIGUEL URIBE LONDOÑO": 0.0, "PALOMA VALENCIA LASERNA": 86.0, "RAÚL SANTIAGO BOTERO JARAMILLO": 3.0, "ROY LEONARDO BARRERAS MONTEALEGRE": 0.0, "SERGIO FAJARDO VALDERRAMA": 76.0, "SONDRA MACOLLINS GARVIN PINTO": 0.0, "ÓSCAR MAURICIO LIZCANO ARANGO": 1.0, "TOTAL_VOTOS": 1008.0, "GANADOR": "IVÁN CEPEDA CASTRO", "VOTOS_GANADOR": 532.0, "PCT_GANADOR": 52.8 }, "geometry": { "type": "Point", "coordinates": [ -74.07257023, 4.60325102 ] } },
{ "type": "Feature", "properties": { "LOCALIDAD": "Santa Fe", "DIRECCION": "CRA 5 # 21 - 38", "SITIO": "Universidad Central", "NOMBRE": "Universidad Central", "ABELARDO DE LA ESPRIELLA": 752.0, "CARLOS EDUARDO CAICEDO OMAR": 1.0, "CLAUDIA LÓPEZ": 49.0, "GUSTAVO MATAMOROS CAMACHO": 0.0, "IVÁN CEPEDA CASTRO": 1494.0, "LUIS GILBERTO MURILLO URRUTIA": 1.0, "MIGUEL URIBE LONDOÑO": 0.0, "PALOMA VALENCIA LASERNA": 229.0, "RAÚL SANTIAGO BOTERO JARAMILLO": 12.0, "ROY LEONARDO BARRERAS MONTEALEGRE": 1.0, "SERGIO FAJARDO VALDERRAMA": 271.0, "SONDRA MACOLLINS GARVIN PINTO": 3.0, "ÓSCAR MAURICIO LIZCANO ARANGO": 2.0, "TOTAL_VOTOS": 2815.0, "GANADOR": "IVÁN CEPEDA CASTRO", "VOTOS_GANADOR": 1494.0, "PCT_GANADOR": 53.1 }, "geometry": { "type": "Point", "coordinates": [ -74.06934482, 4.60637405 ] } },
{ "type": "Feature", "properties": { "LOCALIDAD": "San Cristóbal", "DIRECCION": "CLL 6 B Bis Sur # 5 - 29 Este", "SITIO": "Salón Comunal La Roca", "NOMBRE": "Salón Comunal La Roca", "ABELARDO DE LA ESPRIELLA": 259.0, "CARLOS EDUARDO CAICEDO OMAR": 0.0, "CLAUDIA LÓPEZ": 39.0, "GUSTAVO MATAMOROS CAMACHO": 0.0, "IVÁN CEPEDA CASTRO": 724.0, "LUIS GILBERTO MURILLO URRUTIA": 1.0, "MIGUEL URIBE LONDOÑO": 1.0, "PALOMA VALENCIA LASERNA": 52.0, "RAÚL SANTIAGO BOTERO JARAMILLO": 4.0, "ROY LEONARDO BARRERAS MONTEALEGRE": 0.0, "SERGIO FAJARDO VALDERRAMA": 57.0, "SONDRA MACOLLINS GARVIN PINTO": 0.0, "ÓSCAR MAURICIO LIZCANO ARANGO": 2.0, "TOTAL_VOTOS": 1139.0, "GANADOR": "IVÁN CEPEDA CASTRO", "VOTOS_GANADOR": 724.0, "PCT_GANADOR": 63.6 }, "geometry": { "type": "Point", "coordinates": [ -74.07772638, 4.57792443 ] } },
{ "type": "Feature", "properties": { "LOCALIDAD": "San Cristóbal", "DIRECCION": "CRA 10 D Este # 17 B - 46 Sur", "SITIO": "Las Mercedes II", "NOMBRE": "Colegio Distrital San Cristóbal Sur - Sede A", "ABELARDO DE LA ESPRIELLA": 440.0, "CARLOS EDUARDO CAICEDO OMAR": 1.0, "CLAUDIA LÓPEZ": 34.0, "GUSTAVO MATAMOROS CAMACHO": 0.0, "IVÁN CEPEDA CASTRO": 1030.0, "LUIS GILBERTO MURILLO URRUTIA": 1.0, "MIGUEL URIBE LONDOÑO": 0.0, "PALOMA VALENCIA LASERNA": 117.0, "RAÚL SANTIAGO BOTERO JARAMILLO": 14.0, "ROY LEONARDO BARRERAS MONTEALEGRE": 0.0, "SERGIO FAJARDO VALDERRAMA": 85.0, "SONDRA MACOLLINS GARVIN PINTO": 2.0, "ÓSCAR MAURICIO LIZCANO ARANGO": 5.0, "TOTAL_VOTOS": 1729.0, "GANADOR": "IVÁN CEPEDA CASTRO", "VOTOS_GANADOR": 1030.0, "PCT_GANADOR": 59.6 }, "geometry": { "type": "Point", "coordinates": [ -74.07942862, 4.56965907 ] } },
{ "type": "Feature", "properties": { "LOCALIDAD": "San Cristóbal", "DIRECCION": "CLL 28 Sur # 1 A - 37 Este", "SITIO": "Montebello Sede B", "NOMBRE": "Colegio Distrital Montebello Sede B", "ABELARDO DE LA ESPRIELLA": 474.0, "CARLOS EDUARDO CAICEDO OMAR": 1.0, "CLAUDIA LÓPEZ": 46.0, "GUSTAVO MATAMOROS CAMACHO": 0.0, "IVÁN CEPEDA CASTRO": 1123.0, "LUIS GILBERTO MURILLO URRUTIA": 2.0, "MIGUEL URIBE LONDOÑO": 5.0, "PALOMA VALENCIA LASERNA": 97.0, "RAÚL SANTIAGO BOTERO JARAMILLO": 14.0, "ROY LEONARDO BARRERAS MONTEALEGRE": 0.0, "SERGIO FAJARDO VALDERRAMA": 90.0, "SONDRA MACOLLINS GARVIN PINTO": 0.0, "ÓSCAR MAURICIO LIZCANO ARANGO": 5.0, "TOTAL_VOTOS": 1857.0, "GANADOR": "IVÁN CEPEDA CASTRO", "VOTOS_GANADOR": 1123.0, "PCT_GANADOR": 60.5 }, "geometry": { "type": "Point", "coordinates": [ -74.08962597, 4.56375725 ] } },
{ "type": "Feature", "properties": { "LOCALIDAD": "San Cristóbal", "DIRECCION": "CLL 40 A Sur # 2 - 56 Este", "SITIO": "El Rodeo Sede A", "NOMBRE": "Colegio Distrital El Rodeo Sede A", "ABELARDO DE LA ESPRIELLA": 223.0, "CARLOS EDUARDO CAICEDO OMAR": 0.0, "CLAUDIA LÓPEZ": 26.0, "GUSTAVO MATAMOROS CAMACHO": 0.0, "IVÁN CEPEDA CASTRO": 642.0, "LUIS GILBERTO MURILLO URRUTIA": 2.0, "MIGUEL URIBE LONDOÑO": 0.0, "PALOMA VALENCIA LASERNA": 49.0, "RAÚL SANTIAGO BOTERO JARAMILLO": 11.0, "ROY LEONARDO BARRERAS MONTEALEGRE": 0.0, "SERGIO FAJARDO VALDERRAMA": 36.0, "SONDRA MACOLLINS GARVIN PINTO": 1.0, "ÓSCAR MAURICIO LIZCANO ARANGO": 2.0, "TOTAL_VOTOS": 992.0, "GANADOR": "IVÁN CEPEDA CASTRO", "VOTOS_GANADOR": 642.0, "PCT_GANADOR": 64.7 }, "geometry": { "type": "Point", "coordinates": [ -74.09524106, 4.55132533 ] } },
{ "type": "Feature", "properties": { "LOCALIDAD": "San Cristóbal", "DIRECCION": "CRA 16 A Este # 42 C - 80 Sur", "SITIO": "Moralba", "NOMBRE": "Colegio Distrital Moralba Sede A", "ABELARDO DE LA ESPRIELLA": 193.0, "CARLOS EDUARDO CAICEDO OMAR": 1.0, "CLAUDIA LÓPEZ": 28.0, "GUSTAVO MATAMOROS CAMACHO": 1.0, "IVÁN CEPEDA CASTRO": 680.0, "LUIS GILBERTO MURILLO URRUTIA": 4.0, "MIGUEL URIBE LONDOÑO": 0.0, "PALOMA VALENCIA LASERNA": 37.0, "RAÚL SANTIAGO BOTERO JARAMILLO": 9.0, "ROY LEONARDO BARRERAS MONTEALEGRE": 2.0, "SERGIO FAJARDO VALDERRAMA": 44.0, "SONDRA MACOLLINS GARVIN PINTO": 2.0, "ÓSCAR MAURICIO LIZCANO ARANGO": 1.0, "TOTAL_VOTOS": 1002.0, "GANADOR": "IVÁN CEPEDA CASTRO", "VOTOS_GANADOR": 680.0, "PCT_GANADOR": 67.9 }, "geometry": { "type": "Point", "coordinates": [ -74.08128968, 4.54302155 ] } },
{ "type": "Feature", "properties": { "LOCALIDAD": "San Cristóbal", "DIRECCION": "CLL 62 A Sur # 14 I - 33 Este", "SITIO": "Nueva Delhi", "NOMBRE": "Colegio Distrital Nueva Delhi", "ABELARDO DE LA ESPRIELLA": 256.0, "CARLOS EDUARDO CAICEDO OMAR": 0.0, "CLAUDIA LÓPEZ": 24.0, "GUSTAVO MATAMOROS CAMACHO": 1.0, "IVÁN CEPEDA CASTRO": 733.0, "LUIS GILBERTO MURILLO URRUTIA": 1.0, "MIGUEL URIBE LONDOÑO": 1.0, "PALOMA VALENCIA LASERNA": 46.0, "RAÚL SANTIAGO BOTERO JARAMILLO": 8.0, "ROY LEONARDO BARRERAS MONTEALEGRE": 0.0, "SERGIO FAJARDO VALDERRAMA": 48.0, "SONDRA MACOLLINS GARVIN PINTO": 0.0, "ÓSCAR MAURICIO LIZCANO ARANGO": 2.0, "TOTAL_VOTOS": 1120.0, "GANADOR": "IVÁN CEPEDA CASTRO", "VOTOS_GANADOR": 733.0, "PCT_GANADOR": 65.4 }, "geometry": { "type": "Point", "coordinates": [ -74.08716431, 4.52816405 ] } },
{ "type": "Feature", "properties": { "LOCALIDAD": "San Cristóbal", "DIRECCION": "CRA 5 Este # 29 A - 25 Sur", "SITIO": "Tomás Rueda Vargas Sede B", "NOMBRE": "Colegio Distrital Tomás Rueda Vargas Sede B", "ABELARDO DE LA ESPRIELLA": 419.0, "CARLOS EDUARDO CAICEDO OMAR": 0.0, "CLAUDIA LÓPEZ": 39.0, "GUSTAVO MATAMOROS CAMACHO": 0.0, "IVÁN CEPEDA CASTRO": 1070.0, "LUIS GILBERTO MURILLO URRUTIA": 0.0, "MIGUEL URIBE LONDOÑO": 1.0, "PALOMA VALENCIA LASERNA": 100.0, "RAÚL SANTIAGO BOTERO JARAMILLO": 10.0, "ROY LEONARDO BARRERAS MONTEALEGRE": 0.0, "SERGIO FAJARDO VALDERRAMA": 81.0, "SONDRA MACOLLINS GARVIN PINTO": 2.0, "ÓSCAR MAURICIO LIZCANO ARANGO": 1.0, "TOTAL_VOTOS": 1723.0, "GANADOR": "IVÁN CEPEDA CASTRO", "VOTOS_GANADOR": 1070.0, "PCT_GANADOR": 62.1 }, "geometry": { "type": "Point", "coordinates": [ -74.088328, 4.56155381 ] } },
{ "type": "Feature", "properties": { "LOCALIDAD": "San Cristóbal", "DIRECCION": "CRA 1 D Este # 43 B - 28 Sur", "SITIO": "Entre Nubes Sede A", "NOMBRE": "Colegio Distrital Entre Nubes Sur  Oriental Sede A - Anibal Fernández de Soto", "ABELARDO DE LA ESPRIELLA": 152.0, "CARLOS EDUARDO CAICEDO OMAR": 0.0, "CLAUDIA LÓPEZ": 21.0, "GUSTAVO MATAMOROS CAMACHO": 0.0, "IVÁN CEPEDA CASTRO": 539.0, "LUIS GILBERTO MURILLO URRUTIA": 1.0, "MIGUEL URIBE LONDOÑO": 0.0, "PALOMA VALENCIA LASERNA": 31.0, "RAÚL SANTIAGO BOTERO JARAMILLO": 6.0, "ROY LEONARDO BARRERAS MONTEALEGRE": 1.0, "SERGIO FAJARDO VALDERRAMA": 24.0, "SONDRA MACOLLINS GARVIN PINTO": 0.0, "ÓSCAR MAURICIO LIZCANO ARANGO": 0.0, "TOTAL_VOTOS": 775.0, "GANADOR": "IVÁN CEPEDA CASTRO", "VOTOS_GANADOR": 539.0, "PCT_GANADOR": 69.5 }, "geometry": { "type": "Point", "coordinates": [ -74.09763958, 4.54774293 ] } },
{ "type": "Feature", "properties": { "LOCALIDAD": "Usme", "DIRECCION": "CLL 71 D Sur # 14 - 64", "SITIO": "Jardín Infantil la Fortaleza del Oso", "NOMBRE": "Jardín Infantil la Fortaleza del Oso", "ABELARDO DE LA ESPRIELLA": 508.0, "CARLOS EDUARDO CAICEDO OMAR": 0.0, "CLAUDIA LÓPEZ": 27.0, "GUSTAVO MATAMOROS CAMACHO": 2.0, "IVÁN CEPEDA CASTRO": 1244.0, "LUIS GILBERTO MURILLO URRUTIA": 0.0, "MIGUEL URIBE LONDOÑO": 2.0, "PALOMA VALENCIA LASERNA": 92.0, "RAÚL SANTIAGO BOTERO JARAMILLO": 19.0, "ROY LEONARDO BARRERAS MONTEALEGRE": 1.0, "SERGIO FAJARDO VALDERRAMA": 84.0, "SONDRA MACOLLINS GARVIN PINTO": 1.0, "ÓSCAR MAURICIO LIZCANO ARANGO": 3.0, "TOTAL_VOTOS": 1983.0, "GANADOR": "IVÁN CEPEDA CASTRO", "VOTOS_GANADOR": 1244.0, "PCT_GANADOR": 62.7 }, "geometry": { "type": "Point", "coordinates": [ -74.1182848, 4.52047462 ] } },
{ "type": "Feature", "properties": { "LOCALIDAD": "Usme", "DIRECCION": "Vereda el Uval Km. 8 Autopista al Llano", "SITIO": "Colegio Rural El Uval", "NOMBRE": "Colegio Distrital Rural El Uval", "ABELARDO DE LA ESPRIELLA": 33.0, "CARLOS EDUARDO CAICEDO OMAR": 0.0, "CLAUDIA LÓPEZ": 6.0, "GUSTAVO MATAMOROS CAMACHO": 0.0, "IVÁN CEPEDA CASTRO": 91.0, "LUIS GILBERTO MURILLO URRUTIA": 0.0, "MIGUEL URIBE LONDOÑO": 0.0, "PALOMA VALENCIA LASERNA": 13.0, "RAÚL SANTIAGO BOTERO JARAMILLO": 1.0, "ROY LEONARDO BARRERAS MONTEALEGRE": 0.0, "SERGIO FAJARDO VALDERRAMA": 6.0, "SONDRA MACOLLINS GARVIN PINTO": 0.0, "ÓSCAR MAURICIO LIZCANO ARANGO": 0.0, "TOTAL_VOTOS": 150.0, "GANADOR": "IVÁN CEPEDA CASTRO", "VOTOS_GANADOR": 91.0, "PCT_GANADOR": 60.7 }, "geometry": { "type": "Point", "coordinates": [ -74.10525, 4.47759 ] } },
{ "type": "Feature", "properties": { "LOCALIDAD": "Usme", "DIRECCION": "CLL 79 Sur # 10 - 50 Este", "SITIO": "Bolonia", "NOMBRE": "Jardín Infantil Entre Nubes", "ABELARDO DE LA ESPRIELLA": 303.0, "CARLOS EDUARDO CAICEDO OMAR": 1.0, "CLAUDIA LÓPEZ": 36.0, "GUSTAVO MATAMOROS CAMACHO": 0.0, "IVÁN CEPEDA CASTRO": 996.0, "LUIS GILBERTO MURILLO URRUTIA": 0.0, "MIGUEL URIBE LONDOÑO": 1.0, "PALOMA VALENCIA LASERNA": 103.0, "RAÚL SANTIAGO BOTERO JARAMILLO": 15.0, "ROY LEONARDO BARRERAS MONTEALEGRE": 1.0, "SERGIO FAJARDO VALDERRAMA": 59.0, "SONDRA MACOLLINS GARVIN PINTO": 0.0, "ÓSCAR MAURICIO LIZCANO ARANGO": 3.0, "TOTAL_VOTOS": 1518.0, "GANADOR": "IVÁN CEPEDA CASTRO", "VOTOS_GANADOR": 996.0, "PCT_GANADOR": 65.6 }, "geometry": { "type": "Point", "coordinates": [ -74.09865009, 4.51101155 ] } },
{ "type": "Feature", "properties": { "LOCALIDAD": "Tunjuelito", "DIRECCION": "CLL 58 # 19 B - 67 Sur / CLL 58 # 19 B - 63 Sur", "SITIO": "San Benito Abad ", "NOMBRE": "Colegio Distrital San Benito Abad", "ABELARDO DE LA ESPRIELLA": 175.0, "CARLOS EDUARDO CAICEDO OMAR": 0.0, "CLAUDIA LÓPEZ": 14.0, "GUSTAVO MATAMOROS CAMACHO": 0.0, "IVÁN CEPEDA CASTRO": 380.0, "LUIS GILBERTO MURILLO URRUTIA": 0.0, "MIGUEL URIBE LONDOÑO": 1.0, "PALOMA VALENCIA LASERNA": 32.0, "RAÚL SANTIAGO BOTERO JARAMILLO": 5.0, "ROY LEONARDO BARRERAS MONTEALEGRE": 1.0, "SERGIO FAJARDO VALDERRAMA": 31.0, "SONDRA MACOLLINS GARVIN PINTO": 1.0, "ÓSCAR MAURICIO LIZCANO ARANGO": 1.0, "TOTAL_VOTOS": 641.0, "GANADOR": "IVÁN CEPEDA CASTRO", "VOTOS_GANADOR": 380.0, "PCT_GANADOR": 59.3 }, "geometry": { "type": "Point", "coordinates": [ -74.13704436, 4.56659538 ] } },
{ "type": "Feature", "properties": { "LOCALIDAD": "Tunjuelito", "DIRECCION": "CRA 25 # 55 A - 18 Sur / CRA 27 # 55 A - 18 Sur", "SITIO": "Ciudad de Bogotá Sede B", "NOMBRE": "Colegio Distrital Ciudad de Bogotá Sede B", "ABELARDO DE LA ESPRIELLA": 1008.0, "CARLOS EDUARDO CAICEDO OMAR": 0.0, "CLAUDIA LÓPEZ": 84.0, "GUSTAVO MATAMOROS CAMACHO": 2.0, "IVÁN CEPEDA CASTRO": 1711.0, "LUIS GILBERTO MURILLO URRUTIA": 5.0, "MIGUEL URIBE LONDOÑO": 2.0, "PALOMA VALENCIA LASERNA": 204.0, "RAÚL SANTIAGO BOTERO JARAMILLO": 18.0, "ROY LEONARDO BARRERAS MONTEALEGRE": 3.0, "SERGIO FAJARDO VALDERRAMA": 217.0, "SONDRA MACOLLINS GARVIN PINTO": 0.0, "ÓSCAR MAURICIO LIZCANO ARANGO": 1.0, "TOTAL_VOTOS": 3255.0, "GANADOR": "IVÁN CEPEDA CASTRO", "VOTOS_GANADOR": 1711.0, "PCT_GANADOR": 52.6 }, "geometry": { "type": "Point", "coordinates": [ -74.14025, 4.57746 ] } },
{ "type": "Feature", "properties": { "LOCALIDAD": "Tunjuelito", "DIRECCION": "CRA 18 A # 53 - 54 Sur", "SITIO": "Parroquial San Carlos", "NOMBRE": "Colegio Privado Parroquial San Carlos", "ABELARDO DE LA ESPRIELLA": 1320.0, "CARLOS EDUARDO CAICEDO OMAR": 0.0, "CLAUDIA LÓPEZ": 98.0, "GUSTAVO MATAMOROS CAMACHO": 0.0, "IVÁN CEPEDA CASTRO": 2247.0, "LUIS GILBERTO MURILLO URRUTIA": 3.0, "MIGUEL URIBE LONDOÑO": 3.0, "PALOMA VALENCIA LASERNA": 300.0, "RAÚL SANTIAGO BOTERO JARAMILLO": 37.0, "ROY LEONARDO BARRERAS MONTEALEGRE": 2.0, "SERGIO FAJARDO VALDERRAMA": 239.0, "SONDRA MACOLLINS GARVIN PINTO": 1.0, "ÓSCAR MAURICIO LIZCANO ARANGO": 3.0, "TOTAL_VOTOS": 4253.0, "GANADOR": "IVÁN CEPEDA CASTRO", "VOTOS_GANADOR": 2247.0, "PCT_GANADOR": 52.8 }, "geometry": { "type": "Point", "coordinates": [ -74.13012683, 4.56644776 ] } },
{ "type": "Feature", "properties": { "LOCALIDAD": "Tunjuelito", "DIRECCION": "CRA 28 # 48 A - 17 Sur", "SITIO": "Jardín Infantil Carmen Sur", "NOMBRE": "Jardín Infantil Carmen Sur", "ABELARDO DE LA ESPRIELLA": 734.0, "CARLOS EDUARDO CAICEDO OMAR": 0.0, "CLAUDIA LÓPEZ": 41.0, "GUSTAVO MATAMOROS CAMACHO": 1.0, "IVÁN CEPEDA CASTRO": 1144.0, "LUIS GILBERTO MURILLO URRUTIA": 2.0, "MIGUEL URIBE LONDOÑO": 3.0, "PALOMA VALENCIA LASERNA": 133.0, "RAÚL SANTIAGO BOTERO JARAMILLO": 15.0, "ROY LEONARDO BARRERAS MONTEALEGRE": 1.0, "SERGIO FAJARDO VALDERRAMA": 113.0, "SONDRA MACOLLINS GARVIN PINTO": 1.0, "ÓSCAR MAURICIO LIZCANO ARANGO": 1.0, "TOTAL_VOTOS": 2189.0, "GANADOR": "IVÁN CEPEDA CASTRO", "VOTOS_GANADOR": 1144.0, "PCT_GANADOR": 52.3 }, "geometry": { "type": "Point", "coordinates": [ -74.1317017, 4.58283946 ] } },
{ "type": "Feature", "properties": { "LOCALIDAD": "Tunjuelito", "DIRECCION": "CLL 54 Sur # 37 A - 37", "SITIO": "Instituto Técnico Piloto Sede C", "NOMBRE": "Colegio Distrital Instituto Técnico Piloto Sede C", "ABELARDO DE LA ESPRIELLA": 1034.0, "CARLOS EDUARDO CAICEDO OMAR": 0.0, "CLAUDIA LÓPEZ": 78.0, "GUSTAVO MATAMOROS CAMACHO": 0.0, "IVÁN CEPEDA CASTRO": 1733.0, "LUIS GILBERTO MURILLO URRUTIA": 0.0, "MIGUEL URIBE LONDOÑO": 1.0, "PALOMA VALENCIA LASERNA": 197.0, "RAÚL SANTIAGO BOTERO JARAMILLO": 20.0, "ROY LEONARDO BARRERAS MONTEALEGRE": 1.0, "SERGIO FAJARDO VALDERRAMA": 199.0, "SONDRA MACOLLINS GARVIN PINTO": 2.0, "ÓSCAR MAURICIO LIZCANO ARANGO": 4.0, "TOTAL_VOTOS": 3269.0, "GANADOR": "IVÁN CEPEDA CASTRO", "VOTOS_GANADOR": 1733.0, "PCT_GANADOR": 53.0 }, "geometry": { "type": "Point", "coordinates": [ -74.14222783, 4.58682229 ] } },
{ "type": "Feature", "properties": { "LOCALIDAD": "Bosa", "DIRECCION": "CRA 87 C # 67 - 18 Sur", "SITIO": "La Concepción", "NOMBRE": "Colegio Distrital La Concepción Sede C ", "ABELARDO DE LA ESPRIELLA": 687.0, "CARLOS EDUARDO CAICEDO OMAR": 2.0, "CLAUDIA LÓPEZ": 71.0, "GUSTAVO MATAMOROS CAMACHO": 1.0, "IVÁN CEPEDA CASTRO": 1465.0, "LUIS GILBERTO MURILLO URRUTIA": 3.0, "MIGUEL URIBE LONDOÑO": 4.0, "PALOMA VALENCIA LASERNA": 115.0, "RAÚL SANTIAGO BOTERO JARAMILLO": 30.0, "ROY LEONARDO BARRERAS MONTEALEGRE": 0.0, "SERGIO FAJARDO VALDERRAMA": 103.0, "SONDRA MACOLLINS GARVIN PINTO": 2.0, "ÓSCAR MAURICIO LIZCANO ARANGO": 4.0, "TOTAL_VOTOS": 2487.0, "GANADOR": "IVÁN CEPEDA CASTRO", "VOTOS_GANADOR": 1465.0, "PCT_GANADOR": 58.9 }, "geometry": { "type": "Point", "coordinates": [ -74.19331434, 4.62169103 ] } },
{ "type": "Feature", "properties": { "LOCALIDAD": "Bosa", "DIRECCION": "CRA 89 Bis A # 72 A - 13 Sur", "SITIO": "Villas del Progreso", "NOMBRE": "Colegio Distrital Villas del Progreso", "ABELARDO DE LA ESPRIELLA": 446.0, "CARLOS EDUARDO CAICEDO OMAR": 0.0, "CLAUDIA LÓPEZ": 49.0, "GUSTAVO MATAMOROS CAMACHO": 0.0, "IVÁN CEPEDA CASTRO": 1281.0, "LUIS GILBERTO MURILLO URRUTIA": 0.0, "MIGUEL URIBE LONDOÑO": 2.0, "PALOMA VALENCIA LASERNA": 68.0, "RAÚL SANTIAGO BOTERO JARAMILLO": 18.0, "ROY LEONARDO BARRERAS MONTEALEGRE": 1.0, "SERGIO FAJARDO VALDERRAMA": 86.0, "SONDRA MACOLLINS GARVIN PINTO": 1.0, "ÓSCAR MAURICIO LIZCANO ARANGO": 3.0, "TOTAL_VOTOS": 1955.0, "GANADOR": "IVÁN CEPEDA CASTRO", "VOTOS_GANADOR": 1281.0, "PCT_GANADOR": 65.5 }, "geometry": { "type": "Point", "coordinates": [ -74.20077283, 4.62514943 ] } },
{ "type": "Feature", "properties": { "LOCALIDAD": "Bosa", "DIRECCION": "CLL 71 Sur # 87N-15 /CLL 71 Sur # 87N - 21", "SITIO": "Liceo López Osorio", "NOMBRE": "Colegio Privado Liceo Cultural López Osorio", "ABELARDO DE LA ESPRIELLA": 490.0, "CARLOS EDUARDO CAICEDO OMAR": 1.0, "CLAUDIA LÓPEZ": 47.0, "GUSTAVO MATAMOROS CAMACHO": 2.0, "IVÁN CEPEDA CASTRO": 953.0, "LUIS GILBERTO MURILLO URRUTIA": 0.0, "MIGUEL URIBE LONDOÑO": 0.0, "PALOMA VALENCIA LASERNA": 92.0, "RAÚL SANTIAGO BOTERO JARAMILLO": 24.0, "ROY LEONARDO BARRERAS MONTEALEGRE": 0.0, "SERGIO FAJARDO VALDERRAMA": 67.0, "SONDRA MACOLLINS GARVIN PINTO": 1.0, "ÓSCAR MAURICIO LIZCANO ARANGO": 2.0, "TOTAL_VOTOS": 1679.0, "GANADOR": "IVÁN CEPEDA CASTRO", "VOTOS_GANADOR": 953.0, "PCT_GANADOR": 56.8 }, "geometry": { "type": "Point", "coordinates": [ -74.19814927, 4.62233926 ] } },
{ "type": "Feature", "properties": { "LOCALIDAD": "Bosa", "DIRECCION": "CLL 50 Sur # 98 B - 70", "SITIO": "Soledad Acosta de Samper", "NOMBRE": "Colegio Distrital Soledad Acosta de Samper", "ABELARDO DE LA ESPRIELLA": 1022.0, "CARLOS EDUARDO CAICEDO OMAR": 2.0, "CLAUDIA LÓPEZ": 114.0, "GUSTAVO MATAMOROS CAMACHO": 2.0, "IVÁN CEPEDA CASTRO": 1876.0, "LUIS GILBERTO MURILLO URRUTIA": 3.0, "MIGUEL URIBE LONDOÑO": 8.0, "PALOMA VALENCIA LASERNA": 200.0, "RAÚL SANTIAGO BOTERO JARAMILLO": 21.0, "ROY LEONARDO BARRERAS MONTEALEGRE": 0.0, "SERGIO FAJARDO VALDERRAMA": 139.0, "SONDRA MACOLLINS GARVIN PINTO": 1.0, "ÓSCAR MAURICIO LIZCANO ARANGO": 9.0, "TOTAL_VOTOS": 3397.0, "GANADOR": "IVÁN CEPEDA CASTRO", "VOTOS_GANADOR": 1876.0, "PCT_GANADOR": 55.2 }, "geometry": { "type": "Point", "coordinates": [ -74.18609409, 4.64322132 ] } },
{ "type": "Feature", "properties": { "LOCALIDAD": "Bosa", "DIRECCION": "CRA 81 A # 58 J - 45 Sur", "SITIO": "Clarelandia", "NOMBRE": "Colegio Distrital La Bici", "ABELARDO DE LA ESPRIELLA": 246.0, "CARLOS EDUARDO CAICEDO OMAR": 0.0, "CLAUDIA LÓPEZ": 14.0, "GUSTAVO MATAMOROS CAMACHO": 0.0, "IVÁN CEPEDA CASTRO": 600.0, "LUIS GILBERTO MURILLO URRUTIA": 0.0, "MIGUEL URIBE LONDOÑO": 1.0, "PALOMA VALENCIA LASERNA": 60.0, "RAÚL SANTIAGO BOTERO JARAMILLO": 11.0, "ROY LEONARDO BARRERAS MONTEALEGRE": 0.0, "SERGIO FAJARDO VALDERRAMA": 37.0, "SONDRA MACOLLINS GARVIN PINTO": 1.0, "ÓSCAR MAURICIO LIZCANO ARANGO": 0.0, "TOTAL_VOTOS": 970.0, "GANADOR": "IVÁN CEPEDA CASTRO", "VOTOS_GANADOR": 600.0, "PCT_GANADOR": 61.9 }, "geometry": { "type": "Point", "coordinates": [ -74.18236763, 4.61373631 ] } },
{ "type": "Feature", "properties": { "LOCALIDAD": "Kennedy", "DIRECCION": "CRA 72 M # 40 F - 18 Sur", "SITIO": "Colegio Cooperativo Timiza", "NOMBRE": "Colegio Privado Cooperativo de Timiza", "ABELARDO DE LA ESPRIELLA": 699.0, "CARLOS EDUARDO CAICEDO OMAR": 0.0, "CLAUDIA LÓPEZ": 41.0, "GUSTAVO MATAMOROS CAMACHO": 0.0, "IVÁN CEPEDA CASTRO": 1060.0, "LUIS GILBERTO MURILLO URRUTIA": 1.0, "MIGUEL URIBE LONDOÑO": 1.0, "PALOMA VALENCIA LASERNA": 162.0, "RAÚL SANTIAGO BOTERO JARAMILLO": 9.0, "ROY LEONARDO BARRERAS MONTEALEGRE": 0.0, "SERGIO FAJARDO VALDERRAMA": 240.0, "SONDRA MACOLLINS GARVIN PINTO": 1.0, "ÓSCAR MAURICIO LIZCANO ARANGO": 4.0, "TOTAL_VOTOS": 2218.0, "GANADOR": "IVÁN CEPEDA CASTRO", "VOTOS_GANADOR": 1060.0, "PCT_GANADOR": 47.8 }, "geometry": { "type": "Point", "coordinates": [ -74.15073441, 4.60865293 ] } },
{ "type": "Feature", "properties": { "LOCALIDAD": "Kennedy", "DIRECCION": "CLL 2 # 68 B - 08 Sur / CLL 2 # 68 B - 82 Sur", "SITIO": "Floresta Sur Sede B", "NOMBRE": "Colegio Distrital La Floresta Sur Sede B", "ABELARDO DE LA ESPRIELLA": 663.0, "CARLOS EDUARDO CAICEDO OMAR": 0.0, "CLAUDIA LÓPEZ": 27.0, "GUSTAVO MATAMOROS CAMACHO": 0.0, "IVÁN CEPEDA CASTRO": 799.0, "LUIS GILBERTO MURILLO URRUTIA": 0.0, "MIGUEL URIBE LONDOÑO": 3.0, "PALOMA VALENCIA LASERNA": 131.0, "RAÚL SANTIAGO BOTERO JARAMILLO": 21.0, "ROY LEONARDO BARRERAS MONTEALEGRE": 1.0, "SERGIO FAJARDO VALDERRAMA": 115.0, "SONDRA MACOLLINS GARVIN PINTO": 1.0, "ÓSCAR MAURICIO LIZCANO ARANGO": 2.0, "TOTAL_VOTOS": 1763.0, "GANADOR": "IVÁN CEPEDA CASTRO", "VOTOS_GANADOR": 799.0, "PCT_GANADOR": 45.3 }, "geometry": { "type": "Point", "coordinates": [ -74.12772213, 4.62047855 ] } },
{ "type": "Feature", "properties": { "LOCALIDAD": "Kennedy", "DIRECCION": "TRV 68 G # 35 A - 42 Sur", "SITIO": "Carlos Arango Vélez Sede A", "NOMBRE": "Colegio Distrital Carlos Arango Vélez Sede A", "ABELARDO DE LA ESPRIELLA": 817.0, "CARLOS EDUARDO CAICEDO OMAR": 0.0, "CLAUDIA LÓPEZ": 42.0, "GUSTAVO MATAMOROS CAMACHO": 0.0, "IVÁN CEPEDA CASTRO": 990.0, "LUIS GILBERTO MURILLO URRUTIA": 3.0, "MIGUEL URIBE LONDOÑO": 0.0, "PALOMA VALENCIA LASERNA": 144.0, "RAÚL SANTIAGO BOTERO JARAMILLO": 10.0, "ROY LEONARDO BARRERAS MONTEALEGRE": 0.0, "SERGIO FAJARDO VALDERRAMA": 147.0, "SONDRA MACOLLINS GARVIN PINTO": 1.0, "ÓSCAR MAURICIO LIZCANO ARANGO": 1.0, "TOTAL_VOTOS": 2155.0, "GANADOR": "IVÁN CEPEDA CASTRO", "VOTOS_GANADOR": 990.0, "PCT_GANADOR": 45.9 }, "geometry": { "type": "Point", "coordinates": [ -74.13534321, 4.60780037 ] } },
{ "type": "Feature", "properties": { "LOCALIDAD": "Fontibon", "DIRECCION": "CRA 100 # 24 - 60 ", "SITIO": "San José", "NOMBRE": "Colegio Privado Parroquial San José ", "ABELARDO DE LA ESPRIELLA": 592.0, "CARLOS EDUARDO CAICEDO OMAR": 0.0, "CLAUDIA LÓPEZ": 32.0, "GUSTAVO MATAMOROS CAMACHO": 1.0, "IVÁN CEPEDA CASTRO": 546.0, "LUIS GILBERTO MURILLO URRUTIA": 1.0, "MIGUEL URIBE LONDOÑO": 0.0, "PALOMA VALENCIA LASERNA": 108.0, "RAÚL SANTIAGO BOTERO JARAMILLO": 7.0, "ROY LEONARDO BARRERAS MONTEALEGRE": 0.0, "SERGIO FAJARDO VALDERRAMA": 113.0, "SONDRA MACOLLINS GARVIN PINTO": 3.0, "ÓSCAR MAURICIO LIZCANO ARANGO": 0.0, "TOTAL_VOTOS": 1403.0, "GANADOR": "ABELARDO DE LA ESPRIELLA", "VOTOS_GANADOR": 592.0, "PCT_GANADOR": 42.2 }, "geometry": { "type": "Point", "coordinates": [ -74.13355041, 4.68171474 ] } },
{ "type": "Feature", "properties": { "LOCALIDAD": "Fontibon", "DIRECCION": "CRA 100 # 24 D - 65", "SITIO": "El Jardín", "NOMBRE": "Salón Comunal San José - El Jardín", "ABELARDO DE LA ESPRIELLA": 210.0, "CARLOS EDUARDO CAICEDO OMAR": 0.0, "CLAUDIA LÓPEZ": 15.0, "GUSTAVO MATAMOROS CAMACHO": 0.0, "IVÁN CEPEDA CASTRO": 222.0, "LUIS GILBERTO MURILLO URRUTIA": 1.0, "MIGUEL URIBE LONDOÑO": 0.0, "PALOMA VALENCIA LASERNA": 50.0, "RAÚL SANTIAGO BOTERO JARAMILLO": 2.0, "ROY LEONARDO BARRERAS MONTEALEGRE": 0.0, "SERGIO FAJARDO VALDERRAMA": 29.0, "SONDRA MACOLLINS GARVIN PINTO": 0.0, "ÓSCAR MAURICIO LIZCANO ARANGO": 3.0, "TOTAL_VOTOS": 532.0, "GANADOR": "IVÁN CEPEDA CASTRO", "VOTOS_GANADOR": 222.0, "PCT_GANADOR": 41.7 }, "geometry": { "type": "Point", "coordinates": [ -74.13252332, 4.68324864 ] } },
{ "type": "Feature", "properties": { "LOCALIDAD": "Fontibon", "DIRECCION": "CLL 17 C # 134 - 70 Manzana 1 ", "SITIO": "Villa Andrea", "NOMBRE": "Jardín Infantil Villa Andrea", "ABELARDO DE LA ESPRIELLA": 470.0, "CARLOS EDUARDO CAICEDO OMAR": 1.0, "CLAUDIA LÓPEZ": 32.0, "GUSTAVO MATAMOROS CAMACHO": 1.0, "IVÁN CEPEDA CASTRO": 928.0, "LUIS GILBERTO MURILLO URRUTIA": 0.0, "MIGUEL URIBE LONDOÑO": 0.0, "PALOMA VALENCIA LASERNA": 71.0, "RAÚL SANTIAGO BOTERO JARAMILLO": 20.0, "ROY LEONARDO BARRERAS MONTEALEGRE": 0.0, "SERGIO FAJARDO VALDERRAMA": 86.0, "SONDRA MACOLLINS GARVIN PINTO": 0.0, "ÓSCAR MAURICIO LIZCANO ARANGO": 2.0, "TOTAL_VOTOS": 1611.0, "GANADOR": "IVÁN CEPEDA CASTRO", "VOTOS_GANADOR": 928.0, "PCT_GANADOR": 57.6 }, "geometry": { "type": "Point", "coordinates": [ -74.16663542, 4.69540226 ] } },
{ "type": "Feature", "properties": { "LOCALIDAD": "Engativá", "DIRECCION": "CRA 83 # 73 A - 80 / CLL 74 # 82 - 37", "SITIO": "Soledad Norte ", "NOMBRE": "Colegio Distrital San José Norte Sede B", "ABELARDO DE LA ESPRIELLA": 553.0, "CARLOS EDUARDO CAICEDO OMAR": 0.0, "CLAUDIA LÓPEZ": 43.0, "GUSTAVO MATAMOROS CAMACHO": 0.0, "IVÁN CEPEDA CASTRO": 623.0, "LUIS GILBERTO MURILLO URRUTIA": 0.0, "MIGUEL URIBE LONDOÑO": 2.0, "PALOMA VALENCIA LASERNA": 154.0, "RAÚL SANTIAGO BOTERO JARAMILLO": 6.0, "ROY LEONARDO BARRERAS MONTEALEGRE": 0.0, "SERGIO FAJARDO VALDERRAMA": 117.0, "SONDRA MACOLLINS GARVIN PINTO": 1.0, "ÓSCAR MAURICIO LIZCANO ARANGO": 2.0, "TOTAL_VOTOS": 1501.0, "GANADOR": "IVÁN CEPEDA CASTRO", "VOTOS_GANADOR": 623.0, "PCT_GANADOR": 41.5 }, "geometry": { "type": "Point", "coordinates": [ -74.102306, 4.69603977 ] } },
{ "type": "Feature", "properties": { "LOCALIDAD": "Engativá", "DIRECCION": "CRA 89 A # 86 - 38", "SITIO": "Sidauto ", "NOMBRE": "Colegio Distrital Jorge Gaitán Sede A", "ABELARDO DE LA ESPRIELLA": 122.0, "CARLOS EDUARDO CAICEDO OMAR": 0.0, "CLAUDIA LÓPEZ": 10.0, "GUSTAVO MATAMOROS CAMACHO": 0.0, "IVÁN CEPEDA CASTRO": 192.0, "LUIS GILBERTO MURILLO URRUTIA": 0.0, "MIGUEL URIBE LONDOÑO": 0.0, "PALOMA VALENCIA LASERNA": 14.0, "RAÚL SANTIAGO BOTERO JARAMILLO": 2.0, "ROY LEONARDO BARRERAS MONTEALEGRE": 1.0, "SERGIO FAJARDO VALDERRAMA": 36.0, "SONDRA MACOLLINS GARVIN PINTO": 0.0, "ÓSCAR MAURICIO LIZCANO ARANGO": 0.0, "TOTAL_VOTOS": 377.0, "GANADOR": "IVÁN CEPEDA CASTRO", "VOTOS_GANADOR": 192.0, "PCT_GANADOR": 50.9 }, "geometry": { "type": "Point", "coordinates": [ -74.09904224, 4.70901795 ] } },
{ "type": "Feature", "properties": { "LOCALIDAD": "Engativá", "DIRECCION": "CRA 84 # 83 - 71", "SITIO": "Paris Gaitán", "NOMBRE": "Colegio Distrital Jorge Gaitán Sede B", "ABELARDO DE LA ESPRIELLA": 586.0, "CARLOS EDUARDO CAICEDO OMAR": 0.0, "CLAUDIA LÓPEZ": 47.0, "GUSTAVO MATAMOROS CAMACHO": 0.0, "IVÁN CEPEDA CASTRO": 701.0, "LUIS GILBERTO MURILLO URRUTIA": 0.0, "MIGUEL URIBE LONDOÑO": 0.0, "PALOMA VALENCIA LASERNA": 118.0, "RAÚL SANTIAGO BOTERO JARAMILLO": 7.0, "ROY LEONARDO BARRERAS MONTEALEGRE": 0.0, "SERGIO FAJARDO VALDERRAMA": 192.0, "SONDRA MACOLLINS GARVIN PINTO": 1.0, "ÓSCAR MAURICIO LIZCANO ARANGO": 1.0, "TOTAL_VOTOS": 1653.0, "GANADOR": "IVÁN CEPEDA CASTRO", "VOTOS_GANADOR": 701.0, "PCT_GANADOR": 42.4 }, "geometry": { "type": "Point", "coordinates": [ -74.09788414, 4.70480579 ] } },
{ "type": "Feature", "properties": { "LOCALIDAD": "Engativá", "DIRECCION": "CRA 76 # 79 - 40", "SITIO": "La Palestina", "NOMBRE": "Colegio Distrital La Palestina Sede A - Centro de Estudios del Niño", "ABELARDO DE LA ESPRIELLA": 782.0, "CARLOS EDUARDO CAICEDO OMAR": 0.0, "CLAUDIA LÓPEZ": 60.0, "GUSTAVO MATAMOROS CAMACHO": 0.0, "IVÁN CEPEDA CASTRO": 838.0, "LUIS GILBERTO MURILLO URRUTIA": 2.0, "MIGUEL URIBE LONDOÑO": 2.0, "PALOMA VALENCIA LASERNA": 199.0, "RAÚL SANTIAGO BOTERO JARAMILLO": 4.0, "ROY LEONARDO BARRERAS MONTEALEGRE": 2.0, "SERGIO FAJARDO VALDERRAMA": 229.0, "SONDRA MACOLLINS GARVIN PINTO": 2.0, "ÓSCAR MAURICIO LIZCANO ARANGO": 3.0, "TOTAL_VOTOS": 2123.0, "GANADOR": "IVÁN CEPEDA CASTRO", "VOTOS_GANADOR": 838.0, "PCT_GANADOR": 39.5 }, "geometry": { "type": "Point", "coordinates": [ -74.093553, 4.69715964 ] } },
{ "type": "Feature", "properties": { "LOCALIDAD": "Engativá", "DIRECCION": "CRA 77 A # 64 B - 03", "SITIO": "El Encanto", "NOMBRE": "Salón Comunal de Villaluz", "ABELARDO DE LA ESPRIELLA": 787.0, "CARLOS EDUARDO CAICEDO OMAR": 0.0, "CLAUDIA LÓPEZ": 42.0, "GUSTAVO MATAMOROS CAMACHO": 0.0, "IVÁN CEPEDA CASTRO": 667.0, "LUIS GILBERTO MURILLO URRUTIA": 0.0, "MIGUEL URIBE LONDOÑO": 0.0, "PALOMA VALENCIA LASERNA": 149.0, "RAÚL SANTIAGO BOTERO JARAMILLO": 7.0, "ROY LEONARDO BARRERAS MONTEALEGRE": 1.0, "SERGIO FAJARDO VALDERRAMA": 172.0, "SONDRA MACOLLINS GARVIN PINTO": 0.0, "ÓSCAR MAURICIO LIZCANO ARANGO": 4.0, "TOTAL_VOTOS": 1829.0, "GANADOR": "ABELARDO DE LA ESPRIELLA", "VOTOS_GANADOR": 787.0, "PCT_GANADOR": 43.0 }, "geometry": { "type": "Point", "coordinates": [ -74.10735813, 4.68172946 ] } },
{ "type": "Feature", "properties": { "LOCALIDAD": "Engativá", "DIRECCION": "CLL 65 A # 76 - 53", "SITIO": "El Real", "NOMBRE": "Colegio Distrital Robert Kennedy Sede B", "ABELARDO DE LA ESPRIELLA": 223.0, "CARLOS EDUARDO CAICEDO OMAR": 0.0, "CLAUDIA LÓPEZ": 10.0, "GUSTAVO MATAMOROS CAMACHO": 0.0, "IVÁN CEPEDA CASTRO": 318.0, "LUIS GILBERTO MURILLO URRUTIA": 0.0, "MIGUEL URIBE LONDOÑO": 0.0, "PALOMA VALENCIA LASERNA": 34.0, "RAÚL SANTIAGO BOTERO JARAMILLO": 2.0, "ROY LEONARDO BARRERAS MONTEALEGRE": 1.0, "SERGIO FAJARDO VALDERRAMA": 75.0, "SONDRA MACOLLINS GARVIN PINTO": 0.0, "ÓSCAR MAURICIO LIZCANO ARANGO": 0.0, "TOTAL_VOTOS": 663.0, "GANADOR": "IVÁN CEPEDA CASTRO", "VOTOS_GANADOR": 318.0, "PCT_GANADOR": 48.0 }, "geometry": { "type": "Point", "coordinates": [ -74.10434447, 4.68314016 ] } },
{ "type": "Feature", "properties": { "LOCALIDAD": "Engativá", "DIRECCION": "AV CLL 72 # 110 - 13", "SITIO": "Salón Comunal Protecho Villa Amalia", "NOMBRE": "Salón Comunal Protecho Villa Amalia", "ABELARDO DE LA ESPRIELLA": 905.0, "CARLOS EDUARDO CAICEDO OMAR": 2.0, "CLAUDIA LÓPEZ": 61.0, "GUSTAVO MATAMOROS CAMACHO": 0.0, "IVÁN CEPEDA CASTRO": 1248.0, "LUIS GILBERTO MURILLO URRUTIA": 1.0, "MIGUEL URIBE LONDOÑO": 1.0, "PALOMA VALENCIA LASERNA": 178.0, "RAÚL SANTIAGO BOTERO JARAMILLO": 12.0, "ROY LEONARDO BARRERAS MONTEALEGRE": 1.0, "SERGIO FAJARDO VALDERRAMA": 191.0, "SONDRA MACOLLINS GARVIN PINTO": 2.0, "ÓSCAR MAURICIO LIZCANO ARANGO": 4.0, "TOTAL_VOTOS": 2606.0, "GANADOR": "IVÁN CEPEDA CASTRO", "VOTOS_GANADOR": 1248.0, "PCT_GANADOR": 47.9 }, "geometry": { "type": "Point", "coordinates": [ -74.12517639, 4.71060631 ] } },
{ "type": "Feature", "properties": { "LOCALIDAD": "Engativá", "DIRECCION": "CRA 87 A # 84 A - 81", "SITIO": "Colegio Lestonac", "NOMBRE": "Colegio Privado Centro Lestonac Compañía de María", "ABELARDO DE LA ESPRIELLA": 546.0, "CARLOS EDUARDO CAICEDO OMAR": 0.0, "CLAUDIA LÓPEZ": 39.0, "GUSTAVO MATAMOROS CAMACHO": 0.0, "IVÁN CEPEDA CASTRO": 645.0, "LUIS GILBERTO MURILLO URRUTIA": 0.0, "MIGUEL URIBE LONDOÑO": 1.0, "PALOMA VALENCIA LASERNA": 108.0, "RAÚL SANTIAGO BOTERO JARAMILLO": 8.0, "ROY LEONARDO BARRERAS MONTEALEGRE": 0.0, "SERGIO FAJARDO VALDERRAMA": 128.0, "SONDRA MACOLLINS GARVIN PINTO": 0.0, "ÓSCAR MAURICIO LIZCANO ARANGO": 2.0, "TOTAL_VOTOS": 1477.0, "GANADOR": "IVÁN CEPEDA CASTRO", "VOTOS_GANADOR": 645.0, "PCT_GANADOR": 43.7 }, "geometry": { "type": "Point", "coordinates": [ -74.09906524, 4.70803296 ] } },
{ "type": "Feature", "properties": { "LOCALIDAD": "Engativá", "DIRECCION": "CRA 105 A # 74 A - 15", "SITIO": "Comunidad Colegio Fe y Alegría", "NOMBRE": "Colegio Distrital Fe y Alegría", "ABELARDO DE LA ESPRIELLA": 258.0, "CARLOS EDUARDO CAICEDO OMAR": 0.0, "CLAUDIA LÓPEZ": 24.0, "GUSTAVO MATAMOROS CAMACHO": 0.0, "IVÁN CEPEDA CASTRO": 421.0, "LUIS GILBERTO MURILLO URRUTIA": 0.0, "MIGUEL URIBE LONDOÑO": 1.0, "PALOMA VALENCIA LASERNA": 62.0, "RAÚL SANTIAGO BOTERO JARAMILLO": 9.0, "ROY LEONARDO BARRERAS MONTEALEGRE": 0.0, "SERGIO FAJARDO VALDERRAMA": 79.0, "SONDRA MACOLLINS GARVIN PINTO": 0.0, "ÓSCAR MAURICIO LIZCANO ARANGO": 2.0, "TOTAL_VOTOS": 856.0, "GANADOR": "IVÁN CEPEDA CASTRO", "VOTOS_GANADOR": 421.0, "PCT_GANADOR": 49.2 }, "geometry": { "type": "Point", "coordinates": [ -74.11897249, 4.70819928 ] } },
{ "type": "Feature", "properties": { "LOCALIDAD": "Engativá", "DIRECCION": "CLL 72 A # 86 - 49 Parqueadero", "SITIO": "Centro Comercial Punto 72", "NOMBRE": "Centro Comercial Punto 72", "ABELARDO DE LA ESPRIELLA": 540.0, "CARLOS EDUARDO CAICEDO OMAR": 0.0, "CLAUDIA LÓPEZ": 32.0, "GUSTAVO MATAMOROS CAMACHO": 0.0, "IVÁN CEPEDA CASTRO": 694.0, "LUIS GILBERTO MURILLO URRUTIA": 0.0, "MIGUEL URIBE LONDOÑO": 1.0, "PALOMA VALENCIA LASERNA": 181.0, "RAÚL SANTIAGO BOTERO JARAMILLO": 5.0, "ROY LEONARDO BARRERAS MONTEALEGRE": 0.0, "SERGIO FAJARDO VALDERRAMA": 160.0, "SONDRA MACOLLINS GARVIN PINTO": 1.0, "ÓSCAR MAURICIO LIZCANO ARANGO": 0.0, "TOTAL_VOTOS": 1614.0, "GANADOR": "IVÁN CEPEDA CASTRO", "VOTOS_GANADOR": 694.0, "PCT_GANADOR": 43.0 }, "geometry": { "type": "Point", "coordinates": [ -74.10605958, 4.69691933 ] } },
{ "type": "Feature", "properties": { "LOCALIDAD": "Engativá", "DIRECCION": "CLL 89 # 87 A - 50", "SITIO": "Uniminuto Escuela de Convenciones", "NOMBRE": "Universidad Minuto de Dios", "ABELARDO DE LA ESPRIELLA": 671.0, "CARLOS EDUARDO CAICEDO OMAR": 1.0, "CLAUDIA LÓPEZ": 48.0, "GUSTAVO MATAMOROS CAMACHO": 0.0, "IVÁN CEPEDA CASTRO": 808.0, "LUIS GILBERTO MURILLO URRUTIA": 2.0, "MIGUEL URIBE LONDOÑO": 2.0, "PALOMA VALENCIA LASERNA": 153.0, "RAÚL SANTIAGO BOTERO JARAMILLO": 8.0, "ROY LEONARDO BARRERAS MONTEALEGRE": 1.0, "SERGIO FAJARDO VALDERRAMA": 199.0, "SONDRA MACOLLINS GARVIN PINTO": 1.0, "ÓSCAR MAURICIO LIZCANO ARANGO": 4.0, "TOTAL_VOTOS": 1898.0, "GANADOR": "IVÁN CEPEDA CASTRO", "VOTOS_GANADOR": 808.0, "PCT_GANADOR": 42.6 }, "geometry": { "type": "Point", "coordinates": [ -74.09691179, 4.7107497 ] } },
{ "type": "Feature", "properties": { "LOCALIDAD": "Engativá", "DIRECCION": "CLL 82 # 100 A - 91", "SITIO": "Parque San Andrés ", "NOMBRE": "Coliseo Parque San Andrés", "ABELARDO DE LA ESPRIELLA": 2058.0, "CARLOS EDUARDO CAICEDO OMAR": 1.0, "CLAUDIA LÓPEZ": 128.0, "GUSTAVO MATAMOROS CAMACHO": 0.0, "IVÁN CEPEDA CASTRO": 2289.0, "LUIS GILBERTO MURILLO URRUTIA": 4.0, "MIGUEL URIBE LONDOÑO": 4.0, "PALOMA VALENCIA LASERNA": 441.0, "RAÚL SANTIAGO BOTERO JARAMILLO": 21.0, "ROY LEONARDO BARRERAS MONTEALEGRE": 1.0, "SERGIO FAJARDO VALDERRAMA": 568.0, "SONDRA MACOLLINS GARVIN PINTO": 3.0, "ÓSCAR MAURICIO LIZCANO ARANGO": 8.0, "TOTAL_VOTOS": 5526.0, "GANADOR": "IVÁN CEPEDA CASTRO", "VOTOS_GANADOR": 2289.0, "PCT_GANADOR": 41.4 }, "geometry": { "type": "Point", "coordinates": [ -74.1100201, 4.71339411 ] } },
{ "type": "Feature", "properties": { "LOCALIDAD": "Suba", "DIRECCION": "CRA 118 # 136 -14", "SITIO": "Tibabuyes Universal Sede B - IED", "NOMBRE": "Colegio Distrital Tibabuyes Universal Sede B", "ABELARDO DE LA ESPRIELLA": 664.0, "CARLOS EDUARDO CAICEDO OMAR": 1.0, "CLAUDIA LÓPEZ": 47.0, "GUSTAVO MATAMOROS CAMACHO": 0.0, "IVÁN CEPEDA CASTRO": 1268.0, "LUIS GILBERTO MURILLO URRUTIA": 0.0, "MIGUEL URIBE LONDOÑO": 1.0, "PALOMA VALENCIA LASERNA": 124.0, "RAÚL SANTIAGO BOTERO JARAMILLO": 20.0, "ROY LEONARDO BARRERAS MONTEALEGRE": 0.0, "SERGIO FAJARDO VALDERRAMA": 183.0, "SONDRA MACOLLINS GARVIN PINTO": 1.0, "ÓSCAR MAURICIO LIZCANO ARANGO": 3.0, "TOTAL_VOTOS": 2312.0, "GANADOR": "IVÁN CEPEDA CASTRO", "VOTOS_GANADOR": 1268.0, "PCT_GANADOR": 54.8 }, "geometry": { "type": "Point", "coordinates": [ -74.10474296, 4.74180864 ] } },
{ "type": "Feature", "properties": { "LOCALIDAD": "Suba", "DIRECCION": "CLL 132 D Bis # 132 - 05", "SITIO": "La Toscana Lisboa Sede A - IED", "NOMBRE": "Colegio Distrital La Toscana Lisboa", "ABELARDO DE LA ESPRIELLA": 771.0, "CARLOS EDUARDO CAICEDO OMAR": 0.0, "CLAUDIA LÓPEZ": 66.0, "GUSTAVO MATAMOROS CAMACHO": 1.0, "IVÁN CEPEDA CASTRO": 1993.0, "LUIS GILBERTO MURILLO URRUTIA": 0.0, "MIGUEL URIBE LONDOÑO": 2.0, "PALOMA VALENCIA LASERNA": 112.0, "RAÚL SANTIAGO BOTERO JARAMILLO": 30.0, "ROY LEONARDO BARRERAS MONTEALEGRE": 3.0, "SERGIO FAJARDO VALDERRAMA": 182.0, "SONDRA MACOLLINS GARVIN PINTO": 1.0, "ÓSCAR MAURICIO LIZCANO ARANGO": 3.0, "TOTAL_VOTOS": 3164.0, "GANADOR": "IVÁN CEPEDA CASTRO", "VOTOS_GANADOR": 1993.0, "PCT_GANADOR": 63.0 }, "geometry": { "type": "Point", "coordinates": [ -74.11344447, 4.74352781 ] } },
{ "type": "Feature", "properties": { "LOCALIDAD": "Suba", "DIRECCION": "CLL 145 # 91 - 19", "SITIO": "Centro Comercial Centro Suba ", "NOMBRE": "Centro Comercial Centro Suba ", "ABELARDO DE LA ESPRIELLA": 4440.0, "CARLOS EDUARDO CAICEDO OMAR": 4.0, "CLAUDIA LÓPEZ": 263.0, "GUSTAVO MATAMOROS CAMACHO": 1.0, "IVÁN CEPEDA CASTRO": 5668.0, "LUIS GILBERTO MURILLO URRUTIA": 6.0, "MIGUEL URIBE LONDOÑO": 12.0, "PALOMA VALENCIA LASERNA": 929.0, "RAÚL SANTIAGO BOTERO JARAMILLO": 62.0, "ROY LEONARDO BARRERAS MONTEALEGRE": 2.0, "SERGIO FAJARDO VALDERRAMA": 1232.0, "SONDRA MACOLLINS GARVIN PINTO": 9.0, "ÓSCAR MAURICIO LIZCANO ARANGO": 10.0, "TOTAL_VOTOS": 12638.0, "GANADOR": "IVÁN CEPEDA CASTRO", "VOTOS_GANADOR": 5668.0, "PCT_GANADOR": 44.8 }, "geometry": { "type": "Point", "coordinates": [ -74.08555759, 4.73765594 ] } },
{ "type": "Feature", "properties": { "LOCALIDAD": "Suba", "DIRECCION": "CLL 133 # 98 B -24", "SITIO": "Alvaro Gomez Hurtado Sede B - IED", "NOMBRE": "Colegio Distrital Álvaro Gómez Hurtado Sede B", "ABELARDO DE LA ESPRIELLA": 1219.0, "CARLOS EDUARDO CAICEDO OMAR": 2.0, "CLAUDIA LÓPEZ": 65.0, "GUSTAVO MATAMOROS CAMACHO": 1.0, "IVÁN CEPEDA CASTRO": 1705.0, "LUIS GILBERTO MURILLO URRUTIA": 4.0, "MIGUEL URIBE LONDOÑO": 4.0, "PALOMA VALENCIA LASERNA": 233.0, "RAÚL SANTIAGO BOTERO JARAMILLO": 21.0, "ROY LEONARDO BARRERAS MONTEALEGRE": 3.0, "SERGIO FAJARDO VALDERRAMA": 274.0, "SONDRA MACOLLINS GARVIN PINTO": 1.0, "ÓSCAR MAURICIO LIZCANO ARANGO": 3.0, "TOTAL_VOTOS": 3535.0, "GANADOR": "IVÁN CEPEDA CASTRO", "VOTOS_GANADOR": 1705.0, "PCT_GANADOR": 48.2 }, "geometry": { "type": "Point", "coordinates": [ -74.0933757, 4.73526197 ] } },
{ "type": "Feature", "properties": { "LOCALIDAD": "Suba", "DIRECCION": "CRA 99 # 154 - 26", "SITIO": "Juan Lozano y Lozano Sede B - IED", "NOMBRE": "Colegio Distrital Juan Lozano y Lozano Sede B", "ABELARDO DE LA ESPRIELLA": 2251.0, "CARLOS EDUARDO CAICEDO OMAR": 0.0, "CLAUDIA LÓPEZ": 131.0, "GUSTAVO MATAMOROS CAMACHO": 3.0, "IVÁN CEPEDA CASTRO": 2443.0, "LUIS GILBERTO MURILLO URRUTIA": 2.0, "MIGUEL URIBE LONDOÑO": 5.0, "PALOMA VALENCIA LASERNA": 480.0, "RAÚL SANTIAGO BOTERO JARAMILLO": 18.0, "ROY LEONARDO BARRERAS MONTEALEGRE": 0.0, "SERGIO FAJARDO VALDERRAMA": 452.0, "SONDRA MACOLLINS GARVIN PINTO": 3.0, "ÓSCAR MAURICIO LIZCANO ARANGO": 8.0, "TOTAL_VOTOS": 5796.0, "GANADOR": "IVÁN CEPEDA CASTRO", "VOTOS_GANADOR": 2443.0, "PCT_GANADOR": 42.1 }, "geometry": { "type": "Point", "coordinates": [ -74.08667298, 4.75349572 ] } },
{ "type": "Feature", "properties": { "LOCALIDAD": "Suba", "DIRECCION": "CLL 132 D # 123 B - 65 / CRA 124 # 132B - 02", "SITIO": "La Gaitana Sede B - IED", "NOMBRE": "Colegio Distrital La Gaitana Sede B", "ABELARDO DE LA ESPRIELLA": 990.0, "CARLOS EDUARDO CAICEDO OMAR": 1.0, "CLAUDIA LÓPEZ": 66.0, "GUSTAVO MATAMOROS CAMACHO": 0.0, "IVÁN CEPEDA CASTRO": 2177.0, "LUIS GILBERTO MURILLO URRUTIA": 0.0, "MIGUEL URIBE LONDOÑO": 5.0, "PALOMA VALENCIA LASERNA": 146.0, "RAÚL SANTIAGO BOTERO JARAMILLO": 27.0, "ROY LEONARDO BARRERAS MONTEALEGRE": 1.0, "SERGIO FAJARDO VALDERRAMA": 226.0, "SONDRA MACOLLINS GARVIN PINTO": 2.0, "ÓSCAR MAURICIO LIZCANO ARANGO": 4.0, "TOTAL_VOTOS": 3645.0, "GANADOR": "IVÁN CEPEDA CASTRO", "VOTOS_GANADOR": 2177.0, "PCT_GANADOR": 59.7 }, "geometry": { "type": "Point", "coordinates": [ -74.10669834, 4.73971803 ] } },
{ "type": "Feature", "properties": { "LOCALIDAD": "Suba", "DIRECCION": "CLL 131 C # 126 - 48", "SITIO": "Colegio Elisa Mujica Velasquez", "NOMBRE": "Colegio Elisa Mujica Velasquez", "ABELARDO DE LA ESPRIELLA": 193.0, "CARLOS EDUARDO CAICEDO OMAR": 0.0, "CLAUDIA LÓPEZ": 19.0, "GUSTAVO MATAMOROS CAMACHO": 0.0, "IVÁN CEPEDA CASTRO": 350.0, "LUIS GILBERTO MURILLO URRUTIA": 0.0, "MIGUEL URIBE LONDOÑO": 1.0, "PALOMA VALENCIA LASERNA": 43.0, "RAÚL SANTIAGO BOTERO JARAMILLO": 7.0, "ROY LEONARDO BARRERAS MONTEALEGRE": 0.0, "SERGIO FAJARDO VALDERRAMA": 36.0, "SONDRA MACOLLINS GARVIN PINTO": 0.0, "ÓSCAR MAURICIO LIZCANO ARANGO": 3.0, "TOTAL_VOTOS": 652.0, "GANADOR": "IVÁN CEPEDA CASTRO", "VOTOS_GANADOR": 350.0, "PCT_GANADOR": 53.7 }, "geometry": { "type": "Point", "coordinates": [ -74.11198906, 4.73930339 ] } },
{ "type": "Feature", "properties": { "LOCALIDAD": "Suba", "DIRECCION": "CRA 123 # 129 D - 22 / CRA 123 # 129 D - 55", "SITIO": "República Dominicana Sede B - IED", "NOMBRE": "Colegio Distrital República Dominicana Sede B", "ABELARDO DE LA ESPRIELLA": 1394.0, "CARLOS EDUARDO CAICEDO OMAR": 3.0, "CLAUDIA LÓPEZ": 100.0, "GUSTAVO MATAMOROS CAMACHO": 0.0, "IVÁN CEPEDA CASTRO": 2046.0, "LUIS GILBERTO MURILLO URRUTIA": 3.0, "MIGUEL URIBE LONDOÑO": 1.0, "PALOMA VALENCIA LASERNA": 236.0, "RAÚL SANTIAGO BOTERO JARAMILLO": 26.0, "ROY LEONARDO BARRERAS MONTEALEGRE": 3.0, "SERGIO FAJARDO VALDERRAMA": 269.0, "SONDRA MACOLLINS GARVIN PINTO": 1.0, "ÓSCAR MAURICIO LIZCANO ARANGO": 3.0, "TOTAL_VOTOS": 4085.0, "GANADOR": "IVÁN CEPEDA CASTRO", "VOTOS_GANADOR": 2046.0, "PCT_GANADOR": 50.1 }, "geometry": { "type": "Point", "coordinates": [ -74.10777579, 4.73490332 ] } },
{ "type": "Feature", "properties": { "LOCALIDAD": "Suba", "DIRECCION": "CRA 104 # 148 - 07", "SITIO": "Centro Comercial Plaza Imperial", "NOMBRE": "Centro Comercial Plaza Imperial", "ABELARDO DE LA ESPRIELLA": 4307.0, "CARLOS EDUARDO CAICEDO OMAR": 3.0, "CLAUDIA LÓPEZ": 264.0, "GUSTAVO MATAMOROS CAMACHO": 2.0, "IVÁN CEPEDA CASTRO": 4887.0, "LUIS GILBERTO MURILLO URRUTIA": 6.0, "MIGUEL URIBE LONDOÑO": 11.0, "PALOMA VALENCIA LASERNA": 910.0, "RAÚL SANTIAGO BOTERO JARAMILLO": 44.0, "ROY LEONARDO BARRERAS MONTEALEGRE": 0.0, "SERGIO FAJARDO VALDERRAMA": 996.0, "SONDRA MACOLLINS GARVIN PINTO": 10.0, "ÓSCAR MAURICIO LIZCANO ARANGO": 14.0, "TOTAL_VOTOS": 11454.0, "GANADOR": "IVÁN CEPEDA CASTRO", "VOTOS_GANADOR": 4887.0, "PCT_GANADOR": 42.7 }, "geometry": { "type": "Point", "coordinates": [ -74.09552227, 4.74869891 ] } },
{ "type": "Feature", "properties": { "LOCALIDAD": "Suba", "DIRECCION": "CRA 109 B # 141 A - 36 / CRA 109 B # 141 A 56", "SITIO": "Salón Comunal El Solar", "NOMBRE": "Salón Comunal El Solar 1", "ABELARDO DE LA ESPRIELLA": 787.0, "CARLOS EDUARDO CAICEDO OMAR": 0.0, "CLAUDIA LÓPEZ": 51.0, "GUSTAVO MATAMOROS CAMACHO": 1.0, "IVÁN CEPEDA CASTRO": 1045.0, "LUIS GILBERTO MURILLO URRUTIA": 1.0, "MIGUEL URIBE LONDOÑO": 4.0, "PALOMA VALENCIA LASERNA": 166.0, "RAÚL SANTIAGO BOTERO JARAMILLO": 16.0, "ROY LEONARDO BARRERAS MONTEALEGRE": 2.0, "SERGIO FAJARDO VALDERRAMA": 143.0, "SONDRA MACOLLINS GARVIN PINTO": 5.0, "ÓSCAR MAURICIO LIZCANO ARANGO": 7.0, "TOTAL_VOTOS": 2228.0, "GANADOR": "IVÁN CEPEDA CASTRO", "VOTOS_GANADOR": 1045.0, "PCT_GANADOR": 46.9 }, "geometry": { "type": "Point", "coordinates": [ -74.09980173, 4.74583368 ] } },
{ "type": "Feature", "properties": { "LOCALIDAD": "Suba", "DIRECCION": "CLL 137 # 145 B - 12", "SITIO": "Salón Comunal San Pedro de Tibabuyes", "NOMBRE": "Salón Comunal San Pedro de Tibabuyes", "ABELARDO DE LA ESPRIELLA": 525.0, "CARLOS EDUARDO CAICEDO OMAR": 3.0, "CLAUDIA LÓPEZ": 28.0, "GUSTAVO MATAMOROS CAMACHO": 0.0, "IVÁN CEPEDA CASTRO": 1074.0, "LUIS GILBERTO MURILLO URRUTIA": 1.0, "MIGUEL URIBE LONDOÑO": 2.0, "PALOMA VALENCIA LASERNA": 62.0, "RAÚL SANTIAGO BOTERO JARAMILLO": 15.0, "ROY LEONARDO BARRERAS MONTEALEGRE": 1.0, "SERGIO FAJARDO VALDERRAMA": 64.0, "SONDRA MACOLLINS GARVIN PINTO": 2.0, "ÓSCAR MAURICIO LIZCANO ARANGO": 2.0, "TOTAL_VOTOS": 1779.0, "GANADOR": "IVÁN CEPEDA CASTRO", "VOTOS_GANADOR": 1074.0, "PCT_GANADOR": 60.4 }, "geometry": { "type": "Point", "coordinates": [ -74.1179344, 4.74635541 ] } },
{ "type": "Feature", "properties": { "LOCALIDAD": "Barrios Unidos", "DIRECCION": "AV CLL 72 # 58 - 75", "SITIO": "Jorge Eliecer Gaitán Sede B Primaria", "NOMBRE": "Colegio Distrital Jorge Eliecer Gaitán - Sede B", "ABELARDO DE LA ESPRIELLA": 1202.0, "CARLOS EDUARDO CAICEDO OMAR": 0.0, "CLAUDIA LÓPEZ": 72.0, "GUSTAVO MATAMOROS CAMACHO": 2.0, "IVÁN CEPEDA CASTRO": 1159.0, "LUIS GILBERTO MURILLO URRUTIA": 0.0, "MIGUEL URIBE LONDOÑO": 2.0, "PALOMA VALENCIA LASERNA": 264.0, "RAÚL SANTIAGO BOTERO JARAMILLO": 15.0, "ROY LEONARDO BARRERAS MONTEALEGRE": 2.0, "SERGIO FAJARDO VALDERRAMA": 341.0, "SONDRA MACOLLINS GARVIN PINTO": 1.0, "ÓSCAR MAURICIO LIZCANO ARANGO": 1.0, "TOTAL_VOTOS": 3061.0, "GANADOR": "ABELARDO DE LA ESPRIELLA", "VOTOS_GANADOR": 1202.0, "PCT_GANADOR": 39.3 }, "geometry": { "type": "Point", "coordinates": [ -74.0798393, 4.67251788 ] } },
{ "type": "Feature", "properties": { "LOCALIDAD": "Barrios Unidos", "DIRECCION": "CLL 78 # 58 - 60", "SITIO": "República de Panamá Sede C", "NOMBRE": "Colegio Distrital República de Panamá - Sede C", "ABELARDO DE LA ESPRIELLA": 557.0, "CARLOS EDUARDO CAICEDO OMAR": 0.0, "CLAUDIA LÓPEZ": 24.0, "GUSTAVO MATAMOROS CAMACHO": 0.0, "IVÁN CEPEDA CASTRO": 702.0, "LUIS GILBERTO MURILLO URRUTIA": 0.0, "MIGUEL URIBE LONDOÑO": 2.0, "PALOMA VALENCIA LASERNA": 119.0, "RAÚL SANTIAGO BOTERO JARAMILLO": 10.0, "ROY LEONARDO BARRERAS MONTEALEGRE": 0.0, "SERGIO FAJARDO VALDERRAMA": 119.0, "SONDRA MACOLLINS GARVIN PINTO": 0.0, "ÓSCAR MAURICIO LIZCANO ARANGO": 2.0, "TOTAL_VOTOS": 1535.0, "GANADOR": "IVÁN CEPEDA CASTRO", "VOTOS_GANADOR": 702.0, "PCT_GANADOR": 45.7 }, "geometry": { "type": "Point", "coordinates": [ -74.07657953, 4.67640876 ] } },
{ "type": "Feature", "properties": { "LOCALIDAD": "Barrios Unidos", "DIRECCION": "CRA 52 # 76 - 63", "SITIO": "Lorencita Villegas de Santos", "NOMBRE": "Colegio Distrital Lorencita Villegas de Santos", "ABELARDO DE LA ESPRIELLA": 109.0, "CARLOS EDUARDO CAICEDO OMAR": 0.0, "CLAUDIA LÓPEZ": 4.0, "GUSTAVO MATAMOROS CAMACHO": 0.0, "IVÁN CEPEDA CASTRO": 76.0, "LUIS GILBERTO MURILLO URRUTIA": 0.0, "MIGUEL URIBE LONDOÑO": 1.0, "PALOMA VALENCIA LASERNA": 13.0, "RAÚL SANTIAGO BOTERO JARAMILLO": 2.0, "ROY LEONARDO BARRERAS MONTEALEGRE": 0.0, "SERGIO FAJARDO VALDERRAMA": 29.0, "SONDRA MACOLLINS GARVIN PINTO": 0.0, "ÓSCAR MAURICIO LIZCANO ARANGO": 2.0, "TOTAL_VOTOS": 236.0, "GANADOR": "ABELARDO DE LA ESPRIELLA", "VOTOS_GANADOR": 109.0, "PCT_GANADOR": 46.2 }, "geometry": { "type": "Point", "coordinates": [ -74.07196112, 4.67264018 ] } },
{ "type": "Feature", "properties": { "LOCALIDAD": "Barrios Unidos", "DIRECCION": "CLL 65 A # 15 - 64 / CLL 65 A # 15A - 02", "SITIO": "Heladia Mejía Sede A", "NOMBRE": "Colegio Distrital Heladía Mejía Sede A", "ABELARDO DE LA ESPRIELLA": 142.0, "CARLOS EDUARDO CAICEDO OMAR": 0.0, "CLAUDIA LÓPEZ": 11.0, "GUSTAVO MATAMOROS CAMACHO": 1.0, "IVÁN CEPEDA CASTRO": 188.0, "LUIS GILBERTO MURILLO URRUTIA": 0.0, "MIGUEL URIBE LONDOÑO": 0.0, "PALOMA VALENCIA LASERNA": 22.0, "RAÚL SANTIAGO BOTERO JARAMILLO": 1.0, "ROY LEONARDO BARRERAS MONTEALEGRE": 0.0, "SERGIO FAJARDO VALDERRAMA": 36.0, "SONDRA MACOLLINS GARVIN PINTO": 0.0, "ÓSCAR MAURICIO LIZCANO ARANGO": 0.0, "TOTAL_VOTOS": 401.0, "GANADOR": "IVÁN CEPEDA CASTRO", "VOTOS_GANADOR": 188.0, "PCT_GANADOR": 46.9 }, "geometry": { "type": "Point", "coordinates": [ -74.06566703, 4.65312352 ] } },
{ "type": "Feature", "properties": { "LOCALIDAD": "Barrios Unidos", "DIRECCION": "CLL 91 A # 60 - 01", "SITIO": "Domingo Faustino Sarmiento Sede B", "NOMBRE": "Colegio Distrital Domingo Faustino Sarmiento Sede B", "ABELARDO DE LA ESPRIELLA": 356.0, "CARLOS EDUARDO CAICEDO OMAR": 0.0, "CLAUDIA LÓPEZ": 23.0, "GUSTAVO MATAMOROS CAMACHO": 0.0, "IVÁN CEPEDA CASTRO": 298.0, "LUIS GILBERTO MURILLO URRUTIA": 1.0, "MIGUEL URIBE LONDOÑO": 1.0, "PALOMA VALENCIA LASERNA": 69.0, "RAÚL SANTIAGO BOTERO JARAMILLO": 7.0, "ROY LEONARDO BARRERAS MONTEALEGRE": 0.0, "SERGIO FAJARDO VALDERRAMA": 79.0, "SONDRA MACOLLINS GARVIN PINTO": 0.0, "ÓSCAR MAURICIO LIZCANO ARANGO": 1.0, "TOTAL_VOTOS": 835.0, "GANADOR": "ABELARDO DE LA ESPRIELLA", "VOTOS_GANADOR": 356.0, "PCT_GANADOR": 42.6 }, "geometry": { "type": "Point", "coordinates": [ -74.06668701, 4.68052683 ] } },
{ "type": "Feature", "properties": { "LOCALIDAD": "Barrios Unidos", "DIRECCION": "CRA 28 B #75 - 11 ", "SITIO": "11 de Noviembre", "NOMBRE": "Jardín Infantil Santa Sofía", "ABELARDO DE LA ESPRIELLA": 127.0, "CARLOS EDUARDO CAICEDO OMAR": 0.0, "CLAUDIA LÓPEZ": 7.0, "GUSTAVO MATAMOROS CAMACHO": 0.0, "IVÁN CEPEDA CASTRO": 149.0, "LUIS GILBERTO MURILLO URRUTIA": 0.0, "MIGUEL URIBE LONDOÑO": 0.0, "PALOMA VALENCIA LASERNA": 22.0, "RAÚL SANTIAGO BOTERO JARAMILLO": 0.0, "ROY LEONARDO BARRERAS MONTEALEGRE": 0.0, "SERGIO FAJARDO VALDERRAMA": 23.0, "SONDRA MACOLLINS GARVIN PINTO": 0.0, "ÓSCAR MAURICIO LIZCANO ARANGO": 0.0, "TOTAL_VOTOS": 328.0, "GANADOR": "IVÁN CEPEDA CASTRO", "VOTOS_GANADOR": 149.0, "PCT_GANADOR": 45.4 }, "geometry": { "type": "Point", "coordinates": [ -74.06914314, 4.6685027 ] } },
{ "type": "Feature", "properties": { "LOCALIDAD": "Teusaquillo", "DIRECCION": "CLL 46 # 28 - 30", "SITIO": "Círculo Colombiano de Artistas", "NOMBRE": "Teatro Bernardo Romero Lozano", "ABELARDO DE LA ESPRIELLA": 119.0, "CARLOS EDUARDO CAICEDO OMAR": 0.0, "CLAUDIA LÓPEZ": 20.0, "GUSTAVO MATAMOROS CAMACHO": 0.0, "IVÁN CEPEDA CASTRO": 324.0, "LUIS GILBERTO MURILLO URRUTIA": 0.0, "MIGUEL URIBE LONDOÑO": 0.0, "PALOMA VALENCIA LASERNA": 57.0, "RAÚL SANTIAGO BOTERO JARAMILLO": 2.0, "ROY LEONARDO BARRERAS MONTEALEGRE": 0.0, "SERGIO FAJARDO VALDERRAMA": 59.0, "SONDRA MACOLLINS GARVIN PINTO": 0.0, "ÓSCAR MAURICIO LIZCANO ARANGO": 1.0, "TOTAL_VOTOS": 582.0, "GANADOR": "IVÁN CEPEDA CASTRO", "VOTOS_GANADOR": 324.0, "PCT_GANADOR": 55.7 }, "geometry": { "type": "Point", "coordinates": [ -74.07842897, 4.63613678 ] } },
{ "type": "Feature", "properties": { "LOCALIDAD": "Teusaquillo", "DIRECCION": "CRA 45 # 26 - 85", "SITIO": "Universidad Nacional Aud Alfonso López", "NOMBRE": "Universidad Nacional - Auditorio Alfonso López Pumarejo", "ABELARDO DE LA ESPRIELLA": 203.0, "CARLOS EDUARDO CAICEDO OMAR": 0.0, "CLAUDIA LÓPEZ": 29.0, "GUSTAVO MATAMOROS CAMACHO": 0.0, "IVÁN CEPEDA CASTRO": 1229.0, "LUIS GILBERTO MURILLO URRUTIA": 0.0, "MIGUEL URIBE LONDOÑO": 0.0, "PALOMA VALENCIA LASERNA": 128.0, "RAÚL SANTIAGO BOTERO JARAMILLO": 1.0, "ROY LEONARDO BARRERAS MONTEALEGRE": 0.0, "SERGIO FAJARDO VALDERRAMA": 268.0, "SONDRA MACOLLINS GARVIN PINTO": 2.0, "ÓSCAR MAURICIO LIZCANO ARANGO": 1.0, "TOTAL_VOTOS": 1861.0, "GANADOR": "IVÁN CEPEDA CASTRO", "VOTOS_GANADOR": 1229.0, "PCT_GANADOR": 66.0 }, "geometry": { "type": "Point", "coordinates": [ -74.08986528, 4.63949319 ] } },
{ "type": "Feature", "properties": { "LOCALIDAD": "Teusaquillo", "DIRECCION": "CRA 30 # 25 - 90", "SITIO": "Supercade CAD", "NOMBRE": "Sistema Distrital de Servicio a la Ciudadanía - Supercade CAD", "ABELARDO DE LA ESPRIELLA": 591.0, "CARLOS EDUARDO CAICEDO OMAR": 0.0, "CLAUDIA LÓPEZ": 25.0, "GUSTAVO MATAMOROS CAMACHO": 1.0, "IVÁN CEPEDA CASTRO": 1268.0, "LUIS GILBERTO MURILLO URRUTIA": 5.0, "MIGUEL URIBE LONDOÑO": 1.0, "PALOMA VALENCIA LASERNA": 202.0, "RAÚL SANTIAGO BOTERO JARAMILLO": 3.0, "ROY LEONARDO BARRERAS MONTEALEGRE": 1.0, "SERGIO FAJARDO VALDERRAMA": 242.0, "SONDRA MACOLLINS GARVIN PINTO": 1.0, "ÓSCAR MAURICIO LIZCANO ARANGO": 1.0, "TOTAL_VOTOS": 2341.0, "GANADOR": "IVÁN CEPEDA CASTRO", "VOTOS_GANADOR": 1268.0, "PCT_GANADOR": 54.2 }, "geometry": { "type": "Point", "coordinates": [ -74.08150577, 4.62553234 ] } },
{ "type": "Feature", "properties": { "LOCALIDAD": "Mártires", "DIRECCION": "AV NQS con 19 /CRA 30 20 54 ", "SITIO": "Mallplaza", "NOMBRE": "Centro Comercial Mallplaza", "ABELARDO DE LA ESPRIELLA": 1588.0, "CARLOS EDUARDO CAICEDO OMAR": 0.0, "CLAUDIA LÓPEZ": 63.0, "GUSTAVO MATAMOROS CAMACHO": 0.0, "IVÁN CEPEDA CASTRO": 1753.0, "LUIS GILBERTO MURILLO URRUTIA": 1.0, "MIGUEL URIBE LONDOÑO": 3.0, "PALOMA VALENCIA LASERNA": 323.0, "RAÚL SANTIAGO BOTERO JARAMILLO": 29.0, "ROY LEONARDO BARRERAS MONTEALEGRE": 2.0, "SERGIO FAJARDO VALDERRAMA": 391.0, "SONDRA MACOLLINS GARVIN PINTO": 9.0, "ÓSCAR MAURICIO LIZCANO ARANGO": 4.0, "TOTAL_VOTOS": 4166.0, "GANADOR": "IVÁN CEPEDA CASTRO", "VOTOS_GANADOR": 1753.0, "PCT_GANADOR": 42.1 }, "geometry": { "type": "Point", "coordinates": [ -74.08655261, 4.61922697 ] } },
{ "type": "Feature", "properties": { "LOCALIDAD": "Antonio Nariño", "DIRECCION": "CLL 2 Sur # 13 A - 16", "SITIO": "Salón Comunal Sevilla Sur", "NOMBRE": "Salón Comunal Sevilla Sur", "ABELARDO DE LA ESPRIELLA": 105.0, "CARLOS EDUARDO CAICEDO OMAR": 0.0, "CLAUDIA LÓPEZ": 8.0, "GUSTAVO MATAMOROS CAMACHO": 0.0, "IVÁN CEPEDA CASTRO": 157.0, "LUIS GILBERTO MURILLO URRUTIA": 0.0, "MIGUEL URIBE LONDOÑO": 0.0, "PALOMA VALENCIA LASERNA": 12.0, "RAÚL SANTIAGO BOTERO JARAMILLO": 1.0, "ROY LEONARDO BARRERAS MONTEALEGRE": 0.0, "SERGIO FAJARDO VALDERRAMA": 17.0, "SONDRA MACOLLINS GARVIN PINTO": 2.0, "ÓSCAR MAURICIO LIZCANO ARANGO": 0.0, "TOTAL_VOTOS": 302.0, "GANADOR": "IVÁN CEPEDA CASTRO", "VOTOS_GANADOR": 157.0, "PCT_GANADOR": 52.0 }, "geometry": { "type": "Point", "coordinates": [ -74.09024812, 4.59027577 ] } },
{ "type": "Feature", "properties": { "LOCALIDAD": "Puente Aranda", "DIRECCION": "CRA 56 # 17 - 11", "SITIO": "José Joaquín Casas Sede B", "NOMBRE": "Colegio Distrital José Joaquín Casas Sede B", "ABELARDO DE LA ESPRIELLA": 208.0, "CARLOS EDUARDO CAICEDO OMAR": 0.0, "CLAUDIA LÓPEZ": 11.0, "GUSTAVO MATAMOROS CAMACHO": 0.0, "IVÁN CEPEDA CASTRO": 173.0, "LUIS GILBERTO MURILLO URRUTIA": 0.0, "MIGUEL URIBE LONDOÑO": 0.0, "PALOMA VALENCIA LASERNA": 27.0, "RAÚL SANTIAGO BOTERO JARAMILLO": 6.0, "ROY LEONARDO BARRERAS MONTEALEGRE": 0.0, "SERGIO FAJARDO VALDERRAMA": 27.0, "SONDRA MACOLLINS GARVIN PINTO": 0.0, "ÓSCAR MAURICIO LIZCANO ARANGO": 0.0, "TOTAL_VOTOS": 452.0, "GANADOR": "ABELARDO DE LA ESPRIELLA", "VOTOS_GANADOR": 208.0, "PCT_GANADOR": 46.0 }, "geometry": { "type": "Point", "coordinates": [ -74.1084016, 4.63260621 ] } },
{ "type": "Feature", "properties": { "LOCALIDAD": "Puente Aranda", "DIRECCION": "CLL 18 # 35 - 25", "SITIO": "Centro Educativo Distrital España", "NOMBRE": "Colegio Distrital Centro Educativo España", "ABELARDO DE LA ESPRIELLA": 144.0, "CARLOS EDUARDO CAICEDO OMAR": 0.0, "CLAUDIA LÓPEZ": 6.0, "GUSTAVO MATAMOROS CAMACHO": 0.0, "IVÁN CEPEDA CASTRO": 222.0, "LUIS GILBERTO MURILLO URRUTIA": 0.0, "MIGUEL URIBE LONDOÑO": 0.0, "PALOMA VALENCIA LASERNA": 13.0, "RAÚL SANTIAGO BOTERO JARAMILLO": 2.0, "ROY LEONARDO BARRERAS MONTEALEGRE": 0.0, "SERGIO FAJARDO VALDERRAMA": 26.0, "SONDRA MACOLLINS GARVIN PINTO": 0.0, "ÓSCAR MAURICIO LIZCANO ARANGO": 0.0, "TOTAL_VOTOS": 413.0, "GANADOR": "IVÁN CEPEDA CASTRO", "VOTOS_GANADOR": 222.0, "PCT_GANADOR": 53.8 }, "geometry": { "type": "Point", "coordinates": [ -74.09303402, 4.62180608 ] } },
{ "type": "Feature", "properties": { "LOCALIDAD": "Rafael Uribe Uribe", "DIRECCION": "AV CRA 14 # 23 - 24 Sur /CRA 14 # 22A - 24 Sur", "SITIO": "Liceo Femenino Mercedes Nariño", "NOMBRE": "Colegio Distrital Liceo Femenino Mercedes Nariño", "ABELARDO DE LA ESPRIELLA": 258.0, "CARLOS EDUARDO CAICEDO OMAR": 1.0, "CLAUDIA LÓPEZ": 25.0, "GUSTAVO MATAMOROS CAMACHO": 0.0, "IVÁN CEPEDA CASTRO": 446.0, "LUIS GILBERTO MURILLO URRUTIA": 2.0, "MIGUEL URIBE LONDOÑO": 0.0, "PALOMA VALENCIA LASERNA": 62.0, "RAÚL SANTIAGO BOTERO JARAMILLO": 2.0, "ROY LEONARDO BARRERAS MONTEALEGRE": 0.0, "SERGIO FAJARDO VALDERRAMA": 65.0, "SONDRA MACOLLINS GARVIN PINTO": 0.0, "ÓSCAR MAURICIO LIZCANO ARANGO": 0.0, "TOTAL_VOTOS": 861.0, "GANADOR": "IVÁN CEPEDA CASTRO", "VOTOS_GANADOR": 446.0, "PCT_GANADOR": 51.8 }, "geometry": { "type": "Point", "coordinates": [ -74.10338391, 4.58055906 ] } },
{ "type": "Feature", "properties": { "LOCALIDAD": "Rafael Uribe Uribe", "DIRECCION": "CLL 49 A Sur # 5 A - 37", "SITIO": "Colegio Toribio de Mogrovejo", "NOMBRE": "Colegio Distrital Toribio de Mogrovejo", "ABELARDO DE LA ESPRIELLA": 90.0, "CARLOS EDUARDO CAICEDO OMAR": 0.0, "CLAUDIA LÓPEZ": 7.0, "GUSTAVO MATAMOROS CAMACHO": 0.0, "IVÁN CEPEDA CASTRO": 220.0, "LUIS GILBERTO MURILLO URRUTIA": 0.0, "MIGUEL URIBE LONDOÑO": 0.0, "PALOMA VALENCIA LASERNA": 23.0, "RAÚL SANTIAGO BOTERO JARAMILLO": 2.0, "ROY LEONARDO BARRERAS MONTEALEGRE": 0.0, "SERGIO FAJARDO VALDERRAMA": 20.0, "SONDRA MACOLLINS GARVIN PINTO": 0.0, "ÓSCAR MAURICIO LIZCANO ARANGO": 0.0, "TOTAL_VOTOS": 362.0, "GANADOR": "IVÁN CEPEDA CASTRO", "VOTOS_GANADOR": 220.0, "PCT_GANADOR": 60.8 }, "geometry": { "type": "Point", "coordinates": [ -74.11225629, 4.54735337 ] } },
{ "type": "Feature", "properties": { "LOCALIDAD": "Rafael Uribe Uribe", "DIRECCION": "CRA 13 A # 32 A - 36 Sur / CRA 13 A # 32 A - 96 Sur", "SITIO": "Colegio José Marti  Luis López de Mesa", "NOMBRE": "Colegio Distrital José Marti Sede A -  Luis López de Mesa", "ABELARDO DE LA ESPRIELLA": 88.0, "CARLOS EDUARDO CAICEDO OMAR": 0.0, "CLAUDIA LÓPEZ": 10.0, "GUSTAVO MATAMOROS CAMACHO": 0.0, "IVÁN CEPEDA CASTRO": 309.0, "LUIS GILBERTO MURILLO URRUTIA": 0.0, "MIGUEL URIBE LONDOÑO": 0.0, "PALOMA VALENCIA LASERNA": 15.0, "RAÚL SANTIAGO BOTERO JARAMILLO": 3.0, "ROY LEONARDO BARRERAS MONTEALEGRE": 0.0, "SERGIO FAJARDO VALDERRAMA": 21.0, "SONDRA MACOLLINS GARVIN PINTO": 0.0, "ÓSCAR MAURICIO LIZCANO ARANGO": 1.0, "TOTAL_VOTOS": 447.0, "GANADOR": "IVÁN CEPEDA CASTRO", "VOTOS_GANADOR": 309.0, "PCT_GANADOR": 69.1 }, "geometry": { "type": "Point", "coordinates": [ -74.11197878, 4.57316448 ] } },
{ "type": "Feature", "properties": { "LOCALIDAD": "Rafael Uribe Uribe", "DIRECCION": "CLL 40 Sur # 23 - 25", "SITIO": "Colegio  Restrepo Millán Sede A", "NOMBRE": "Colegio Distrital  Restrepo Millán Sede A", "ABELARDO DE LA ESPRIELLA": 570.0, "CARLOS EDUARDO CAICEDO OMAR": 1.0, "CLAUDIA LÓPEZ": 41.0, "GUSTAVO MATAMOROS CAMACHO": 0.0, "IVÁN CEPEDA CASTRO": 993.0, "LUIS GILBERTO MURILLO URRUTIA": 0.0, "MIGUEL URIBE LONDOÑO": 1.0, "PALOMA VALENCIA LASERNA": 115.0, "RAÚL SANTIAGO BOTERO JARAMILLO": 20.0, "ROY LEONARDO BARRERAS MONTEALEGRE": 1.0, "SERGIO FAJARDO VALDERRAMA": 146.0, "SONDRA MACOLLINS GARVIN PINTO": 1.0, "ÓSCAR MAURICIO LIZCANO ARANGO": 3.0, "TOTAL_VOTOS": 1892.0, "GANADOR": "IVÁN CEPEDA CASTRO", "VOTOS_GANADOR": 993.0, "PCT_GANADOR": 52.5 }, "geometry": { "type": "Point", "coordinates": [ -74.12087787, 4.5793017 ] } },
{ "type": "Feature", "properties": { "LOCALIDAD": "Ciudad Bolívar", "DIRECCION": "CRA 38 # 59 B - 43 Sur / CL 59B Bis Sur # 38 - 05", "SITIO": "Casa de la Cultura Ciudad Bolívar", "NOMBRE": "Casa de la Cultura Ciudad Bolívar", "ABELARDO DE LA ESPRIELLA": 476.0, "CARLOS EDUARDO CAICEDO OMAR": 0.0, "CLAUDIA LÓPEZ": 47.0, "GUSTAVO MATAMOROS CAMACHO": 0.0, "IVÁN CEPEDA CASTRO": 1213.0, "LUIS GILBERTO MURILLO URRUTIA": 1.0, "MIGUEL URIBE LONDOÑO": 3.0, "PALOMA VALENCIA LASERNA": 100.0, "RAÚL SANTIAGO BOTERO JARAMILLO": 12.0, "ROY LEONARDO BARRERAS MONTEALEGRE": 1.0, "SERGIO FAJARDO VALDERRAMA": 115.0, "SONDRA MACOLLINS GARVIN PINTO": 3.0, "ÓSCAR MAURICIO LIZCANO ARANGO": 1.0, "TOTAL_VOTOS": 1972.0, "GANADOR": "IVÁN CEPEDA CASTRO", "VOTOS_GANADOR": 1213.0, "PCT_GANADOR": 61.5 }, "geometry": { "type": "Point", "coordinates": [ -74.15093495, 4.57298284 ] } },
{ "type": "Feature", "properties": { "LOCALIDAD": "Ciudad Bolívar", "DIRECCION": "CLL 59 A Sur # 42 - 20", "SITIO": "Arborizadora Baja Salón Comunal", "NOMBRE": "Salón Comunal Arborizadora Baja", "ABELARDO DE LA ESPRIELLA": 411.0, "CARLOS EDUARDO CAICEDO OMAR": 1.0, "CLAUDIA LÓPEZ": 36.0, "GUSTAVO MATAMOROS CAMACHO": 0.0, "IVÁN CEPEDA CASTRO": 1197.0, "LUIS GILBERTO MURILLO URRUTIA": 3.0, "MIGUEL URIBE LONDOÑO": 0.0, "PALOMA VALENCIA LASERNA": 98.0, "RAÚL SANTIAGO BOTERO JARAMILLO": 20.0, "ROY LEONARDO BARRERAS MONTEALEGRE": 0.0, "SERGIO FAJARDO VALDERRAMA": 117.0, "SONDRA MACOLLINS GARVIN PINTO": 1.0, "ÓSCAR MAURICIO LIZCANO ARANGO": 2.0, "TOTAL_VOTOS": 1886.0, "GANADOR": "IVÁN CEPEDA CASTRO", "VOTOS_GANADOR": 1197.0, "PCT_GANADOR": 63.5 }, "geometry": { "type": "Point", "coordinates": [ -74.15135666, 4.5740081 ] } },
{ "type": "Feature", "properties": { "LOCALIDAD": "Usaquén", "DIRECCION": "CLL 106 # 19 - 18", "SITIO": "Universidad de America Sede Posgrados", "NOMBRE": "Universidad de America Sede Posgrados", "ABELARDO DE LA ESPRIELLA": 3092.0, "CARLOS EDUARDO CAICEDO OMAR": 0.0, "CLAUDIA LÓPEZ": 68.0, "GUSTAVO MATAMOROS CAMACHO": 0.0, "IVÁN CEPEDA CASTRO": 509.0, "LUIS GILBERTO MURILLO URRUTIA": 0.0, "MIGUEL URIBE LONDOÑO": 2.0, "PALOMA VALENCIA LASERNA": 1145.0, "RAÚL SANTIAGO BOTERO JARAMILLO": 0.0, "ROY LEONARDO BARRERAS MONTEALEGRE": 2.0, "SERGIO FAJARDO VALDERRAMA": 517.0, "SONDRA MACOLLINS GARVIN PINTO": 1.0, "ÓSCAR MAURICIO LIZCANO ARANGO": 6.0, "TOTAL_VOTOS": 5342.0, "GANADOR": "ABELARDO DE LA ESPRIELLA", "VOTOS_GANADOR": 3092.0, "PCT_GANADOR": 57.9 }, "geometry": { "type": "Point", "coordinates": [ -74.05121914, 4.69290432 ] } },
{ "type": "Feature", "properties": { "LOCALIDAD": "Usaquén", "DIRECCION": "AV CRA 9 # 146 - 40", "SITIO": "Colegio Usaquén Sede B", "NOMBRE": "Colegio Usaquén Sede B", "ABELARDO DE LA ESPRIELLA": 4533.0, "CARLOS EDUARDO CAICEDO OMAR": 0.0, "CLAUDIA LÓPEZ": 134.0, "GUSTAVO MATAMOROS CAMACHO": 1.0, "IVÁN CEPEDA CASTRO": 1544.0, "LUIS GILBERTO MURILLO URRUTIA": 0.0, "MIGUEL URIBE LONDOÑO": 1.0, "PALOMA VALENCIA LASERNA": 1278.0, "RAÚL SANTIAGO BOTERO JARAMILLO": 5.0, "ROY LEONARDO BARRERAS MONTEALEGRE": 2.0, "SERGIO FAJARDO VALDERRAMA": 920.0, "SONDRA MACOLLINS GARVIN PINTO": 6.0, "ÓSCAR MAURICIO LIZCANO ARANGO": 4.0, "TOTAL_VOTOS": 8428.0, "GANADOR": "ABELARDO DE LA ESPRIELLA", "VOTOS_GANADOR": 4533.0, "PCT_GANADOR": 53.8 }, "geometry": { "type": "Point", "coordinates": [ -74.03213259, 4.72438417 ] } },
{ "type": "Feature", "properties": { "LOCALIDAD": "Usaquén", "DIRECCION": "AV CRA 19 # 152 A - 48", "SITIO": "Colegio Anglo Colombiano", "NOMBRE": "Colegio Anglo Colombiano", "ABELARDO DE LA ESPRIELLA": 4090.0, "CARLOS EDUARDO CAICEDO OMAR": 0.0, "CLAUDIA LÓPEZ": 127.0, "GUSTAVO MATAMOROS CAMACHO": 1.0, "IVÁN CEPEDA CASTRO": 1406.0, "LUIS GILBERTO MURILLO URRUTIA": 0.0, "MIGUEL URIBE LONDOÑO": 5.0, "PALOMA VALENCIA LASERNA": 981.0, "RAÚL SANTIAGO BOTERO JARAMILLO": 6.0, "ROY LEONARDO BARRERAS MONTEALEGRE": 1.0, "SERGIO FAJARDO VALDERRAMA": 788.0, "SONDRA MACOLLINS GARVIN PINTO": 4.0, "ÓSCAR MAURICIO LIZCANO ARANGO": 3.0, "TOTAL_VOTOS": 7412.0, "GANADOR": "ABELARDO DE LA ESPRIELLA", "VOTOS_GANADOR": 4090.0, "PCT_GANADOR": 55.2 }, "geometry": { "type": "Point", "coordinates": [ -74.0439264, 4.73514611 ] } },
{ "type": "Feature", "properties": { "LOCALIDAD": "Usaquén", "DIRECCION": "CLL 170 # 15 - 68", "SITIO": "The English School", "NOMBRE": "The English School", "ABELARDO DE LA ESPRIELLA": 929.0, "CARLOS EDUARDO CAICEDO OMAR": 1.0, "CLAUDIA LÓPEZ": 38.0, "GUSTAVO MATAMOROS CAMACHO": 0.0, "IVÁN CEPEDA CASTRO": 419.0, "LUIS GILBERTO MURILLO URRUTIA": 0.0, "MIGUEL URIBE LONDOÑO": 0.0, "PALOMA VALENCIA LASERNA": 225.0, "RAÚL SANTIAGO BOTERO JARAMILLO": 1.0, "ROY LEONARDO BARRERAS MONTEALEGRE": 0.0, "SERGIO FAJARDO VALDERRAMA": 202.0, "SONDRA MACOLLINS GARVIN PINTO": 2.0, "ÓSCAR MAURICIO LIZCANO ARANGO": 2.0, "TOTAL_VOTOS": 1819.0, "GANADOR": "ABELARDO DE LA ESPRIELLA", "VOTOS_GANADOR": 929.0, "PCT_GANADOR": 51.1 }, "geometry": { "type": "Point", "coordinates": [ -74.03846603, 4.74955976 ] } },
{ "type": "Feature", "properties": { "LOCALIDAD": "Usaquén", "DIRECCION": "CLL 170 # 8 - 41", "SITIO": "Unisanitas 170", "NOMBRE": "Unisanitas 170", "ABELARDO DE LA ESPRIELLA": 629.0, "CARLOS EDUARDO CAICEDO OMAR": 0.0, "CLAUDIA LÓPEZ": 21.0, "GUSTAVO MATAMOROS CAMACHO": 0.0, "IVÁN CEPEDA CASTRO": 391.0, "LUIS GILBERTO MURILLO URRUTIA": 0.0, "MIGUEL URIBE LONDOÑO": 1.0, "PALOMA VALENCIA LASERNA": 177.0, "RAÚL SANTIAGO BOTERO JARAMILLO": 5.0, "ROY LEONARDO BARRERAS MONTEALEGRE": 0.0, "SERGIO FAJARDO VALDERRAMA": 145.0, "SONDRA MACOLLINS GARVIN PINTO": 2.0, "ÓSCAR MAURICIO LIZCANO ARANGO": 0.0, "TOTAL_VOTOS": 1371.0, "GANADOR": "ABELARDO DE LA ESPRIELLA", "VOTOS_GANADOR": 629.0, "PCT_GANADOR": 45.9 }, "geometry": { "type": "Point", "coordinates": [ -74.02720538, 4.74727343 ] } },
{ "type": "Feature", "properties": { "LOCALIDAD": "Chapinero", "DIRECCION": "CLL 82 # 10 - 69", "SITIO": "Centro Felicidad Chapinero", "NOMBRE": "Centro Felicidad Chapinero", "ABELARDO DE LA ESPRIELLA": 1424.0, "CARLOS EDUARDO CAICEDO OMAR": 1.0, "CLAUDIA LÓPEZ": 59.0, "GUSTAVO MATAMOROS CAMACHO": 0.0, "IVÁN CEPEDA CASTRO": 490.0, "LUIS GILBERTO MURILLO URRUTIA": 1.0, "MIGUEL URIBE LONDOÑO": 1.0, "PALOMA VALENCIA LASERNA": 882.0, "RAÚL SANTIAGO BOTERO JARAMILLO": 1.0, "ROY LEONARDO BARRERAS MONTEALEGRE": 3.0, "SERGIO FAJARDO VALDERRAMA": 312.0, "SONDRA MACOLLINS GARVIN PINTO": 2.0, "ÓSCAR MAURICIO LIZCANO ARANGO": 4.0, "TOTAL_VOTOS": 3180.0, "GANADOR": "ABELARDO DE LA ESPRIELLA", "VOTOS_GANADOR": 1424.0, "PCT_GANADOR": 44.8 }, "geometry": { "type": "Point", "coordinates": [ -74.05270784, 4.66546184 ] } },
{ "type": "Feature", "properties": { "LOCALIDAD": "Chapinero", "DIRECCION": "CRA 12A Este # 97 - 61", "SITIO": "Salón Comunal San Isidro", "NOMBRE": "Salón Comunal San Isidro", "ABELARDO DE LA ESPRIELLA": 65.0, "CARLOS EDUARDO CAICEDO OMAR": 0.0, "CLAUDIA LÓPEZ": 6.0, "GUSTAVO MATAMOROS CAMACHO": 0.0, "IVÁN CEPEDA CASTRO": 101.0, "LUIS GILBERTO MURILLO URRUTIA": 0.0, "MIGUEL URIBE LONDOÑO": 0.0, "PALOMA VALENCIA LASERNA": 27.0, "RAÚL SANTIAGO BOTERO JARAMILLO": 1.0, "ROY LEONARDO BARRERAS MONTEALEGRE": 0.0, "SERGIO FAJARDO VALDERRAMA": 13.0, "SONDRA MACOLLINS GARVIN PINTO": 0.0, "ÓSCAR MAURICIO LIZCANO ARANGO": 0.0, "TOTAL_VOTOS": 213.0, "GANADOR": "IVÁN CEPEDA CASTRO", "VOTOS_GANADOR": 101.0, "PCT_GANADOR": 47.4 }, "geometry": { "type": "Point", "coordinates": [ -74.01814591, 4.66798957 ] } },
{ "type": "Feature", "properties": { "LOCALIDAD": "Chapinero", "DIRECCION": "CRA 19 # 80 - 56 Torre 5", "SITIO": "Universidad San Martín", "NOMBRE": "Universidad San Martín", "ABELARDO DE LA ESPRIELLA": 105.0, "CARLOS EDUARDO CAICEDO OMAR": 0.0, "CLAUDIA LÓPEZ": 3.0, "GUSTAVO MATAMOROS CAMACHO": 0.0, "IVÁN CEPEDA CASTRO": 77.0, "LUIS GILBERTO MURILLO URRUTIA": 0.0, "MIGUEL URIBE LONDOÑO": 0.0, "PALOMA VALENCIA LASERNA": 36.0, "RAÚL SANTIAGO BOTERO JARAMILLO": 1.0, "ROY LEONARDO BARRERAS MONTEALEGRE": 0.0, "SERGIO FAJARDO VALDERRAMA": 30.0, "SONDRA MACOLLINS GARVIN PINTO": 0.0, "ÓSCAR MAURICIO LIZCANO ARANGO": 0.0, "TOTAL_VOTOS": 252.0, "GANADOR": "ABELARDO DE LA ESPRIELLA", "VOTOS_GANADOR": 105.0, "PCT_GANADOR": 41.7 }, "geometry": { "type": "Point", "coordinates": [ -74.05884057, 4.6681738 ] } },
{ "type": "Feature", "properties": { "LOCALIDAD": "Chapinero", "DIRECCION": "AV CLL 100 # 2 - 87 Este /CRA 1 Este # 101A - 27", "SITIO": "Colegio Campestre Monteverde Sede B", "NOMBRE": "Colegio Campestre Monteverde", "ABELARDO DE LA ESPRIELLA": 55.0, "CARLOS EDUARDO CAICEDO OMAR": 0.0, "CLAUDIA LÓPEZ": 6.0, "GUSTAVO MATAMOROS CAMACHO": 0.0, "IVÁN CEPEDA CASTRO": 80.0, "LUIS GILBERTO MURILLO URRUTIA": 0.0, "MIGUEL URIBE LONDOÑO": 0.0, "PALOMA VALENCIA LASERNA": 18.0, "RAÚL SANTIAGO BOTERO JARAMILLO": 1.0, "ROY LEONARDO BARRERAS MONTEALEGRE": 0.0, "SERGIO FAJARDO VALDERRAMA": 4.0, "SONDRA MACOLLINS GARVIN PINTO": 0.0, "ÓSCAR MAURICIO LIZCANO ARANGO": 1.0, "TOTAL_VOTOS": 165.0, "GANADOR": "IVÁN CEPEDA CASTRO", "VOTOS_GANADOR": 80.0, "PCT_GANADOR": 48.5 }, "geometry": { "type": "Point", "coordinates": [ -74.03014808, 4.67519391 ] } },
{ "type": "Feature", "properties": { "LOCALIDAD": "Chapinero", "DIRECCION": "CLL 43 # 3 - 35 Este", "SITIO": "Colegio San Martin de Porres Sede A", "NOMBRE": "Colegio San Martin de Porres Sede A", "ABELARDO DE LA ESPRIELLA": 76.0, "CARLOS EDUARDO CAICEDO OMAR": 0.0, "CLAUDIA LÓPEZ": 1.0, "GUSTAVO MATAMOROS CAMACHO": 0.0, "IVÁN CEPEDA CASTRO": 141.0, "LUIS GILBERTO MURILLO URRUTIA": 1.0, "MIGUEL URIBE LONDOÑO": 0.0, "PALOMA VALENCIA LASERNA": 22.0, "RAÚL SANTIAGO BOTERO JARAMILLO": 6.0, "ROY LEONARDO BARRERAS MONTEALEGRE": 0.0, "SERGIO FAJARDO VALDERRAMA": 11.0, "SONDRA MACOLLINS GARVIN PINTO": 0.0, "ÓSCAR MAURICIO LIZCANO ARANGO": 0.0, "TOTAL_VOTOS": 258.0, "GANADOR": "IVÁN CEPEDA CASTRO", "VOTOS_GANADOR": 141.0, "PCT_GANADOR": 54.7 }, "geometry": { "type": "Point", "coordinates": [ -74.05914131, 4.62954572 ] } },
{ "type": "Feature", "properties": { "LOCALIDAD": "Chapinero", "DIRECCION": "CLL 94 # 23 - 43", "SITIO": "Compensar CLL 94", "NOMBRE": "Compensar CLL 94", "ABELARDO DE LA ESPRIELLA": 1040.0, "CARLOS EDUARDO CAICEDO OMAR": 0.0, "CLAUDIA LÓPEZ": 19.0, "GUSTAVO MATAMOROS CAMACHO": 0.0, "IVÁN CEPEDA CASTRO": 229.0, "LUIS GILBERTO MURILLO URRUTIA": 1.0, "MIGUEL URIBE LONDOÑO": 0.0, "PALOMA VALENCIA LASERNA": 426.0, "RAÚL SANTIAGO BOTERO JARAMILLO": 2.0, "ROY LEONARDO BARRERAS MONTEALEGRE": 0.0, "SERGIO FAJARDO VALDERRAMA": 195.0, "SONDRA MACOLLINS GARVIN PINTO": 1.0, "ÓSCAR MAURICIO LIZCANO ARANGO": 2.0, "TOTAL_VOTOS": 1915.0, "GANADOR": "ABELARDO DE LA ESPRIELLA", "VOTOS_GANADOR": 1040.0, "PCT_GANADOR": 54.3 }, "geometry": { "type": "Point", "coordinates": [ -74.05757925, 4.68150943 ] } },
{ "type": "Feature", "properties": { "LOCALIDAD": "Santa Fe", "DIRECCION": "DIAG 4 A # 5 B - 93 Este", "SITIO": "Colegio Los Pinos I.E.D. Sede A", "NOMBRE": "Colegio Los Pinos I.E.D. Sede A", "ABELARDO DE LA ESPRIELLA": 32.0, "CARLOS EDUARDO CAICEDO OMAR": 0.0, "CLAUDIA LÓPEZ": 4.0, "GUSTAVO MATAMOROS CAMACHO": 0.0, "IVÁN CEPEDA CASTRO": 183.0, "LUIS GILBERTO MURILLO URRUTIA": 0.0, "MIGUEL URIBE LONDOÑO": 0.0, "PALOMA VALENCIA LASERNA": 12.0, "RAÚL SANTIAGO BOTERO JARAMILLO": 0.0, "ROY LEONARDO BARRERAS MONTEALEGRE": 0.0, "SERGIO FAJARDO VALDERRAMA": 20.0, "SONDRA MACOLLINS GARVIN PINTO": 0.0, "ÓSCAR MAURICIO LIZCANO ARANGO": 0.0, "TOTAL_VOTOS": 251.0, "GANADOR": "IVÁN CEPEDA CASTRO", "VOTOS_GANADOR": 183.0, "PCT_GANADOR": 72.9 }, "geometry": { "type": "Point", "coordinates": [ -74.06810448, 4.5877027 ] } },
{ "type": "Feature", "properties": { "LOCALIDAD": "San Cristóbal", "DIRECCION": "CLL 36 H # Sur 2 -15 Este", "SITIO": "Colegio Atenas I.E.D.", "NOMBRE": "Colegio Atenas I.E.D.", "ABELARDO DE LA ESPRIELLA": 141.0, "CARLOS EDUARDO CAICEDO OMAR": 0.0, "CLAUDIA LÓPEZ": 14.0, "GUSTAVO MATAMOROS CAMACHO": 0.0, "IVÁN CEPEDA CASTRO": 326.0, "LUIS GILBERTO MURILLO URRUTIA": 0.0, "MIGUEL URIBE LONDOÑO": 2.0, "PALOMA VALENCIA LASERNA": 40.0, "RAÚL SANTIAGO BOTERO JARAMILLO": 6.0, "ROY LEONARDO BARRERAS MONTEALEGRE": 1.0, "SERGIO FAJARDO VALDERRAMA": 26.0, "SONDRA MACOLLINS GARVIN PINTO": 0.0, "ÓSCAR MAURICIO LIZCANO ARANGO": 1.0, "TOTAL_VOTOS": 557.0, "GANADOR": "IVÁN CEPEDA CASTRO", "VOTOS_GANADOR": 326.0, "PCT_GANADOR": 58.5 }, "geometry": { "type": "Point", "coordinates": [ -74.09371541, 4.55672463 ] } },
{ "type": "Feature", "properties": { "LOCALIDAD": "San Cristóbal", "DIRECCION": "CRA 9A # 22 B - 30 Sur", "SITIO": "Colegio Rafael Núñez IED Sede B", "NOMBRE": "Institución Educativa Distrital I.E.D Rafael Núñez Sede B", "ABELARDO DE LA ESPRIELLA": 290.0, "CARLOS EDUARDO CAICEDO OMAR": 0.0, "CLAUDIA LÓPEZ": 13.0, "GUSTAVO MATAMOROS CAMACHO": 0.0, "IVÁN CEPEDA CASTRO": 375.0, "LUIS GILBERTO MURILLO URRUTIA": 0.0, "MIGUEL URIBE LONDOÑO": 0.0, "PALOMA VALENCIA LASERNA": 70.0, "RAÚL SANTIAGO BOTERO JARAMILLO": 6.0, "ROY LEONARDO BARRERAS MONTEALEGRE": 0.0, "SERGIO FAJARDO VALDERRAMA": 37.0, "SONDRA MACOLLINS GARVIN PINTO": 1.0, "ÓSCAR MAURICIO LIZCANO ARANGO": 1.0, "TOTAL_VOTOS": 793.0, "GANADOR": "IVÁN CEPEDA CASTRO", "VOTOS_GANADOR": 375.0, "PCT_GANADOR": 47.3 }, "geometry": { "type": "Point", "coordinates": [ -74.09540249, 4.57399682 ] } },
{ "type": "Feature", "properties": { "LOCALIDAD": "San Cristóbal", "DIRECCION": "CRA 15 Este # 63-30 Sur", "SITIO": "IED Gloria Valencia de Castaño", "NOMBRE": "IED Gloria Valencia de Castaño", "ABELARDO DE LA ESPRIELLA": 90.0, "CARLOS EDUARDO CAICEDO OMAR": 0.0, "CLAUDIA LÓPEZ": 9.0, "GUSTAVO MATAMOROS CAMACHO": 0.0, "IVÁN CEPEDA CASTRO": 250.0, "LUIS GILBERTO MURILLO URRUTIA": 1.0, "MIGUEL URIBE LONDOÑO": 0.0, "PALOMA VALENCIA LASERNA": 15.0, "RAÚL SANTIAGO BOTERO JARAMILLO": 3.0, "ROY LEONARDO BARRERAS MONTEALEGRE": 0.0, "SERGIO FAJARDO VALDERRAMA": 12.0, "SONDRA MACOLLINS GARVIN PINTO": 0.0, "ÓSCAR MAURICIO LIZCANO ARANGO": 0.0, "TOTAL_VOTOS": 380.0, "GANADOR": "IVÁN CEPEDA CASTRO", "VOTOS_GANADOR": 250.0, "PCT_GANADOR": 65.8 }, "geometry": { "type": "Point", "coordinates": [ -74.08698985, 4.52702695 ] } },
{ "type": "Feature", "properties": { "LOCALIDAD": "Usme", "DIRECCION": "CLL 75B Sur # 9B - 06", "SITIO": "Santa Librada 2", "NOMBRE": "Santa Librada 2", "ABELARDO DE LA ESPRIELLA": 193.0, "CARLOS EDUARDO CAICEDO OMAR": 0.0, "CLAUDIA LÓPEZ": 20.0, "GUSTAVO MATAMOROS CAMACHO": 0.0, "IVÁN CEPEDA CASTRO": 428.0, "LUIS GILBERTO MURILLO URRUTIA": 0.0, "MIGUEL URIBE LONDOÑO": 1.0, "PALOMA VALENCIA LASERNA": 48.0, "RAÚL SANTIAGO BOTERO JARAMILLO": 6.0, "ROY LEONARDO BARRERAS MONTEALEGRE": 0.0, "SERGIO FAJARDO VALDERRAMA": 37.0, "SONDRA MACOLLINS GARVIN PINTO": 0.0, "ÓSCAR MAURICIO LIZCANO ARANGO": 0.0, "TOTAL_VOTOS": 733.0, "GANADOR": "IVÁN CEPEDA CASTRO", "VOTOS_GANADOR": 428.0, "PCT_GANADOR": 58.4 }, "geometry": { "type": "Point", "coordinates": [ -74.11310003, 4.51386644 ] } },
{ "type": "Feature", "properties": { "LOCALIDAD": "Usme", "DIRECCION": "DIAG 76 Sur # 3B -30 / DIAG 76 Sur # 14P - 10", "SITIO": "Miravalle", "NOMBRE": "Colegio Miravalle I.E.D.", "ABELARDO DE LA ESPRIELLA": 163.0, "CARLOS EDUARDO CAICEDO OMAR": 0.0, "CLAUDIA LÓPEZ": 10.0, "GUSTAVO MATAMOROS CAMACHO": 0.0, "IVÁN CEPEDA CASTRO": 375.0, "LUIS GILBERTO MURILLO URRUTIA": 1.0, "MIGUEL URIBE LONDOÑO": 0.0, "PALOMA VALENCIA LASERNA": 36.0, "RAÚL SANTIAGO BOTERO JARAMILLO": 4.0, "ROY LEONARDO BARRERAS MONTEALEGRE": 0.0, "SERGIO FAJARDO VALDERRAMA": 28.0, "SONDRA MACOLLINS GARVIN PINTO": 1.0, "ÓSCAR MAURICIO LIZCANO ARANGO": 1.0, "TOTAL_VOTOS": 619.0, "GANADOR": "IVÁN CEPEDA CASTRO", "VOTOS_GANADOR": 375.0, "PCT_GANADOR": 60.6 }, "geometry": { "type": "Point", "coordinates": [ -74.11973148, 4.51326776 ] } },
{ "type": "Feature", "properties": { "LOCALIDAD": "Usme", "DIRECCION": "CRA 5 B Este 98 B 10 Sur", "SITIO": "Nuevo Porvenir", "NOMBRE": "Salón Comunal Nuevo Porvenir", "ABELARDO DE LA ESPRIELLA": 83.0, "CARLOS EDUARDO CAICEDO OMAR": 0.0, "CLAUDIA LÓPEZ": 8.0, "GUSTAVO MATAMOROS CAMACHO": 0.0, "IVÁN CEPEDA CASTRO": 248.0, "LUIS GILBERTO MURILLO URRUTIA": 0.0, "MIGUEL URIBE LONDOÑO": 0.0, "PALOMA VALENCIA LASERNA": 16.0, "RAÚL SANTIAGO BOTERO JARAMILLO": 2.0, "ROY LEONARDO BARRERAS MONTEALEGRE": 0.0, "SERGIO FAJARDO VALDERRAMA": 10.0, "SONDRA MACOLLINS GARVIN PINTO": 0.0, "ÓSCAR MAURICIO LIZCANO ARANGO": 0.0, "TOTAL_VOTOS": 367.0, "GANADOR": "IVÁN CEPEDA CASTRO", "VOTOS_GANADOR": 248.0, "PCT_GANADOR": 67.6 }, "geometry": { "type": "Point", "coordinates": [ -74.10432084, 4.49268395 ] } },
{ "type": "Feature", "properties": { "LOCALIDAD": "Usme", "DIRECCION": "CRA 6C Este # 89 - 57 Sur", "SITIO": "Salón Comunal Alfonso Lopez 1 y 2", "NOMBRE": "Centro Comunitario Alfonso Lopez 1 y 2", "ABELARDO DE LA ESPRIELLA": 201.0, "CARLOS EDUARDO CAICEDO OMAR": 0.0, "CLAUDIA LÓPEZ": 23.0, "GUSTAVO MATAMOROS CAMACHO": 0.0, "IVÁN CEPEDA CASTRO": 611.0, "LUIS GILBERTO MURILLO URRUTIA": 0.0, "MIGUEL URIBE LONDOÑO": 2.0, "PALOMA VALENCIA LASERNA": 39.0, "RAÚL SANTIAGO BOTERO JARAMILLO": 15.0, "ROY LEONARDO BARRERAS MONTEALEGRE": 1.0, "SERGIO FAJARDO VALDERRAMA": 31.0, "SONDRA MACOLLINS GARVIN PINTO": 1.0, "ÓSCAR MAURICIO LIZCANO ARANGO": 2.0, "TOTAL_VOTOS": 926.0, "GANADOR": "IVÁN CEPEDA CASTRO", "VOTOS_GANADOR": 611.0, "PCT_GANADOR": 66.0 }, "geometry": { "type": "Point", "coordinates": [ -74.10197504, 4.50099038 ] } },
{ "type": "Feature", "properties": { "LOCALIDAD": "Usme", "DIRECCION": "CRA 2 A Bis # 91 C - 35 Sur", "SITIO": "Salón Comunal Los Comuneros", "NOMBRE": "Salón Comunal Los Comuneros", "ABELARDO DE LA ESPRIELLA": 225.0, "CARLOS EDUARDO CAICEDO OMAR": 1.0, "CLAUDIA LÓPEZ": 23.0, "GUSTAVO MATAMOROS CAMACHO": 1.0, "IVÁN CEPEDA CASTRO": 539.0, "LUIS GILBERTO MURILLO URRUTIA": 0.0, "MIGUEL URIBE LONDOÑO": 2.0, "PALOMA VALENCIA LASERNA": 42.0, "RAÚL SANTIAGO BOTERO JARAMILLO": 11.0, "ROY LEONARDO BARRERAS MONTEALEGRE": 1.0, "SERGIO FAJARDO VALDERRAMA": 21.0, "SONDRA MACOLLINS GARVIN PINTO": 0.0, "ÓSCAR MAURICIO LIZCANO ARANGO": 1.0, "TOTAL_VOTOS": 867.0, "GANADOR": "IVÁN CEPEDA CASTRO", "VOTOS_GANADOR": 539.0, "PCT_GANADOR": 62.2 }, "geometry": { "type": "Point", "coordinates": [ -74.10881431, 4.49828299 ] } },
{ "type": "Feature", "properties": { "LOCALIDAD": "Usme", "DIRECCION": "CLL 69D # 3 - 15 Sur / CRA 3 Sur # 69D - 21 / CRA 14 L 69C - 13 Sur", "SITIO": "Salón Comunal Urbanización Nueva Costarica", "NOMBRE": "Salón Comunal Urbanización Nueva Costarica", "ABELARDO DE LA ESPRIELLA": 183.0, "CARLOS EDUARDO CAICEDO OMAR": 0.0, "CLAUDIA LÓPEZ": 18.0, "GUSTAVO MATAMOROS CAMACHO": 1.0, "IVÁN CEPEDA CASTRO": 492.0, "LUIS GILBERTO MURILLO URRUTIA": 0.0, "MIGUEL URIBE LONDOÑO": 0.0, "PALOMA VALENCIA LASERNA": 51.0, "RAÚL SANTIAGO BOTERO JARAMILLO": 8.0, "ROY LEONARDO BARRERAS MONTEALEGRE": 0.0, "SERGIO FAJARDO VALDERRAMA": 25.0, "SONDRA MACOLLINS GARVIN PINTO": 0.0, "ÓSCAR MAURICIO LIZCANO ARANGO": 1.0, "TOTAL_VOTOS": 779.0, "GANADOR": "IVÁN CEPEDA CASTRO", "VOTOS_GANADOR": 492.0, "PCT_GANADOR": 63.2 }, "geometry": { "type": "Point", "coordinates": [ -74.12039354, 4.52377219 ] } },
{ "type": "Feature", "properties": { "LOCALIDAD": "Usme", "DIRECCION": "CRA 9 # 68 B 44 Sur", "SITIO": "Salón Comunal Central Santamarta", "NOMBRE": "Salón Comunal Central Santamarta", "ABELARDO DE LA ESPRIELLA": 84.0, "CARLOS EDUARDO CAICEDO OMAR": 0.0, "CLAUDIA LÓPEZ": 7.0, "GUSTAVO MATAMOROS CAMACHO": 0.0, "IVÁN CEPEDA CASTRO": 234.0, "LUIS GILBERTO MURILLO URRUTIA": 0.0, "MIGUEL URIBE LONDOÑO": 0.0, "PALOMA VALENCIA LASERNA": 19.0, "RAÚL SANTIAGO BOTERO JARAMILLO": 3.0, "ROY LEONARDO BARRERAS MONTEALEGRE": 0.0, "SERGIO FAJARDO VALDERRAMA": 10.0, "SONDRA MACOLLINS GARVIN PINTO": 0.0, "ÓSCAR MAURICIO LIZCANO ARANGO": 0.0, "TOTAL_VOTOS": 357.0, "GANADOR": "IVÁN CEPEDA CASTRO", "VOTOS_GANADOR": 234.0, "PCT_GANADOR": 65.5 }, "geometry": { "type": "Point", "coordinates": [ -74.11574948, 4.52617861 ] } },
{ "type": "Feature", "properties": { "LOCALIDAD": "Usme", "DIRECCION": "CRA 4 C # 56 30 Sur", "SITIO": "Salón Comunal Danubio Azul", "NOMBRE": "Salón Comunal y Cultural Danubio Azul", "ABELARDO DE LA ESPRIELLA": 121.0, "CARLOS EDUARDO CAICEDO OMAR": 0.0, "CLAUDIA LÓPEZ": 3.0, "GUSTAVO MATAMOROS CAMACHO": 0.0, "IVÁN CEPEDA CASTRO": 283.0, "LUIS GILBERTO MURILLO URRUTIA": 1.0, "MIGUEL URIBE LONDOÑO": 2.0, "PALOMA VALENCIA LASERNA": 27.0, "RAÚL SANTIAGO BOTERO JARAMILLO": 7.0, "ROY LEONARDO BARRERAS MONTEALEGRE": 0.0, "SERGIO FAJARDO VALDERRAMA": 15.0, "SONDRA MACOLLINS GARVIN PINTO": 0.0, "ÓSCAR MAURICIO LIZCANO ARANGO": 0.0, "TOTAL_VOTOS": 459.0, "GANADOR": "IVÁN CEPEDA CASTRO", "VOTOS_GANADOR": 283.0, "PCT_GANADOR": 61.7 }, "geometry": { "type": "Point", "coordinates": [ -74.11721371, 4.53976097 ] } },
{ "type": "Feature", "properties": { "LOCALIDAD": "Usme", "DIRECCION": "CRA 8 B Bis # 77 - 40 Sur", "SITIO": "Colegio Isidro Molina", "NOMBRE": "Colegio Isidro Molina", "ABELARDO DE LA ESPRIELLA": 94.0, "CARLOS EDUARDO CAICEDO OMAR": 0.0, "CLAUDIA LÓPEZ": 8.0, "GUSTAVO MATAMOROS CAMACHO": 0.0, "IVÁN CEPEDA CASTRO": 188.0, "LUIS GILBERTO MURILLO URRUTIA": 1.0, "MIGUEL URIBE LONDOÑO": 0.0, "PALOMA VALENCIA LASERNA": 10.0, "RAÚL SANTIAGO BOTERO JARAMILLO": 3.0, "ROY LEONARDO BARRERAS MONTEALEGRE": 0.0, "SERGIO FAJARDO VALDERRAMA": 10.0, "SONDRA MACOLLINS GARVIN PINTO": 0.0, "ÓSCAR MAURICIO LIZCANO ARANGO": 0.0, "TOTAL_VOTOS": 314.0, "GANADOR": "IVÁN CEPEDA CASTRO", "VOTOS_GANADOR": 188.0, "PCT_GANADOR": 59.9 }, "geometry": { "type": "Point", "coordinates": [ -74.11076786, 4.51081488 ] } },
{ "type": "Feature", "properties": { "LOCALIDAD": "Tunjuelito", "DIRECCION": "CRA 25 # 52 C - 92 Sur", "SITIO": "Colegio Distrital Marco Fidel Suarez", "NOMBRE": "Colegio Distrital Marco Fidel Suarez", "ABELARDO DE LA ESPRIELLA": 219.0, "CARLOS EDUARDO CAICEDO OMAR": 0.0, "CLAUDIA LÓPEZ": 13.0, "GUSTAVO MATAMOROS CAMACHO": 1.0, "IVÁN CEPEDA CASTRO": 425.0, "LUIS GILBERTO MURILLO URRUTIA": 0.0, "MIGUEL URIBE LONDOÑO": 0.0, "PALOMA VALENCIA LASERNA": 39.0, "RAÚL SANTIAGO BOTERO JARAMILLO": 5.0, "ROY LEONARDO BARRERAS MONTEALEGRE": 0.0, "SERGIO FAJARDO VALDERRAMA": 39.0, "SONDRA MACOLLINS GARVIN PINTO": 1.0, "ÓSCAR MAURICIO LIZCANO ARANGO": 2.0, "TOTAL_VOTOS": 744.0, "GANADOR": "IVÁN CEPEDA CASTRO", "VOTOS_GANADOR": 425.0, "PCT_GANADOR": 57.1 }, "geometry": { "type": "Point", "coordinates": [ -74.13543211, 4.57866709 ] } },
{ "type": "Feature", "properties": { "LOCALIDAD": "Tunjuelito", "DIRECCION": "CLL 48 B Sur # 28 - 56", "SITIO": "Colegio Distrital Agustín Codazzi", "NOMBRE": "Colegio Distrital Agustín Codazzi", "ABELARDO DE LA ESPRIELLA": 56.0, "CARLOS EDUARDO CAICEDO OMAR": 0.0, "CLAUDIA LÓPEZ": 3.0, "GUSTAVO MATAMOROS CAMACHO": 0.0, "IVÁN CEPEDA CASTRO": 81.0, "LUIS GILBERTO MURILLO URRUTIA": 1.0, "MIGUEL URIBE LONDOÑO": 0.0, "PALOMA VALENCIA LASERNA": 17.0, "RAÚL SANTIAGO BOTERO JARAMILLO": 1.0, "ROY LEONARDO BARRERAS MONTEALEGRE": 0.0, "SERGIO FAJARDO VALDERRAMA": 14.0, "SONDRA MACOLLINS GARVIN PINTO": 0.0, "ÓSCAR MAURICIO LIZCANO ARANGO": 0.0, "TOTAL_VOTOS": 173.0, "GANADOR": "IVÁN CEPEDA CASTRO", "VOTOS_GANADOR": 81.0, "PCT_GANADOR": 46.8 }, "geometry": { "type": "Point", "coordinates": [ -74.13202585, 4.58302746 ] } },
{ "type": "Feature", "properties": { "LOCALIDAD": "Tunjuelito", "DIRECCION": "DIAG 49 # 53 B -02 Sur", "SITIO": "Salón Comunal Venecia", "NOMBRE": "Salón Comunal Venecia", "ABELARDO DE LA ESPRIELLA": 587.0, "CARLOS EDUARDO CAICEDO OMAR": 1.0, "CLAUDIA LÓPEZ": 43.0, "GUSTAVO MATAMOROS CAMACHO": 0.0, "IVÁN CEPEDA CASTRO": 717.0, "LUIS GILBERTO MURILLO URRUTIA": 3.0, "MIGUEL URIBE LONDOÑO": 2.0, "PALOMA VALENCIA LASERNA": 72.0, "RAÚL SANTIAGO BOTERO JARAMILLO": 6.0, "ROY LEONARDO BARRERAS MONTEALEGRE": 1.0, "SERGIO FAJARDO VALDERRAMA": 94.0, "SONDRA MACOLLINS GARVIN PINTO": 0.0, "ÓSCAR MAURICIO LIZCANO ARANGO": 3.0, "TOTAL_VOTOS": 1529.0, "GANADOR": "IVÁN CEPEDA CASTRO", "VOTOS_GANADOR": 717.0, "PCT_GANADOR": 46.9 }, "geometry": { "type": "Point", "coordinates": [ -74.14074181, 4.59205244 ] } },
{ "type": "Feature", "properties": { "LOCALIDAD": "Tunjuelito", "DIRECCION": "CLL 58 A Sur # 19C - 66", "SITIO": "Centro Felicidad", "NOMBRE": "Centro Felicidad", "ABELARDO DE LA ESPRIELLA": 28.0, "CARLOS EDUARDO CAICEDO OMAR": 1.0, "CLAUDIA LÓPEZ": 4.0, "GUSTAVO MATAMOROS CAMACHO": 0.0, "IVÁN CEPEDA CASTRO": 72.0, "LUIS GILBERTO MURILLO URRUTIA": 2.0, "MIGUEL URIBE LONDOÑO": 1.0, "PALOMA VALENCIA LASERNA": 2.0, "RAÚL SANTIAGO BOTERO JARAMILLO": 2.0, "ROY LEONARDO BARRERAS MONTEALEGRE": 0.0, "SERGIO FAJARDO VALDERRAMA": 14.0, "SONDRA MACOLLINS GARVIN PINTO": 0.0, "ÓSCAR MAURICIO LIZCANO ARANGO": 0.0, "TOTAL_VOTOS": 126.0, "GANADOR": "IVÁN CEPEDA CASTRO", "VOTOS_GANADOR": 72.0, "PCT_GANADOR": 57.1 }, "geometry": { "type": "Point", "coordinates": [ -74.1387346, 4.57063788 ] } },
{ "type": "Feature", "properties": { "LOCALIDAD": "Bosa", "DIRECCION": "CLL 71A Sur # 83B - 30", "SITIO": "Esmeralda Arboleda", "NOMBRE": "Institución Educativa Distrital Esmeralda Arboleda Cadavid I.E.D.", "ABELARDO DE LA ESPRIELLA": 239.0, "CARLOS EDUARDO CAICEDO OMAR": 0.0, "CLAUDIA LÓPEZ": 30.0, "GUSTAVO MATAMOROS CAMACHO": 0.0, "IVÁN CEPEDA CASTRO": 628.0, "LUIS GILBERTO MURILLO URRUTIA": 0.0, "MIGUEL URIBE LONDOÑO": 0.0, "PALOMA VALENCIA LASERNA": 83.0, "RAÚL SANTIAGO BOTERO JARAMILLO": 9.0, "ROY LEONARDO BARRERAS MONTEALEGRE": 0.0, "SERGIO FAJARDO VALDERRAMA": 57.0, "SONDRA MACOLLINS GARVIN PINTO": 1.0, "ÓSCAR MAURICIO LIZCANO ARANGO": 2.0, "TOTAL_VOTOS": 1049.0, "GANADOR": "IVÁN CEPEDA CASTRO", "VOTOS_GANADOR": 628.0, "PCT_GANADOR": 59.9 }, "geometry": { "type": "Point", "coordinates": [ -74.194898, 4.61591686 ] } },
{ "type": "Feature", "properties": { "LOCALIDAD": "Bosa", "DIRECCION": "CLL 57 Ñ Sur # 75 F - 27", "SITIO": "El Motorista", "NOMBRE": "Institución Educativa Distrital El Motorista", "ABELARDO DE LA ESPRIELLA": 72.0, "CARLOS EDUARDO CAICEDO OMAR": 0.0, "CLAUDIA LÓPEZ": 6.0, "GUSTAVO MATAMOROS CAMACHO": 0.0, "IVÁN CEPEDA CASTRO": 126.0, "LUIS GILBERTO MURILLO URRUTIA": 0.0, "MIGUEL URIBE LONDOÑO": 0.0, "PALOMA VALENCIA LASERNA": 14.0, "RAÚL SANTIAGO BOTERO JARAMILLO": 0.0, "ROY LEONARDO BARRERAS MONTEALEGRE": 0.0, "SERGIO FAJARDO VALDERRAMA": 12.0, "SONDRA MACOLLINS GARVIN PINTO": 0.0, "ÓSCAR MAURICIO LIZCANO ARANGO": 1.0, "TOTAL_VOTOS": 231.0, "GANADOR": "IVÁN CEPEDA CASTRO", "VOTOS_GANADOR": 126.0, "PCT_GANADOR": 54.5 }, "geometry": { "type": "Point", "coordinates": [ -74.17560885, 4.59789475 ] } },
{ "type": "Feature", "properties": { "LOCALIDAD": "Bosa", "DIRECCION": "DIAG 73 D Bis Sur # 79 - 23", "SITIO": "Charles de Gaulle", "NOMBRE": "Institución Educativa Distrital Grancolombiano Sede Charles de Gaulle I.E.D.", "ABELARDO DE LA ESPRIELLA": 128.0, "CARLOS EDUARDO CAICEDO OMAR": 0.0, "CLAUDIA LÓPEZ": 10.0, "GUSTAVO MATAMOROS CAMACHO": 0.0, "IVÁN CEPEDA CASTRO": 218.0, "LUIS GILBERTO MURILLO URRUTIA": 0.0, "MIGUEL URIBE LONDOÑO": 1.0, "PALOMA VALENCIA LASERNA": 14.0, "RAÚL SANTIAGO BOTERO JARAMILLO": 4.0, "ROY LEONARDO BARRERAS MONTEALEGRE": 0.0, "SERGIO FAJARDO VALDERRAMA": 11.0, "SONDRA MACOLLINS GARVIN PINTO": 0.0, "ÓSCAR MAURICIO LIZCANO ARANGO": 3.0, "TOTAL_VOTOS": 389.0, "GANADOR": "IVÁN CEPEDA CASTRO", "VOTOS_GANADOR": 218.0, "PCT_GANADOR": 56.0 }, "geometry": { "type": "Point", "coordinates": [ -74.20165965, 4.60642531 ] } },
{ "type": "Feature", "properties": { "LOCALIDAD": "Bosa", "DIRECCION": "CRA 89 B # 54 F 20 Sur- Bosa Brasil", "SITIO": "Laura Herrera", "NOMBRE": "Institución Educativa Distrital Laura Herrera de Varela I.E.D.", "ABELARDO DE LA ESPRIELLA": 333.0, "CARLOS EDUARDO CAICEDO OMAR": 0.0, "CLAUDIA LÓPEZ": 31.0, "GUSTAVO MATAMOROS CAMACHO": 0.0, "IVÁN CEPEDA CASTRO": 664.0, "LUIS GILBERTO MURILLO URRUTIA": 1.0, "MIGUEL URIBE LONDOÑO": 0.0, "PALOMA VALENCIA LASERNA": 57.0, "RAÚL SANTIAGO BOTERO JARAMILLO": 16.0, "ROY LEONARDO BARRERAS MONTEALEGRE": 0.0, "SERGIO FAJARDO VALDERRAMA": 48.0, "SONDRA MACOLLINS GARVIN PINTO": 1.0, "ÓSCAR MAURICIO LIZCANO ARANGO": 0.0, "TOTAL_VOTOS": 1151.0, "GANADOR": "IVÁN CEPEDA CASTRO", "VOTOS_GANADOR": 664.0, "PCT_GANADOR": 57.7 }, "geometry": { "type": "Point", "coordinates": [ -74.18737622, 4.63158813 ] } },
{ "type": "Feature", "properties": { "LOCALIDAD": "Bosa", "DIRECCION": "CLL 56 A Sur # 72 A 54", "SITIO": "Rodrigo de Bastidas", "NOMBRE": "Institución Educativa Distrital Nuevo Chile I.E.D. Sede B", "ABELARDO DE LA ESPRIELLA": 151.0, "CARLOS EDUARDO CAICEDO OMAR": 0.0, "CLAUDIA LÓPEZ": 4.0, "GUSTAVO MATAMOROS CAMACHO": 0.0, "IVÁN CEPEDA CASTRO": 293.0, "LUIS GILBERTO MURILLO URRUTIA": 1.0, "MIGUEL URIBE LONDOÑO": 0.0, "PALOMA VALENCIA LASERNA": 23.0, "RAÚL SANTIAGO BOTERO JARAMILLO": 1.0, "ROY LEONARDO BARRERAS MONTEALEGRE": 0.0, "SERGIO FAJARDO VALDERRAMA": 23.0, "SONDRA MACOLLINS GARVIN PINTO": 0.0, "ÓSCAR MAURICIO LIZCANO ARANGO": 0.0, "TOTAL_VOTOS": 496.0, "GANADOR": "IVÁN CEPEDA CASTRO", "VOTOS_GANADOR": 293.0, "PCT_GANADOR": 59.1 }, "geometry": { "type": "Point", "coordinates": [ -74.16482198, 4.6016548 ] } },
{ "type": "Feature", "properties": { "LOCALIDAD": "Bosa", "DIRECCION": "CRA 97 C # 65-02 Sur", "SITIO": "Sonia Osorio", "NOMBRE": "Institución Educativa Distrital Ciudadela El Recreo Sonia Osorio de Saint-Malo I.E.D. ", "ABELARDO DE LA ESPRIELLA": 455.0, "CARLOS EDUARDO CAICEDO OMAR": 0.0, "CLAUDIA LÓPEZ": 51.0, "GUSTAVO MATAMOROS CAMACHO": 0.0, "IVÁN CEPEDA CASTRO": 850.0, "LUIS GILBERTO MURILLO URRUTIA": 0.0, "MIGUEL URIBE LONDOÑO": 1.0, "PALOMA VALENCIA LASERNA": 123.0, "RAÚL SANTIAGO BOTERO JARAMILLO": 10.0, "ROY LEONARDO BARRERAS MONTEALEGRE": 0.0, "SERGIO FAJARDO VALDERRAMA": 53.0, "SONDRA MACOLLINS GARVIN PINTO": 2.0, "ÓSCAR MAURICIO LIZCANO ARANGO": 1.0, "TOTAL_VOTOS": 1546.0, "GANADOR": "IVÁN CEPEDA CASTRO", "VOTOS_GANADOR": 850.0, "PCT_GANADOR": 55.0 }, "geometry": { "type": "Point", "coordinates": [ -74.19915536, 4.63395465 ] } },
{ "type": "Feature", "properties": { "LOCALIDAD": "Bosa", "DIRECCION": "CLL 55 Sur # 103-96", "SITIO": "Villas del Progreso Primera Infancia", "NOMBRE": "Colegio I.E.D. Villas del Progreso Sede Primera Infancia ", "ABELARDO DE LA ESPRIELLA": 296.0, "CARLOS EDUARDO CAICEDO OMAR": 2.0, "CLAUDIA LÓPEZ": 41.0, "GUSTAVO MATAMOROS CAMACHO": 0.0, "IVÁN CEPEDA CASTRO": 619.0, "LUIS GILBERTO MURILLO URRUTIA": 0.0, "MIGUEL URIBE LONDOÑO": 2.0, "PALOMA VALENCIA LASERNA": 64.0, "RAÚL SANTIAGO BOTERO JARAMILLO": 14.0, "ROY LEONARDO BARRERAS MONTEALEGRE": 1.0, "SERGIO FAJARDO VALDERRAMA": 38.0, "SONDRA MACOLLINS GARVIN PINTO": 0.0, "ÓSCAR MAURICIO LIZCANO ARANGO": 1.0, "TOTAL_VOTOS": 1078.0, "GANADOR": "IVÁN CEPEDA CASTRO", "VOTOS_GANADOR": 619.0, "PCT_GANADOR": 57.4 }, "geometry": { "type": "Point", "coordinates": [ -74.19398736, 4.64360905 ] } },
{ "type": "Feature", "properties": { "LOCALIDAD": "Bosa", "DIRECCION": "CRA 98 # 54C-04 Sur", "SITIO": "Senderos de Porvenir Primera Infancia ", "NOMBRE": "Institución Educativa Distrital Brasilia Bosa Sede D I.E.D.", "ABELARDO DE LA ESPRIELLA": 555.0, "CARLOS EDUARDO CAICEDO OMAR": 0.0, "CLAUDIA LÓPEZ": 48.0, "GUSTAVO MATAMOROS CAMACHO": 1.0, "IVÁN CEPEDA CASTRO": 1097.0, "LUIS GILBERTO MURILLO URRUTIA": 0.0, "MIGUEL URIBE LONDOÑO": 1.0, "PALOMA VALENCIA LASERNA": 90.0, "RAÚL SANTIAGO BOTERO JARAMILLO": 15.0, "ROY LEONARDO BARRERAS MONTEALEGRE": 0.0, "SERGIO FAJARDO VALDERRAMA": 70.0, "SONDRA MACOLLINS GARVIN PINTO": 0.0, "ÓSCAR MAURICIO LIZCANO ARANGO": 5.0, "TOTAL_VOTOS": 1882.0, "GANADOR": "IVÁN CEPEDA CASTRO", "VOTOS_GANADOR": 1097.0, "PCT_GANADOR": 58.3 }, "geometry": { "type": "Point", "coordinates": [ -74.18989757, 4.63901354 ] } },
{ "type": "Feature", "properties": { "LOCALIDAD": "Bosa", "DIRECCION": "CLL 57R Sur # 72-20", "SITIO": "Jumbo Autopista Sur ", "NOMBRE": "Almacén Jumbo Autopista Sur", "ABELARDO DE LA ESPRIELLA": 304.0, "CARLOS EDUARDO CAICEDO OMAR": 0.0, "CLAUDIA LÓPEZ": 17.0, "GUSTAVO MATAMOROS CAMACHO": 1.0, "IVÁN CEPEDA CASTRO": 548.0, "LUIS GILBERTO MURILLO URRUTIA": 0.0, "MIGUEL URIBE LONDOÑO": 0.0, "PALOMA VALENCIA LASERNA": 69.0, "RAÚL SANTIAGO BOTERO JARAMILLO": 8.0, "ROY LEONARDO BARRERAS MONTEALEGRE": 0.0, "SERGIO FAJARDO VALDERRAMA": 50.0, "SONDRA MACOLLINS GARVIN PINTO": 0.0, "ÓSCAR MAURICIO LIZCANO ARANGO": 1.0, "TOTAL_VOTOS": 998.0, "GANADOR": "IVÁN CEPEDA CASTRO", "VOTOS_GANADOR": 548.0, "PCT_GANADOR": 54.9 }, "geometry": { "type": "Point", "coordinates": [ -74.16633853, 4.59620809 ] } },
{ "type": "Feature", "properties": { "LOCALIDAD": "Kennedy", "DIRECCION": "CLL 1 # 69 A - 07", "SITIO": "Colegio Feliza Bursztyn IED", "NOMBRE": "Colegio Feliza Bursztyn", "ABELARDO DE LA ESPRIELLA": 1589.0, "CARLOS EDUARDO CAICEDO OMAR": 1.0, "CLAUDIA LÓPEZ": 73.0, "GUSTAVO MATAMOROS CAMACHO": 0.0, "IVÁN CEPEDA CASTRO": 1250.0, "LUIS GILBERTO MURILLO URRUTIA": 2.0, "MIGUEL URIBE LONDOÑO": 4.0, "PALOMA VALENCIA LASERNA": 325.0, "RAÚL SANTIAGO BOTERO JARAMILLO": 13.0, "ROY LEONARDO BARRERAS MONTEALEGRE": 3.0, "SERGIO FAJARDO VALDERRAMA": 272.0, "SONDRA MACOLLINS GARVIN PINTO": 1.0, "ÓSCAR MAURICIO LIZCANO ARANGO": 8.0, "TOTAL_VOTOS": 3541.0, "GANADOR": "ABELARDO DE LA ESPRIELLA", "VOTOS_GANADOR": 1589.0, "PCT_GANADOR": 44.9 }, "geometry": { "type": "Point", "coordinates": [ -74.12948388, 4.62184807 ] } },
{ "type": "Feature", "properties": { "LOCALIDAD": "Kennedy", "DIRECCION": "CLL 45 Sur # 72Q - 20", "SITIO": "Colegio María Betsabe Espinal IED", "NOMBRE": "Colegio María Betsabe Espinal IED", "ABELARDO DE LA ESPRIELLA": 317.0, "CARLOS EDUARDO CAICEDO OMAR": 0.0, "CLAUDIA LÓPEZ": 17.0, "GUSTAVO MATAMOROS CAMACHO": 0.0, "IVÁN CEPEDA CASTRO": 320.0, "LUIS GILBERTO MURILLO URRUTIA": 0.0, "MIGUEL URIBE LONDOÑO": 0.0, "PALOMA VALENCIA LASERNA": 46.0, "RAÚL SANTIAGO BOTERO JARAMILLO": 8.0, "ROY LEONARDO BARRERAS MONTEALEGRE": 0.0, "SERGIO FAJARDO VALDERRAMA": 40.0, "SONDRA MACOLLINS GARVIN PINTO": 0.0, "ÓSCAR MAURICIO LIZCANO ARANGO": 1.0, "TOTAL_VOTOS": 749.0, "GANADOR": "IVÁN CEPEDA CASTRO", "VOTOS_GANADOR": 320.0, "PCT_GANADOR": 42.7 }, "geometry": { "type": "Point", "coordinates": [ -74.15503552, 4.60512063 ] } },
{ "type": "Feature", "properties": { "LOCALIDAD": "Kennedy", "DIRECCION": "CRA 69 # 9C -30 / CRA 69 # 9C - 60 / CRA 69 # 9C - 52", "SITIO": "Colegio El Ferrol La Paz IED", "NOMBRE": "Colegio El Ferrol La Paz IED", "ABELARDO DE LA ESPRIELLA": 1263.0, "CARLOS EDUARDO CAICEDO OMAR": 0.0, "CLAUDIA LÓPEZ": 70.0, "GUSTAVO MATAMOROS CAMACHO": 0.0, "IVÁN CEPEDA CASTRO": 849.0, "LUIS GILBERTO MURILLO URRUTIA": 2.0, "MIGUEL URIBE LONDOÑO": 1.0, "PALOMA VALENCIA LASERNA": 265.0, "RAÚL SANTIAGO BOTERO JARAMILLO": 6.0, "ROY LEONARDO BARRERAS MONTEALEGRE": 1.0, "SERGIO FAJARDO VALDERRAMA": 283.0, "SONDRA MACOLLINS GARVIN PINTO": 1.0, "ÓSCAR MAURICIO LIZCANO ARANGO": 6.0, "TOTAL_VOTOS": 2747.0, "GANADOR": "ABELARDO DE LA ESPRIELLA", "VOTOS_GANADOR": 1263.0, "PCT_GANADOR": 46.0 }, "geometry": { "type": "Point", "coordinates": [ -74.12634346, 4.63480431 ] } },
{ "type": "Feature", "properties": { "LOCALIDAD": "Kennedy", "DIRECCION": "CRA 74 # 42C - 80 Sur", "SITIO": "Liceo Samario", "NOMBRE": "Liceo Samario", "ABELARDO DE LA ESPRIELLA": 488.0, "CARLOS EDUARDO CAICEDO OMAR": 1.0, "CLAUDIA LÓPEZ": 36.0, "GUSTAVO MATAMOROS CAMACHO": 0.0, "IVÁN CEPEDA CASTRO": 497.0, "LUIS GILBERTO MURILLO URRUTIA": 1.0, "MIGUEL URIBE LONDOÑO": 0.0, "PALOMA VALENCIA LASERNA": 93.0, "RAÚL SANTIAGO BOTERO JARAMILLO": 8.0, "ROY LEONARDO BARRERAS MONTEALEGRE": 0.0, "SERGIO FAJARDO VALDERRAMA": 68.0, "SONDRA MACOLLINS GARVIN PINTO": 0.0, "ÓSCAR MAURICIO LIZCANO ARANGO": 1.0, "TOTAL_VOTOS": 1193.0, "GANADOR": "IVÁN CEPEDA CASTRO", "VOTOS_GANADOR": 497.0, "PCT_GANADOR": 41.7 }, "geometry": { "type": "Point", "coordinates": [ -74.15777124, 4.61058309 ] } },
{ "type": "Feature", "properties": { "LOCALIDAD": "Kennedy", "DIRECCION": "CRA 70 # 6 C - 50", "SITIO": "Salón INSTMAR - Instituto Marsella", "NOMBRE": "Salón INSTMAR - Instituto Marsella", "ABELARDO DE LA ESPRIELLA": 504.0, "CARLOS EDUARDO CAICEDO OMAR": 1.0, "CLAUDIA LÓPEZ": 24.0, "GUSTAVO MATAMOROS CAMACHO": 0.0, "IVÁN CEPEDA CASTRO": 478.0, "LUIS GILBERTO MURILLO URRUTIA": 2.0, "MIGUEL URIBE LONDOÑO": 1.0, "PALOMA VALENCIA LASERNA": 91.0, "RAÚL SANTIAGO BOTERO JARAMILLO": 4.0, "ROY LEONARDO BARRERAS MONTEALEGRE": 2.0, "SERGIO FAJARDO VALDERRAMA": 99.0, "SONDRA MACOLLINS GARVIN PINTO": 0.0, "ÓSCAR MAURICIO LIZCANO ARANGO": 3.0, "TOTAL_VOTOS": 1209.0, "GANADOR": "ABELARDO DE LA ESPRIELLA", "VOTOS_GANADOR": 504.0, "PCT_GANADOR": 41.7 }, "geometry": { "type": "Point", "coordinates": [ -74.13063682, 4.63154556 ] } },
{ "type": "Feature", "properties": { "LOCALIDAD": "Kennedy", "DIRECCION": "AV CLL 8 # 78C - 04", "SITIO": "Gimnasio Moderno Castilla", "NOMBRE": "Colegio Gimnasio Moderno Castilla", "ABELARDO DE LA ESPRIELLA": 485.0, "CARLOS EDUARDO CAICEDO OMAR": 1.0, "CLAUDIA LÓPEZ": 30.0, "GUSTAVO MATAMOROS CAMACHO": 0.0, "IVÁN CEPEDA CASTRO": 395.0, "LUIS GILBERTO MURILLO URRUTIA": 0.0, "MIGUEL URIBE LONDOÑO": 0.0, "PALOMA VALENCIA LASERNA": 109.0, "RAÚL SANTIAGO BOTERO JARAMILLO": 4.0, "ROY LEONARDO BARRERAS MONTEALEGRE": 0.0, "SERGIO FAJARDO VALDERRAMA": 131.0, "SONDRA MACOLLINS GARVIN PINTO": 0.0, "ÓSCAR MAURICIO LIZCANO ARANGO": 1.0, "TOTAL_VOTOS": 1156.0, "GANADOR": "ABELARDO DE LA ESPRIELLA", "VOTOS_GANADOR": 485.0, "PCT_GANADOR": 42.0 }, "geometry": { "type": "Point", "coordinates": [ -74.14266834, 4.638837 ] } },
{ "type": "Feature", "properties": { "LOCALIDAD": "Kennedy", "DIRECCION": "CLL 3 A # 69 B - 19", "SITIO": "Salón Comunal Las Américas", "NOMBRE": "Salón Comunal Las Américas", "ABELARDO DE LA ESPRIELLA": 516.0, "CARLOS EDUARDO CAICEDO OMAR": 1.0, "CLAUDIA LÓPEZ": 38.0, "GUSTAVO MATAMOROS CAMACHO": 0.0, "IVÁN CEPEDA CASTRO": 432.0, "LUIS GILBERTO MURILLO URRUTIA": 1.0, "MIGUEL URIBE LONDOÑO": 0.0, "PALOMA VALENCIA LASERNA": 106.0, "RAÚL SANTIAGO BOTERO JARAMILLO": 6.0, "ROY LEONARDO BARRERAS MONTEALEGRE": 0.0, "SERGIO FAJARDO VALDERRAMA": 97.0, "SONDRA MACOLLINS GARVIN PINTO": 1.0, "ÓSCAR MAURICIO LIZCANO ARANGO": 2.0, "TOTAL_VOTOS": 1200.0, "GANADOR": "ABELARDO DE LA ESPRIELLA", "VOTOS_GANADOR": 516.0, "PCT_GANADOR": 43.0 }, "geometry": { "type": "Point", "coordinates": [ -74.12952597, 4.62539796 ] } },
{ "type": "Feature", "properties": { "LOCALIDAD": "Kennedy", "DIRECCION": "CRA 72G # 39C Sur - 02 / CRA 72G # 39C - 20 Sur", "SITIO": "Salón Comunal Valencia y Bombay", "NOMBRE": "Salón Comunal Valencia y Bombay", "ABELARDO DE LA ESPRIELLA": 91.0, "CARLOS EDUARDO CAICEDO OMAR": 0.0, "CLAUDIA LÓPEZ": 3.0, "GUSTAVO MATAMOROS CAMACHO": 0.0, "IVÁN CEPEDA CASTRO": 115.0, "LUIS GILBERTO MURILLO URRUTIA": 0.0, "MIGUEL URIBE LONDOÑO": 0.0, "PALOMA VALENCIA LASERNA": 8.0, "RAÚL SANTIAGO BOTERO JARAMILLO": 5.0, "ROY LEONARDO BARRERAS MONTEALEGRE": 0.0, "SERGIO FAJARDO VALDERRAMA": 13.0, "SONDRA MACOLLINS GARVIN PINTO": 0.0, "ÓSCAR MAURICIO LIZCANO ARANGO": 0.0, "TOTAL_VOTOS": 235.0, "GANADOR": "IVÁN CEPEDA CASTRO", "VOTOS_GANADOR": 115.0, "PCT_GANADOR": 48.9 }, "geometry": { "type": "Point", "coordinates": [ -74.14430068, 4.60637257 ] } },
{ "type": "Feature", "properties": { "LOCALIDAD": "Kennedy", "DIRECCION": "CLL 44 F Sur # 72 B - 36", "SITIO": "Salón Comunal Nuevas Delicias", "NOMBRE": "Salón Comunal Nuevas Delicias", "ABELARDO DE LA ESPRIELLA": 114.0, "CARLOS EDUARDO CAICEDO OMAR": 0.0, "CLAUDIA LÓPEZ": 7.0, "GUSTAVO MATAMOROS CAMACHO": 0.0, "IVÁN CEPEDA CASTRO": 150.0, "LUIS GILBERTO MURILLO URRUTIA": 0.0, "MIGUEL URIBE LONDOÑO": 0.0, "PALOMA VALENCIA LASERNA": 13.0, "RAÚL SANTIAGO BOTERO JARAMILLO": 4.0, "ROY LEONARDO BARRERAS MONTEALEGRE": 0.0, "SERGIO FAJARDO VALDERRAMA": 14.0, "SONDRA MACOLLINS GARVIN PINTO": 0.0, "ÓSCAR MAURICIO LIZCANO ARANGO": 0.0, "TOTAL_VOTOS": 302.0, "GANADOR": "IVÁN CEPEDA CASTRO", "VOTOS_GANADOR": 150.0, "PCT_GANADOR": 49.7 }, "geometry": { "type": "Point", "coordinates": [ -74.14703322, 4.59951215 ] } },
{ "type": "Feature", "properties": { "LOCALIDAD": "Kennedy", "DIRECCION": "CRA 77 K # 57 D - 23 Sur", "SITIO": "Liceo Carmelitas", "NOMBRE": "Liceo Carmelitas", "ABELARDO DE LA ESPRIELLA": 235.0, "CARLOS EDUARDO CAICEDO OMAR": 0.0, "CLAUDIA LÓPEZ": 13.0, "GUSTAVO MATAMOROS CAMACHO": 0.0, "IVÁN CEPEDA CASTRO": 295.0, "LUIS GILBERTO MURILLO URRUTIA": 0.0, "MIGUEL URIBE LONDOÑO": 0.0, "PALOMA VALENCIA LASERNA": 36.0, "RAÚL SANTIAGO BOTERO JARAMILLO": 4.0, "ROY LEONARDO BARRERAS MONTEALEGRE": 1.0, "SERGIO FAJARDO VALDERRAMA": 32.0, "SONDRA MACOLLINS GARVIN PINTO": 0.0, "ÓSCAR MAURICIO LIZCANO ARANGO": 1.0, "TOTAL_VOTOS": 617.0, "GANADOR": "IVÁN CEPEDA CASTRO", "VOTOS_GANADOR": 295.0, "PCT_GANADOR": 47.8 }, "geometry": { "type": "Point", "coordinates": [ -74.17329448, 4.60624128 ] } },
{ "type": "Feature", "properties": { "LOCALIDAD": "Kennedy", "DIRECCION": "CRA 79 B # 46 - 70 Sur / CRA 79B # 46 - 16 S", "SITIO": "Casablanca 33", "NOMBRE": "Salón Comunal Casablanca 33", "ABELARDO DE LA ESPRIELLA": 245.0, "CARLOS EDUARDO CAICEDO OMAR": 0.0, "CLAUDIA LÓPEZ": 23.0, "GUSTAVO MATAMOROS CAMACHO": 0.0, "IVÁN CEPEDA CASTRO": 364.0, "LUIS GILBERTO MURILLO URRUTIA": 0.0, "MIGUEL URIBE LONDOÑO": 1.0, "PALOMA VALENCIA LASERNA": 57.0, "RAÚL SANTIAGO BOTERO JARAMILLO": 6.0, "ROY LEONARDO BARRERAS MONTEALEGRE": 0.0, "SERGIO FAJARDO VALDERRAMA": 50.0, "SONDRA MACOLLINS GARVIN PINTO": 0.0, "ÓSCAR MAURICIO LIZCANO ARANGO": 1.0, "TOTAL_VOTOS": 747.0, "GANADOR": "IVÁN CEPEDA CASTRO", "VOTOS_GANADOR": 364.0, "PCT_GANADOR": 48.7 }, "geometry": { "type": "Point", "coordinates": [ -74.16714107, 4.61804008 ] } },
{ "type": "Feature", "properties": { "LOCALIDAD": "Kennedy", "DIRECCION": "CRA 78 N Bis # 45 - 60 Sur", "SITIO": "IED Colegio San Jose Sede B", "NOMBRE": "Colegio San Jose - Sede B", "ABELARDO DE LA ESPRIELLA": 472.0, "CARLOS EDUARDO CAICEDO OMAR": 1.0, "CLAUDIA LÓPEZ": 27.0, "GUSTAVO MATAMOROS CAMACHO": 0.0, "IVÁN CEPEDA CASTRO": 617.0, "LUIS GILBERTO MURILLO URRUTIA": 1.0, "MIGUEL URIBE LONDOÑO": 1.0, "PALOMA VALENCIA LASERNA": 106.0, "RAÚL SANTIAGO BOTERO JARAMILLO": 10.0, "ROY LEONARDO BARRERAS MONTEALEGRE": 1.0, "SERGIO FAJARDO VALDERRAMA": 75.0, "SONDRA MACOLLINS GARVIN PINTO": 1.0, "ÓSCAR MAURICIO LIZCANO ARANGO": 0.0, "TOTAL_VOTOS": 1312.0, "GANADOR": "IVÁN CEPEDA CASTRO", "VOTOS_GANADOR": 617.0, "PCT_GANADOR": 47.0 }, "geometry": { "type": "Point", "coordinates": [ -74.16573839, 4.61651776 ] } },
{ "type": "Feature", "properties": { "LOCALIDAD": "Kennedy", "DIRECCION": "CRA 84 D # 13 - 65 / CRA 81 D # 13 - 65", "SITIO": "Col. Gustavo Rojas Pinilla -Sede B", "NOMBRE": "Colegio Gustavo Rojas Pinilla -Sede B", "ABELARDO DE LA ESPRIELLA": 175.0, "CARLOS EDUARDO CAICEDO OMAR": 0.0, "CLAUDIA LÓPEZ": 14.0, "GUSTAVO MATAMOROS CAMACHO": 0.0, "IVÁN CEPEDA CASTRO": 205.0, "LUIS GILBERTO MURILLO URRUTIA": 0.0, "MIGUEL URIBE LONDOÑO": 0.0, "PALOMA VALENCIA LASERNA": 27.0, "RAÚL SANTIAGO BOTERO JARAMILLO": 2.0, "ROY LEONARDO BARRERAS MONTEALEGRE": 0.0, "SERGIO FAJARDO VALDERRAMA": 29.0, "SONDRA MACOLLINS GARVIN PINTO": 0.0, "ÓSCAR MAURICIO LIZCANO ARANGO": 0.0, "TOTAL_VOTOS": 452.0, "GANADOR": "IVÁN CEPEDA CASTRO", "VOTOS_GANADOR": 205.0, "PCT_GANADOR": 45.4 }, "geometry": { "type": "Point", "coordinates": [ -74.1394833, 4.65259737 ] } },
{ "type": "Feature", "properties": { "LOCALIDAD": "Fontibon", "DIRECCION": "CLL 22F # 85 -05 /CLL 22F # 85 - 09", "SITIO": "Colegio San Gabriel Modelia", "NOMBRE": "Colegio San Gabriel Modelia", "ABELARDO DE LA ESPRIELLA": 1336.0, "CARLOS EDUARDO CAICEDO OMAR": 0.0, "CLAUDIA LÓPEZ": 56.0, "GUSTAVO MATAMOROS CAMACHO": 0.0, "IVÁN CEPEDA CASTRO": 772.0, "LUIS GILBERTO MURILLO URRUTIA": 0.0, "MIGUEL URIBE LONDOÑO": 0.0, "PALOMA VALENCIA LASERNA": 261.0, "RAÚL SANTIAGO BOTERO JARAMILLO": 3.0, "ROY LEONARDO BARRERAS MONTEALEGRE": 2.0, "SERGIO FAJARDO VALDERRAMA": 225.0, "SONDRA MACOLLINS GARVIN PINTO": 1.0, "ÓSCAR MAURICIO LIZCANO ARANGO": 1.0, "TOTAL_VOTOS": 2657.0, "GANADOR": "ABELARDO DE LA ESPRIELLA", "VOTOS_GANADOR": 1336.0, "PCT_GANADOR": 50.3 }, "geometry": { "type": "Point", "coordinates": [ -74.12752524, 4.66723486 ] } },
{ "type": "Feature", "properties": { "LOCALIDAD": "Fontibon", "DIRECCION": "CLL 23 # 81 D - 11", "SITIO": "Gimnasio Fidel Cano Modelia", "NOMBRE": "Institución Educativa Gimnasio Fidel Cano", "ABELARDO DE LA ESPRIELLA": 188.0, "CARLOS EDUARDO CAICEDO OMAR": 0.0, "CLAUDIA LÓPEZ": 11.0, "GUSTAVO MATAMOROS CAMACHO": 0.0, "IVÁN CEPEDA CASTRO": 114.0, "LUIS GILBERTO MURILLO URRUTIA": 0.0, "MIGUEL URIBE LONDOÑO": 0.0, "PALOMA VALENCIA LASERNA": 40.0, "RAÚL SANTIAGO BOTERO JARAMILLO": 1.0, "ROY LEONARDO BARRERAS MONTEALEGRE": 0.0, "SERGIO FAJARDO VALDERRAMA": 39.0, "SONDRA MACOLLINS GARVIN PINTO": 1.0, "ÓSCAR MAURICIO LIZCANO ARANGO": 0.0, "TOTAL_VOTOS": 394.0, "GANADOR": "ABELARDO DE LA ESPRIELLA", "VOTOS_GANADOR": 188.0, "PCT_GANADOR": 47.7 }, "geometry": { "type": "Point", "coordinates": [ -74.12582192, 4.6659374 ] } },
{ "type": "Feature", "properties": { "LOCALIDAD": "Fontibon", "DIRECCION": "CRA 113 # 19 A - 80", "SITIO": "Integrado Sede D Palestina", "NOMBRE": "Institución Educativa Distrital Integrado Sede D", "ABELARDO DE LA ESPRIELLA": 222.0, "CARLOS EDUARDO CAICEDO OMAR": 0.0, "CLAUDIA LÓPEZ": 13.0, "GUSTAVO MATAMOROS CAMACHO": 1.0, "IVÁN CEPEDA CASTRO": 404.0, "LUIS GILBERTO MURILLO URRUTIA": 1.0, "MIGUEL URIBE LONDOÑO": 2.0, "PALOMA VALENCIA LASERNA": 46.0, "RAÚL SANTIAGO BOTERO JARAMILLO": 9.0, "ROY LEONARDO BARRERAS MONTEALEGRE": 1.0, "SERGIO FAJARDO VALDERRAMA": 43.0, "SONDRA MACOLLINS GARVIN PINTO": 0.0, "ÓSCAR MAURICIO LIZCANO ARANGO": 1.0, "TOTAL_VOTOS": 743.0, "GANADOR": "IVÁN CEPEDA CASTRO", "VOTOS_GANADOR": 404.0, "PCT_GANADOR": 54.4 }, "geometry": { "type": "Point", "coordinates": [ -74.15004414, 4.68385681 ] } },
{ "type": "Feature", "properties": { "LOCALIDAD": "Fontibon", "DIRECCION": "CLL 16C # 78 - 80 /CLL 16C # 78 - 82", "SITIO": "IED Maria J. Canelones", "NOMBRE": "Institución Educativa Distrital Maria J. Canelones", "ABELARDO DE LA ESPRIELLA": 277.0, "CARLOS EDUARDO CAICEDO OMAR": 0.0, "CLAUDIA LÓPEZ": 18.0, "GUSTAVO MATAMOROS CAMACHO": 0.0, "IVÁN CEPEDA CASTRO": 218.0, "LUIS GILBERTO MURILLO URRUTIA": 1.0, "MIGUEL URIBE LONDOÑO": 1.0, "PALOMA VALENCIA LASERNA": 51.0, "RAÚL SANTIAGO BOTERO JARAMILLO": 1.0, "ROY LEONARDO BARRERAS MONTEALEGRE": 0.0, "SERGIO FAJARDO VALDERRAMA": 64.0, "SONDRA MACOLLINS GARVIN PINTO": 0.0, "ÓSCAR MAURICIO LIZCANO ARANGO": 0.0, "TOTAL_VOTOS": 631.0, "GANADOR": "ABELARDO DE LA ESPRIELLA", "VOTOS_GANADOR": 277.0, "PCT_GANADOR": 43.9 }, "geometry": { "type": "Point", "coordinates": [ -74.13154579, 4.65095708 ] } },
{ "type": "Feature", "properties": { "LOCALIDAD": "Fontibon", "DIRECCION": "CRA 96 A # 25 G - 26", "SITIO": "Salón Comunal Puerta de Teja", "NOMBRE": "Salón Comunal Puerta de Teja", "ABELARDO DE LA ESPRIELLA": 54.0, "CARLOS EDUARDO CAICEDO OMAR": 0.0, "CLAUDIA LÓPEZ": 2.0, "GUSTAVO MATAMOROS CAMACHO": 0.0, "IVÁN CEPEDA CASTRO": 47.0, "LUIS GILBERTO MURILLO URRUTIA": 0.0, "MIGUEL URIBE LONDOÑO": 0.0, "PALOMA VALENCIA LASERNA": 23.0, "RAÚL SANTIAGO BOTERO JARAMILLO": 0.0, "ROY LEONARDO BARRERAS MONTEALEGRE": 1.0, "SERGIO FAJARDO VALDERRAMA": 10.0, "SONDRA MACOLLINS GARVIN PINTO": 0.0, "ÓSCAR MAURICIO LIZCANO ARANGO": 1.0, "TOTAL_VOTOS": 138.0, "GANADOR": "ABELARDO DE LA ESPRIELLA", "VOTOS_GANADOR": 54.0, "PCT_GANADOR": 39.1 }, "geometry": { "type": "Point", "coordinates": [ -74.12673708, 4.68416695 ] } },
{ "type": "Feature", "properties": { "LOCALIDAD": "Fontibon", "DIRECCION": "CLL 22 H # 96 D - 50", "SITIO": "Salón Comunal Ferrocaja", "NOMBRE": "Salón Comunal Ferrocaja", "ABELARDO DE LA ESPRIELLA": 321.0, "CARLOS EDUARDO CAICEDO OMAR": 0.0, "CLAUDIA LÓPEZ": 21.0, "GUSTAVO MATAMOROS CAMACHO": 0.0, "IVÁN CEPEDA CASTRO": 268.0, "LUIS GILBERTO MURILLO URRUTIA": 2.0, "MIGUEL URIBE LONDOÑO": 0.0, "PALOMA VALENCIA LASERNA": 53.0, "RAÚL SANTIAGO BOTERO JARAMILLO": 2.0, "ROY LEONARDO BARRERAS MONTEALEGRE": 0.0, "SERGIO FAJARDO VALDERRAMA": 60.0, "SONDRA MACOLLINS GARVIN PINTO": 0.0, "ÓSCAR MAURICIO LIZCANO ARANGO": 0.0, "TOTAL_VOTOS": 727.0, "GANADOR": "ABELARDO DE LA ESPRIELLA", "VOTOS_GANADOR": 321.0, "PCT_GANADOR": 44.2 }, "geometry": { "type": "Point", "coordinates": [ -74.13608561, 4.67361438 ] } },
{ "type": "Feature", "properties": { "LOCALIDAD": "Engativá", "DIRECCION": "CLL 67 # 73 A - 15", "SITIO": "Colegio Antonio Nariño Sede 2", "NOMBRE": "Colegio Antonio Nariño Sede 2", "ABELARDO DE LA ESPRIELLA": 497.0, "CARLOS EDUARDO CAICEDO OMAR": 1.0, "CLAUDIA LÓPEZ": 18.0, "GUSTAVO MATAMOROS CAMACHO": 1.0, "IVÁN CEPEDA CASTRO": 539.0, "LUIS GILBERTO MURILLO URRUTIA": 0.0, "MIGUEL URIBE LONDOÑO": 1.0, "PALOMA VALENCIA LASERNA": 78.0, "RAÚL SANTIAGO BOTERO JARAMILLO": 7.0, "ROY LEONARDO BARRERAS MONTEALEGRE": 0.0, "SERGIO FAJARDO VALDERRAMA": 70.0, "SONDRA MACOLLINS GARVIN PINTO": 1.0, "ÓSCAR MAURICIO LIZCANO ARANGO": 2.0, "TOTAL_VOTOS": 1215.0, "GANADOR": "IVÁN CEPEDA CASTRO", "VOTOS_GANADOR": 539.0, "PCT_GANADOR": 44.4 }, "geometry": { "type": "Point", "coordinates": [ -74.10069275, 4.68299409 ] } },
{ "type": "Feature", "properties": { "LOCALIDAD": "Engativá", "DIRECCION": "AV CRA 68 # 49A - 47", "SITIO": "CUR de Compensar", "NOMBRE": "CUR de Compensar", "ABELARDO DE LA ESPRIELLA": 304.0, "CARLOS EDUARDO CAICEDO OMAR": 1.0, "CLAUDIA LÓPEZ": 19.0, "GUSTAVO MATAMOROS CAMACHO": 0.0, "IVÁN CEPEDA CASTRO": 270.0, "LUIS GILBERTO MURILLO URRUTIA": 2.0, "MIGUEL URIBE LONDOÑO": 0.0, "PALOMA VALENCIA LASERNA": 83.0, "RAÚL SANTIAGO BOTERO JARAMILLO": 6.0, "ROY LEONARDO BARRERAS MONTEALEGRE": 0.0, "SERGIO FAJARDO VALDERRAMA": 80.0, "SONDRA MACOLLINS GARVIN PINTO": 0.0, "ÓSCAR MAURICIO LIZCANO ARANGO": 1.0, "TOTAL_VOTOS": 766.0, "GANADOR": "ABELARDO DE LA ESPRIELLA", "VOTOS_GANADOR": 304.0, "PCT_GANADOR": 39.7 }, "geometry": { "type": "Point", "coordinates": [ -74.09856682, 4.66017108 ] } },
{ "type": "Feature", "properties": { "LOCALIDAD": "Engativá", "DIRECCION": "CRA 104 A # 77 C - 50", "SITIO": "Colegio Garces Navas Sede B", "NOMBRE": "Colegio Garces Navas Sede B", "ABELARDO DE LA ESPRIELLA": 664.0, "CARLOS EDUARDO CAICEDO OMAR": 0.0, "CLAUDIA LÓPEZ": 27.0, "GUSTAVO MATAMOROS CAMACHO": 0.0, "IVÁN CEPEDA CASTRO": 757.0, "LUIS GILBERTO MURILLO URRUTIA": 1.0, "MIGUEL URIBE LONDOÑO": 0.0, "PALOMA VALENCIA LASERNA": 130.0, "RAÚL SANTIAGO BOTERO JARAMILLO": 21.0, "ROY LEONARDO BARRERAS MONTEALEGRE": 0.0, "SERGIO FAJARDO VALDERRAMA": 121.0, "SONDRA MACOLLINS GARVIN PINTO": 0.0, "ÓSCAR MAURICIO LIZCANO ARANGO": 3.0, "TOTAL_VOTOS": 1724.0, "GANADOR": "IVÁN CEPEDA CASTRO", "VOTOS_GANADOR": 757.0, "PCT_GANADOR": 43.9 }, "geometry": { "type": "Point", "coordinates": [ -74.11645032, 4.71156654 ] } },
{ "type": "Feature", "properties": { "LOCALIDAD": "Engativá", "DIRECCION": "CRA 89 # 66 A - 14", "SITIO": "Colegio Floridablanca (IED) Sede B", "NOMBRE": "Colegio Floridablanca (IED) Sede B", "ABELARDO DE LA ESPRIELLA": 173.0, "CARLOS EDUARDO CAICEDO OMAR": 1.0, "CLAUDIA LÓPEZ": 14.0, "GUSTAVO MATAMOROS CAMACHO": 0.0, "IVÁN CEPEDA CASTRO": 252.0, "LUIS GILBERTO MURILLO URRUTIA": 0.0, "MIGUEL URIBE LONDOÑO": 0.0, "PALOMA VALENCIA LASERNA": 29.0, "RAÚL SANTIAGO BOTERO JARAMILLO": 4.0, "ROY LEONARDO BARRERAS MONTEALEGRE": 0.0, "SERGIO FAJARDO VALDERRAMA": 22.0, "SONDRA MACOLLINS GARVIN PINTO": 0.0, "ÓSCAR MAURICIO LIZCANO ARANGO": 0.0, "TOTAL_VOTOS": 495.0, "GANADOR": "IVÁN CEPEDA CASTRO", "VOTOS_GANADOR": 252.0, "PCT_GANADOR": 50.9 }, "geometry": { "type": "Point", "coordinates": [ -74.11149035, 4.69153126 ] } },
{ "type": "Feature", "properties": { "LOCALIDAD": "Engativá", "DIRECCION": "CLL 90 A # 95 A - 56 /CL 90 A # 95 D – 56", "SITIO": "Col. Inst Tec Laureano Gomez (IED) Sede A", "NOMBRE": "Colegio Instituto Técnico Laureano Gomez (IED) Sede A", "ABELARDO DE LA ESPRIELLA": 490.0, "CARLOS EDUARDO CAICEDO OMAR": 0.0, "CLAUDIA LÓPEZ": 28.0, "GUSTAVO MATAMOROS CAMACHO": 0.0, "IVÁN CEPEDA CASTRO": 693.0, "LUIS GILBERTO MURILLO URRUTIA": 0.0, "MIGUEL URIBE LONDOÑO": 3.0, "PALOMA VALENCIA LASERNA": 106.0, "RAÚL SANTIAGO BOTERO JARAMILLO": 9.0, "ROY LEONARDO BARRERAS MONTEALEGRE": 0.0, "SERGIO FAJARDO VALDERRAMA": 63.0, "SONDRA MACOLLINS GARVIN PINTO": 1.0, "ÓSCAR MAURICIO LIZCANO ARANGO": 4.0, "TOTAL_VOTOS": 1397.0, "GANADOR": "IVÁN CEPEDA CASTRO", "VOTOS_GANADOR": 693.0, "PCT_GANADOR": 49.6 }, "geometry": { "type": "Point", "coordinates": [ -74.10140051, 4.71800307 ] } },
{ "type": "Feature", "properties": { "LOCALIDAD": "Engativá", "DIRECCION": "CLL 77B # 129 - 80 / DG 77 B # 129 - 80", "SITIO": "Colegio Lucila Rubio de Laverde (IED)", "NOMBRE": "Colegio Lucila Rubio de Laverde (IED)", "ABELARDO DE LA ESPRIELLA": 2211.0, "CARLOS EDUARDO CAICEDO OMAR": 2.0, "CLAUDIA LÓPEZ": 127.0, "GUSTAVO MATAMOROS CAMACHO": 1.0, "IVÁN CEPEDA CASTRO": 1429.0, "LUIS GILBERTO MURILLO URRUTIA": 1.0, "MIGUEL URIBE LONDOÑO": 3.0, "PALOMA VALENCIA LASERNA": 491.0, "RAÚL SANTIAGO BOTERO JARAMILLO": 14.0, "ROY LEONARDO BARRERAS MONTEALEGRE": 1.0, "SERGIO FAJARDO VALDERRAMA": 399.0, "SONDRA MACOLLINS GARVIN PINTO": 3.0, "ÓSCAR MAURICIO LIZCANO ARANGO": 8.0, "TOTAL_VOTOS": 4690.0, "GANADOR": "ABELARDO DE LA ESPRIELLA", "VOTOS_GANADOR": 2211.0, "PCT_GANADOR": 47.1 }, "geometry": { "type": "Point", "coordinates": [ -74.13652519, 4.72447928 ] } },
{ "type": "Feature", "properties": { "LOCALIDAD": "Engativá", "DIRECCION": "CLL 77C # 111 - 51 / CL 78 # 111 - 51", "SITIO": "Salón Comunal Villas de Granada", "NOMBRE": "Salón Comunal Villas de Granada", "ABELARDO DE LA ESPRIELLA": 2594.0, "CARLOS EDUARDO CAICEDO OMAR": 3.0, "CLAUDIA LÓPEZ": 138.0, "GUSTAVO MATAMOROS CAMACHO": 0.0, "IVÁN CEPEDA CASTRO": 2476.0, "LUIS GILBERTO MURILLO URRUTIA": 3.0, "MIGUEL URIBE LONDOÑO": 2.0, "PALOMA VALENCIA LASERNA": 550.0, "RAÚL SANTIAGO BOTERO JARAMILLO": 23.0, "ROY LEONARDO BARRERAS MONTEALEGRE": 7.0, "SERGIO FAJARDO VALDERRAMA": 512.0, "SONDRA MACOLLINS GARVIN PINTO": 0.0, "ÓSCAR MAURICIO LIZCANO ARANGO": 7.0, "TOTAL_VOTOS": 6315.0, "GANADOR": "ABELARDO DE LA ESPRIELLA", "VOTOS_GANADOR": 2594.0, "PCT_GANADOR": 41.1 }, "geometry": { "type": "Point", "coordinates": [ -74.1212358, 4.71637033 ] } },
{ "type": "Feature", "properties": { "LOCALIDAD": "Engativá", "DIRECCION": "CRA 113 C # 63 F - 18", "SITIO": "Colegio Antonio Villavicencio Sede B", "NOMBRE": "Colegio Antonio Villavicencio Sede B", "ABELARDO DE LA ESPRIELLA": 862.0, "CARLOS EDUARDO CAICEDO OMAR": 0.0, "CLAUDIA LÓPEZ": 56.0, "GUSTAVO MATAMOROS CAMACHO": 0.0, "IVÁN CEPEDA CASTRO": 1180.0, "LUIS GILBERTO MURILLO URRUTIA": 2.0, "MIGUEL URIBE LONDOÑO": 2.0, "PALOMA VALENCIA LASERNA": 154.0, "RAÚL SANTIAGO BOTERO JARAMILLO": 16.0, "ROY LEONARDO BARRERAS MONTEALEGRE": 2.0, "SERGIO FAJARDO VALDERRAMA": 110.0, "SONDRA MACOLLINS GARVIN PINTO": 1.0, "ÓSCAR MAURICIO LIZCANO ARANGO": 4.0, "TOTAL_VOTOS": 2389.0, "GANADOR": "IVÁN CEPEDA CASTRO", "VOTOS_GANADOR": 1180.0, "PCT_GANADOR": 49.4 }, "geometry": { "type": "Point", "coordinates": [ -74.14034227, 4.7092171 ] } },
{ "type": "Feature", "properties": { "LOCALIDAD": "Engativá", "DIRECCION": "CRA 90 B # 71-12 / CRA 90B # 71 - 50", "SITIO": "Colegio Floridablanca (IED) Sede C", "NOMBRE": "Colegio Floridablanca (IED) Sede C", "ABELARDO DE LA ESPRIELLA": 401.0, "CARLOS EDUARDO CAICEDO OMAR": 0.0, "CLAUDIA LÓPEZ": 23.0, "GUSTAVO MATAMOROS CAMACHO": 0.0, "IVÁN CEPEDA CASTRO": 373.0, "LUIS GILBERTO MURILLO URRUTIA": 2.0, "MIGUEL URIBE LONDOÑO": 0.0, "PALOMA VALENCIA LASERNA": 68.0, "RAÚL SANTIAGO BOTERO JARAMILLO": 5.0, "ROY LEONARDO BARRERAS MONTEALEGRE": 0.0, "SERGIO FAJARDO VALDERRAMA": 52.0, "SONDRA MACOLLINS GARVIN PINTO": 0.0, "ÓSCAR MAURICIO LIZCANO ARANGO": 2.0, "TOTAL_VOTOS": 926.0, "GANADOR": "ABELARDO DE LA ESPRIELLA", "VOTOS_GANADOR": 401.0, "PCT_GANADOR": 43.3 }, "geometry": { "type": "Point", "coordinates": [ -74.11024991, 4.69701278 ] } },
{ "type": "Feature", "properties": { "LOCALIDAD": "Engativá", "DIRECCION": "CLL 87 # 102 - 55", "SITIO": "Colegio Distrital Rodolfo Llinas Sede B", "NOMBRE": "Colegio Distrital Rodolfo Llinas (IED) Sede B", "ABELARDO DE LA ESPRIELLA": 457.0, "CARLOS EDUARDO CAICEDO OMAR": 0.0, "CLAUDIA LÓPEZ": 37.0, "GUSTAVO MATAMOROS CAMACHO": 0.0, "IVÁN CEPEDA CASTRO": 475.0, "LUIS GILBERTO MURILLO URRUTIA": 0.0, "MIGUEL URIBE LONDOÑO": 1.0, "PALOMA VALENCIA LASERNA": 113.0, "RAÚL SANTIAGO BOTERO JARAMILLO": 1.0, "ROY LEONARDO BARRERAS MONTEALEGRE": 0.0, "SERGIO FAJARDO VALDERRAMA": 124.0, "SONDRA MACOLLINS GARVIN PINTO": 0.0, "ÓSCAR MAURICIO LIZCANO ARANGO": 1.0, "TOTAL_VOTOS": 1209.0, "GANADOR": "IVÁN CEPEDA CASTRO", "VOTOS_GANADOR": 475.0, "PCT_GANADOR": 39.3 }, "geometry": { "type": "Point", "coordinates": [ -74.10704418, 4.71907212 ] } },
{ "type": "Feature", "properties": { "LOCALIDAD": "Suba", "DIRECCION": "AV SUBA RINCON DIAG 127A # 81 - 26 / AV SUBA RINCON DIAG 127A # 81 - 36", "SITIO": "Centro de Felicidad Las Cometas", "NOMBRE": "Centro de Felicidad Las Cometas", "ABELARDO DE LA ESPRIELLA": 423.0, "CARLOS EDUARDO CAICEDO OMAR": 0.0, "CLAUDIA LÓPEZ": 26.0, "GUSTAVO MATAMOROS CAMACHO": 0.0, "IVÁN CEPEDA CASTRO": 378.0, "LUIS GILBERTO MURILLO URRUTIA": 1.0, "MIGUEL URIBE LONDOÑO": 0.0, "PALOMA VALENCIA LASERNA": 94.0, "RAÚL SANTIAGO BOTERO JARAMILLO": 2.0, "ROY LEONARDO BARRERAS MONTEALEGRE": 1.0, "SERGIO FAJARDO VALDERRAMA": 94.0, "SONDRA MACOLLINS GARVIN PINTO": 1.0, "ÓSCAR MAURICIO LIZCANO ARANGO": 2.0, "TOTAL_VOTOS": 1022.0, "GANADOR": "ABELARDO DE LA ESPRIELLA", "VOTOS_GANADOR": 423.0, "PCT_GANADOR": 41.4 }, "geometry": { "type": "Point", "coordinates": [ -74.08610222, 4.71333618 ] } },
{ "type": "Feature", "properties": { "LOCALIDAD": "Suba", "DIRECCION": "CLL 155A # 88 - 05", "SITIO": "Tuna Alta", "NOMBRE": "Colegio Distrital Veintiún Ángeles Sede B", "ABELARDO DE LA ESPRIELLA": 176.0, "CARLOS EDUARDO CAICEDO OMAR": 1.0, "CLAUDIA LÓPEZ": 12.0, "GUSTAVO MATAMOROS CAMACHO": 0.0, "IVÁN CEPEDA CASTRO": 221.0, "LUIS GILBERTO MURILLO URRUTIA": 1.0, "MIGUEL URIBE LONDOÑO": 2.0, "PALOMA VALENCIA LASERNA": 39.0, "RAÚL SANTIAGO BOTERO JARAMILLO": 9.0, "ROY LEONARDO BARRERAS MONTEALEGRE": 0.0, "SERGIO FAJARDO VALDERRAMA": 28.0, "SONDRA MACOLLINS GARVIN PINTO": 1.0, "ÓSCAR MAURICIO LIZCANO ARANGO": 3.0, "TOTAL_VOTOS": 493.0, "GANADOR": "IVÁN CEPEDA CASTRO", "VOTOS_GANADOR": 221.0, "PCT_GANADOR": 44.8 }, "geometry": { "type": "Point", "coordinates": [ -74.07865152, 4.74990585 ] } },
{ "type": "Feature", "properties": { "LOCALIDAD": "Suba", "DIRECCION": "CLL 139 # 127 C - 48", "SITIO": "Coliseo Tibabuyes", "NOMBRE": "Coliseo Tibabuyes", "ABELARDO DE LA ESPRIELLA": 755.0, "CARLOS EDUARDO CAICEDO OMAR": 0.0, "CLAUDIA LÓPEZ": 32.0, "GUSTAVO MATAMOROS CAMACHO": 1.0, "IVÁN CEPEDA CASTRO": 1120.0, "LUIS GILBERTO MURILLO URRUTIA": 0.0, "MIGUEL URIBE LONDOÑO": 1.0, "PALOMA VALENCIA LASERNA": 141.0, "RAÚL SANTIAGO BOTERO JARAMILLO": 10.0, "ROY LEONARDO BARRERAS MONTEALEGRE": 0.0, "SERGIO FAJARDO VALDERRAMA": 122.0, "SONDRA MACOLLINS GARVIN PINTO": 2.0, "ÓSCAR MAURICIO LIZCANO ARANGO": 4.0, "TOTAL_VOTOS": 2188.0, "GANADOR": "IVÁN CEPEDA CASTRO", "VOTOS_GANADOR": 1120.0, "PCT_GANADOR": 51.2 }, "geometry": { "type": "Point", "coordinates": [ -74.1102329, 4.74597363 ] } },
{ "type": "Feature", "properties": { "LOCALIDAD": "Suba", "DIRECCION": "DIAG 145 # 138 A - 10", "SITIO": "Centro Felicidad Fontanar del Río", "NOMBRE": "Centro Felicidad Fontanar del Río", "ABELARDO DE LA ESPRIELLA": 701.0, "CARLOS EDUARDO CAICEDO OMAR": 1.0, "CLAUDIA LÓPEZ": 62.0, "GUSTAVO MATAMOROS CAMACHO": 0.0, "IVÁN CEPEDA CASTRO": 893.0, "LUIS GILBERTO MURILLO URRUTIA": 0.0, "MIGUEL URIBE LONDOÑO": 2.0, "PALOMA VALENCIA LASERNA": 153.0, "RAÚL SANTIAGO BOTERO JARAMILLO": 12.0, "ROY LEONARDO BARRERAS MONTEALEGRE": 1.0, "SERGIO FAJARDO VALDERRAMA": 114.0, "SONDRA MACOLLINS GARVIN PINTO": 1.0, "ÓSCAR MAURICIO LIZCANO ARANGO": 2.0, "TOTAL_VOTOS": 1942.0, "GANADOR": "IVÁN CEPEDA CASTRO", "VOTOS_GANADOR": 893.0, "PCT_GANADOR": 46.0 }, "geometry": { "type": "Point", "coordinates": [ -74.11067523, 4.75417983 ] } },
{ "type": "Feature", "properties": { "LOCALIDAD": "Suba", "DIRECCION": "AV CRA 109 B # 145 - 17", "SITIO": "Colegio Jaime Niño Diez", "NOMBRE": "Colegio Jaime Niño Diez", "ABELARDO DE LA ESPRIELLA": 2686.0, "CARLOS EDUARDO CAICEDO OMAR": 1.0, "CLAUDIA LÓPEZ": 139.0, "GUSTAVO MATAMOROS CAMACHO": 2.0, "IVÁN CEPEDA CASTRO": 2224.0, "LUIS GILBERTO MURILLO URRUTIA": 1.0, "MIGUEL URIBE LONDOÑO": 1.0, "PALOMA VALENCIA LASERNA": 505.0, "RAÚL SANTIAGO BOTERO JARAMILLO": 26.0, "ROY LEONARDO BARRERAS MONTEALEGRE": 3.0, "SERGIO FAJARDO VALDERRAMA": 521.0, "SONDRA MACOLLINS GARVIN PINTO": 4.0, "ÓSCAR MAURICIO LIZCANO ARANGO": 12.0, "TOTAL_VOTOS": 6125.0, "GANADOR": "ABELARDO DE LA ESPRIELLA", "VOTOS_GANADOR": 2686.0, "PCT_GANADOR": 43.9 }, "geometry": { "type": "Point", "coordinates": [ -74.09904508, 4.74885575 ] } },
{ "type": "Feature", "properties": { "LOCALIDAD": "Suba", "DIRECCION": "CLL 132 B Bis # 105 - 00 / CL 132 # 105 B - 00", "SITIO": "Salón Comunal Alcaparros", "NOMBRE": "Salón Comunal Alcaparros", "ABELARDO DE LA ESPRIELLA": 986.0, "CARLOS EDUARDO CAICEDO OMAR": 1.0, "CLAUDIA LÓPEZ": 62.0, "GUSTAVO MATAMOROS CAMACHO": 0.0, "IVÁN CEPEDA CASTRO": 1054.0, "LUIS GILBERTO MURILLO URRUTIA": 0.0, "MIGUEL URIBE LONDOÑO": 0.0, "PALOMA VALENCIA LASERNA": 188.0, "RAÚL SANTIAGO BOTERO JARAMILLO": 8.0, "ROY LEONARDO BARRERAS MONTEALEGRE": 2.0, "SERGIO FAJARDO VALDERRAMA": 117.0, "SONDRA MACOLLINS GARVIN PINTO": 3.0, "ÓSCAR MAURICIO LIZCANO ARANGO": 3.0, "TOTAL_VOTOS": 2424.0, "GANADOR": "IVÁN CEPEDA CASTRO", "VOTOS_GANADOR": 1054.0, "PCT_GANADOR": 43.5 }, "geometry": { "type": "Point", "coordinates": [ -74.10094384, 4.73675735 ] } },
{ "type": "Feature", "properties": { "LOCALIDAD": "Suba", "DIRECCION": "CRA 92 # 128 B - 41", "SITIO": "Salón Comunal Amberes", "NOMBRE": "Salón Comunal Amberes", "ABELARDO DE LA ESPRIELLA": 502.0, "CARLOS EDUARDO CAICEDO OMAR": 1.0, "CLAUDIA LÓPEZ": 26.0, "GUSTAVO MATAMOROS CAMACHO": 1.0, "IVÁN CEPEDA CASTRO": 732.0, "LUIS GILBERTO MURILLO URRUTIA": 0.0, "MIGUEL URIBE LONDOÑO": 0.0, "PALOMA VALENCIA LASERNA": 87.0, "RAÚL SANTIAGO BOTERO JARAMILLO": 15.0, "ROY LEONARDO BARRERAS MONTEALEGRE": 0.0, "SERGIO FAJARDO VALDERRAMA": 63.0, "SONDRA MACOLLINS GARVIN PINTO": 3.0, "ÓSCAR MAURICIO LIZCANO ARANGO": 2.0, "TOTAL_VOTOS": 1432.0, "GANADOR": "IVÁN CEPEDA CASTRO", "VOTOS_GANADOR": 732.0, "PCT_GANADOR": 51.1 }, "geometry": { "type": "Point", "coordinates": [ -74.09103835, 4.72279088 ] } },
{ "type": "Feature", "properties": { "LOCALIDAD": "Suba", "DIRECCION": "CLL 144 # 147 A - 13", "SITIO": "Salón Comunal Bilbao", "NOMBRE": "Salón Comunal Bilbao", "ABELARDO DE LA ESPRIELLA": 372.0, "CARLOS EDUARDO CAICEDO OMAR": 1.0, "CLAUDIA LÓPEZ": 28.0, "GUSTAVO MATAMOROS CAMACHO": 0.0, "IVÁN CEPEDA CASTRO": 550.0, "LUIS GILBERTO MURILLO URRUTIA": 1.0, "MIGUEL URIBE LONDOÑO": 2.0, "PALOMA VALENCIA LASERNA": 59.0, "RAÚL SANTIAGO BOTERO JARAMILLO": 15.0, "ROY LEONARDO BARRERAS MONTEALEGRE": 0.0, "SERGIO FAJARDO VALDERRAMA": 43.0, "SONDRA MACOLLINS GARVIN PINTO": 0.0, "ÓSCAR MAURICIO LIZCANO ARANGO": 1.0, "TOTAL_VOTOS": 1072.0, "GANADOR": "IVÁN CEPEDA CASTRO", "VOTOS_GANADOR": 550.0, "PCT_GANADOR": 51.3 }, "geometry": { "type": "Point", "coordinates": [ -74.11774138, 4.75277352 ] } },
{ "type": "Feature", "properties": { "LOCALIDAD": "Suba", "DIRECCION": "CRA 151 Bis #132 A-05", "SITIO": "Salón Comunal Lisboa", "NOMBRE": "Salón Comunal Lisboa", "ABELARDO DE LA ESPRIELLA": 412.0, "CARLOS EDUARDO CAICEDO OMAR": 1.0, "CLAUDIA LÓPEZ": 23.0, "GUSTAVO MATAMOROS CAMACHO": 0.0, "IVÁN CEPEDA CASTRO": 761.0, "LUIS GILBERTO MURILLO URRUTIA": 0.0, "MIGUEL URIBE LONDOÑO": 1.0, "PALOMA VALENCIA LASERNA": 71.0, "RAÚL SANTIAGO BOTERO JARAMILLO": 23.0, "ROY LEONARDO BARRERAS MONTEALEGRE": 3.0, "SERGIO FAJARDO VALDERRAMA": 59.0, "SONDRA MACOLLINS GARVIN PINTO": 2.0, "ÓSCAR MAURICIO LIZCANO ARANGO": 2.0, "TOTAL_VOTOS": 1358.0, "GANADOR": "IVÁN CEPEDA CASTRO", "VOTOS_GANADOR": 761.0, "PCT_GANADOR": 56.0 }, "geometry": { "type": "Point", "coordinates": [ -74.12137761, 4.74348269 ] } },
{ "type": "Feature", "properties": { "LOCALIDAD": "Suba", "DIRECCION": "CLL 141 A # 99 B - 02", "SITIO": "Salón Comunal El Pórtico", "NOMBRE": "Salón Comunal El Pórtico", "ABELARDO DE LA ESPRIELLA": 1628.0, "CARLOS EDUARDO CAICEDO OMAR": 0.0, "CLAUDIA LÓPEZ": 103.0, "GUSTAVO MATAMOROS CAMACHO": 0.0, "IVÁN CEPEDA CASTRO": 1330.0, "LUIS GILBERTO MURILLO URRUTIA": 3.0, "MIGUEL URIBE LONDOÑO": 2.0, "PALOMA VALENCIA LASERNA": 310.0, "RAÚL SANTIAGO BOTERO JARAMILLO": 9.0, "ROY LEONARDO BARRERAS MONTEALEGRE": 0.0, "SERGIO FAJARDO VALDERRAMA": 280.0, "SONDRA MACOLLINS GARVIN PINTO": 3.0, "ÓSCAR MAURICIO LIZCANO ARANGO": 8.0, "TOTAL_VOTOS": 3676.0, "GANADOR": "ABELARDO DE LA ESPRIELLA", "VOTOS_GANADOR": 1628.0, "PCT_GANADOR": 44.3 }, "geometry": { "type": "Point", "coordinates": [ -74.09183928, 4.74277456 ] } },
{ "type": "Feature", "properties": { "LOCALIDAD": "Suba", "DIRECCION": "CRA 101 # 158 - 43", "SITIO": "Salón Comunal Villa Hermosa\t", "NOMBRE": "Salón Comunal Villa Hermosa\t", "ABELARDO DE LA ESPRIELLA": 346.0, "CARLOS EDUARDO CAICEDO OMAR": 0.0, "CLAUDIA LÓPEZ": 28.0, "GUSTAVO MATAMOROS CAMACHO": 0.0, "IVÁN CEPEDA CASTRO": 497.0, "LUIS GILBERTO MURILLO URRUTIA": 0.0, "MIGUEL URIBE LONDOÑO": 1.0, "PALOMA VALENCIA LASERNA": 73.0, "RAÚL SANTIAGO BOTERO JARAMILLO": 12.0, "ROY LEONARDO BARRERAS MONTEALEGRE": 1.0, "SERGIO FAJARDO VALDERRAMA": 55.0, "SONDRA MACOLLINS GARVIN PINTO": 1.0, "ÓSCAR MAURICIO LIZCANO ARANGO": 0.0, "TOTAL_VOTOS": 1014.0, "GANADOR": "IVÁN CEPEDA CASTRO", "VOTOS_GANADOR": 497.0, "PCT_GANADOR": 49.0 }, "geometry": { "type": "Point", "coordinates": [ -74.0874261, 4.75735646 ] } },
{ "type": "Feature", "properties": { "LOCALIDAD": "Barrios Unidos", "DIRECCION": "CLL 73 # 20A - 52", "SITIO": "UNITEC", "NOMBRE": "Corporación Universitaria UNITEC", "ABELARDO DE LA ESPRIELLA": 68.0, "CARLOS EDUARDO CAICEDO OMAR": 0.0, "CLAUDIA LÓPEZ": 10.0, "GUSTAVO MATAMOROS CAMACHO": 0.0, "IVÁN CEPEDA CASTRO": 102.0, "LUIS GILBERTO MURILLO URRUTIA": 0.0, "MIGUEL URIBE LONDOÑO": 0.0, "PALOMA VALENCIA LASERNA": 12.0, "RAÚL SANTIAGO BOTERO JARAMILLO": 0.0, "ROY LEONARDO BARRERAS MONTEALEGRE": 0.0, "SERGIO FAJARDO VALDERRAMA": 13.0, "SONDRA MACOLLINS GARVIN PINTO": 0.0, "ÓSCAR MAURICIO LIZCANO ARANGO": 0.0, "TOTAL_VOTOS": 205.0, "GANADOR": "IVÁN CEPEDA CASTRO", "VOTOS_GANADOR": 102.0, "PCT_GANADOR": 49.8 }, "geometry": { "type": "Point", "coordinates": [ -74.06288721, 4.66174213 ] } },
{ "type": "Feature", "properties": { "LOCALIDAD": "Barrios Unidos", "DIRECCION": "CRA 57 A # 71 - 28 /CRA 57 A # 71 - 36", "SITIO": "Colegio Alexander Humboldt", "NOMBRE": "Colegio Alexander Humboldt", "ABELARDO DE LA ESPRIELLA": 88.0, "CARLOS EDUARDO CAICEDO OMAR": 0.0, "CLAUDIA LÓPEZ": 5.0, "GUSTAVO MATAMOROS CAMACHO": 1.0, "IVÁN CEPEDA CASTRO": 94.0, "LUIS GILBERTO MURILLO URRUTIA": 0.0, "MIGUEL URIBE LONDOÑO": 1.0, "PALOMA VALENCIA LASERNA": 24.0, "RAÚL SANTIAGO BOTERO JARAMILLO": 2.0, "ROY LEONARDO BARRERAS MONTEALEGRE": 0.0, "SERGIO FAJARDO VALDERRAMA": 17.0, "SONDRA MACOLLINS GARVIN PINTO": 0.0, "ÓSCAR MAURICIO LIZCANO ARANGO": 0.0, "TOTAL_VOTOS": 232.0, "GANADOR": "IVÁN CEPEDA CASTRO", "VOTOS_GANADOR": 94.0, "PCT_GANADOR": 40.5 }, "geometry": { "type": "Point", "coordinates": [ -74.07840806, 4.67097095 ] } },
{ "type": "Feature", "properties": { "LOCALIDAD": "Barrios Unidos", "DIRECCION": "CRA 49 C # 91 - 55", "SITIO": "Colegio Liceo de Formación Albert Schweitzer", "NOMBRE": "Colegio Liceo de Formación Albert Schweitzer", "ABELARDO DE LA ESPRIELLA": 154.0, "CARLOS EDUARDO CAICEDO OMAR": 0.0, "CLAUDIA LÓPEZ": 7.0, "GUSTAVO MATAMOROS CAMACHO": 0.0, "IVÁN CEPEDA CASTRO": 71.0, "LUIS GILBERTO MURILLO URRUTIA": 0.0, "MIGUEL URIBE LONDOÑO": 0.0, "PALOMA VALENCIA LASERNA": 40.0, "RAÚL SANTIAGO BOTERO JARAMILLO": 1.0, "ROY LEONARDO BARRERAS MONTEALEGRE": 0.0, "SERGIO FAJARDO VALDERRAMA": 40.0, "SONDRA MACOLLINS GARVIN PINTO": 1.0, "ÓSCAR MAURICIO LIZCANO ARANGO": 0.0, "TOTAL_VOTOS": 314.0, "GANADOR": "ABELARDO DE LA ESPRIELLA", "VOTOS_GANADOR": 154.0, "PCT_GANADOR": 49.0 }, "geometry": { "type": "Point", "coordinates": [ -74.06373268, 4.68019353 ] } },
{ "type": "Feature", "properties": { "LOCALIDAD": "Barrios Unidos", "DIRECCION": "CRA 16 # 63 A - 68", "SITIO": "Fundación Universitaria Los Libertadores", "NOMBRE": "Fundación Universitaria Los Libertadores", "ABELARDO DE LA ESPRIELLA": 130.0, "CARLOS EDUARDO CAICEDO OMAR": 0.0, "CLAUDIA LÓPEZ": 10.0, "GUSTAVO MATAMOROS CAMACHO": 0.0, "IVÁN CEPEDA CASTRO": 185.0, "LUIS GILBERTO MURILLO URRUTIA": 0.0, "MIGUEL URIBE LONDOÑO": 2.0, "PALOMA VALENCIA LASERNA": 35.0, "RAÚL SANTIAGO BOTERO JARAMILLO": 0.0, "ROY LEONARDO BARRERAS MONTEALEGRE": 0.0, "SERGIO FAJARDO VALDERRAMA": 26.0, "SONDRA MACOLLINS GARVIN PINTO": 0.0, "ÓSCAR MAURICIO LIZCANO ARANGO": 0.0, "TOTAL_VOTOS": 388.0, "GANADOR": "IVÁN CEPEDA CASTRO", "VOTOS_GANADOR": 185.0, "PCT_GANADOR": 47.7 }, "geometry": { "type": "Point", "coordinates": [ -74.06636836, 4.65156143 ] } },
{ "type": "Feature", "properties": { "LOCALIDAD": "Barrios Unidos", "DIRECCION": "CLL 94 # 59 - 17", "SITIO": "Casa Comunal y Cultural Rionegro", "NOMBRE": "Casa Comunal y Cultural Rionegro", "ABELARDO DE LA ESPRIELLA": 416.0, "CARLOS EDUARDO CAICEDO OMAR": 0.0, "CLAUDIA LÓPEZ": 17.0, "GUSTAVO MATAMOROS CAMACHO": 0.0, "IVÁN CEPEDA CASTRO": 292.0, "LUIS GILBERTO MURILLO URRUTIA": 1.0, "MIGUEL URIBE LONDOÑO": 0.0, "PALOMA VALENCIA LASERNA": 72.0, "RAÚL SANTIAGO BOTERO JARAMILLO": 11.0, "ROY LEONARDO BARRERAS MONTEALEGRE": 0.0, "SERGIO FAJARDO VALDERRAMA": 68.0, "SONDRA MACOLLINS GARVIN PINTO": 0.0, "ÓSCAR MAURICIO LIZCANO ARANGO": 2.0, "TOTAL_VOTOS": 879.0, "GANADOR": "ABELARDO DE LA ESPRIELLA", "VOTOS_GANADOR": 416.0, "PCT_GANADOR": 47.3 }, "geometry": { "type": "Point", "coordinates": [ -74.06604031, 4.68283081 ] } },
{ "type": "Feature", "properties": { "LOCALIDAD": "Teusaquillo", "DIRECCION": "CRA 33 A # 30 - 20", "SITIO": "UNIEMPRESARIAL", "NOMBRE": "UNIEMPRESARIAL", "ABELARDO DE LA ESPRIELLA": 182.0, "CARLOS EDUARDO CAICEDO OMAR": 0.0, "CLAUDIA LÓPEZ": 7.0, "GUSTAVO MATAMOROS CAMACHO": 0.0, "IVÁN CEPEDA CASTRO": 227.0, "LUIS GILBERTO MURILLO URRUTIA": 0.0, "MIGUEL URIBE LONDOÑO": 0.0, "PALOMA VALENCIA LASERNA": 63.0, "RAÚL SANTIAGO BOTERO JARAMILLO": 1.0, "ROY LEONARDO BARRERAS MONTEALEGRE": 0.0, "SERGIO FAJARDO VALDERRAMA": 71.0, "SONDRA MACOLLINS GARVIN PINTO": 1.0, "ÓSCAR MAURICIO LIZCANO ARANGO": 0.0, "TOTAL_VOTOS": 552.0, "GANADOR": "IVÁN CEPEDA CASTRO", "VOTOS_GANADOR": 227.0, "PCT_GANADOR": 41.1 }, "geometry": { "type": "Point", "coordinates": [ -74.08094667, 4.63236152 ] } },
{ "type": "Feature", "properties": { "LOCALIDAD": "Teusaquillo", "DIRECCION": "CLL 39 # 17 - 48", "SITIO": "Centro de Integración Social", "NOMBRE": "Centro de Integración Social", "ABELARDO DE LA ESPRIELLA": 48.0, "CARLOS EDUARDO CAICEDO OMAR": 0.0, "CLAUDIA LÓPEZ": 1.0, "GUSTAVO MATAMOROS CAMACHO": 0.0, "IVÁN CEPEDA CASTRO": 162.0, "LUIS GILBERTO MURILLO URRUTIA": 0.0, "MIGUEL URIBE LONDOÑO": 0.0, "PALOMA VALENCIA LASERNA": 46.0, "RAÚL SANTIAGO BOTERO JARAMILLO": 1.0, "ROY LEONARDO BARRERAS MONTEALEGRE": 0.0, "SERGIO FAJARDO VALDERRAMA": 14.0, "SONDRA MACOLLINS GARVIN PINTO": 0.0, "ÓSCAR MAURICIO LIZCANO ARANGO": 0.0, "TOTAL_VOTOS": 272.0, "GANADOR": "IVÁN CEPEDA CASTRO", "VOTOS_GANADOR": 162.0, "PCT_GANADOR": 59.6 }, "geometry": { "type": "Point", "coordinates": [ -74.07169017, 4.62730416 ] } },
{ "type": "Feature", "properties": { "LOCALIDAD": "Teusaquillo", "DIRECCION": "CLL 45 C # 24 - 42", "SITIO": "Jardin Infantil Orixas", "NOMBRE": "Jardin Infantil Orixas", "ABELARDO DE LA ESPRIELLA": 276.0, "CARLOS EDUARDO CAICEDO OMAR": 0.0, "CLAUDIA LÓPEZ": 32.0, "GUSTAVO MATAMOROS CAMACHO": 0.0, "IVÁN CEPEDA CASTRO": 660.0, "LUIS GILBERTO MURILLO URRUTIA": 1.0, "MIGUEL URIBE LONDOÑO": 0.0, "PALOMA VALENCIA LASERNA": 106.0, "RAÚL SANTIAGO BOTERO JARAMILLO": 3.0, "ROY LEONARDO BARRERAS MONTEALEGRE": 0.0, "SERGIO FAJARDO VALDERRAMA": 135.0, "SONDRA MACOLLINS GARVIN PINTO": 0.0, "ÓSCAR MAURICIO LIZCANO ARANGO": 1.0, "TOTAL_VOTOS": 1214.0, "GANADOR": "IVÁN CEPEDA CASTRO", "VOTOS_GANADOR": 660.0, "PCT_GANADOR": 54.4 }, "geometry": { "type": "Point", "coordinates": [ -74.07542977, 4.63596503 ] } },
{ "type": "Feature", "properties": { "LOCALIDAD": "Teusaquillo", "DIRECCION": "DIAG 40 A # 15 - 59", "SITIO": "UNINPAHU", "NOMBRE": "Universidad UNINPAHU", "ABELARDO DE LA ESPRIELLA": 98.0, "CARLOS EDUARDO CAICEDO OMAR": 0.0, "CLAUDIA LÓPEZ": 7.0, "GUSTAVO MATAMOROS CAMACHO": 0.0, "IVÁN CEPEDA CASTRO": 268.0, "LUIS GILBERTO MURILLO URRUTIA": 0.0, "MIGUEL URIBE LONDOÑO": 0.0, "PALOMA VALENCIA LASERNA": 30.0, "RAÚL SANTIAGO BOTERO JARAMILLO": 0.0, "ROY LEONARDO BARRERAS MONTEALEGRE": 0.0, "SERGIO FAJARDO VALDERRAMA": 42.0, "SONDRA MACOLLINS GARVIN PINTO": 1.0, "ÓSCAR MAURICIO LIZCANO ARANGO": 0.0, "TOTAL_VOTOS": 446.0, "GANADOR": "IVÁN CEPEDA CASTRO", "VOTOS_GANADOR": 268.0, "PCT_GANADOR": 60.1 }, "geometry": { "type": "Point", "coordinates": [ -74.06999031, 4.62898237 ] } },
{ "type": "Feature", "properties": { "LOCALIDAD": "Teusaquillo", "DIRECCION": "CRA 21 # 35 - 53", "SITIO": "Universidad de Antioquia", "NOMBRE": "Universidad de Antioquia", "ABELARDO DE LA ESPRIELLA": 44.0, "CARLOS EDUARDO CAICEDO OMAR": 0.0, "CLAUDIA LÓPEZ": 6.0, "GUSTAVO MATAMOROS CAMACHO": 0.0, "IVÁN CEPEDA CASTRO": 210.0, "LUIS GILBERTO MURILLO URRUTIA": 1.0, "MIGUEL URIBE LONDOÑO": 0.0, "PALOMA VALENCIA LASERNA": 30.0, "RAÚL SANTIAGO BOTERO JARAMILLO": 1.0, "ROY LEONARDO BARRERAS MONTEALEGRE": 2.0, "SERGIO FAJARDO VALDERRAMA": 43.0, "SONDRA MACOLLINS GARVIN PINTO": 0.0, "ÓSCAR MAURICIO LIZCANO ARANGO": 1.0, "TOTAL_VOTOS": 338.0, "GANADOR": "IVÁN CEPEDA CASTRO", "VOTOS_GANADOR": 210.0, "PCT_GANADOR": 62.1 }, "geometry": { "type": "Point", "coordinates": [ -74.07488557, 4.62537071 ] } },
{ "type": "Feature", "properties": { "LOCALIDAD": "Teusaquillo", "DIRECCION": "CLL 45 # 54 - 91", "SITIO": "Salón Comunal La Esmeralda", "NOMBRE": "Salón Comunal La Esmeralda", "ABELARDO DE LA ESPRIELLA": 345.0, "CARLOS EDUARDO CAICEDO OMAR": 0.0, "CLAUDIA LÓPEZ": 13.0, "GUSTAVO MATAMOROS CAMACHO": 0.0, "IVÁN CEPEDA CASTRO": 277.0, "LUIS GILBERTO MURILLO URRUTIA": 0.0, "MIGUEL URIBE LONDOÑO": 1.0, "PALOMA VALENCIA LASERNA": 88.0, "RAÚL SANTIAGO BOTERO JARAMILLO": 4.0, "ROY LEONARDO BARRERAS MONTEALEGRE": 0.0, "SERGIO FAJARDO VALDERRAMA": 87.0, "SONDRA MACOLLINS GARVIN PINTO": 0.0, "ÓSCAR MAURICIO LIZCANO ARANGO": 0.0, "TOTAL_VOTOS": 815.0, "GANADOR": "ABELARDO DE LA ESPRIELLA", "VOTOS_GANADOR": 345.0, "PCT_GANADOR": 42.3 }, "geometry": { "type": "Point", "coordinates": [ -74.09104758, 4.64799651 ] } },
{ "type": "Feature", "properties": { "LOCALIDAD": "Mártires", "DIRECCION": "CRA 26 # 22A - 16", "SITIO": "Salón Comunal Samper Mendoza", "NOMBRE": "Salón Comunal Samper Mendoza", "ABELARDO DE LA ESPRIELLA": 275.0, "CARLOS EDUARDO CAICEDO OMAR": 1.0, "CLAUDIA LÓPEZ": 10.0, "GUSTAVO MATAMOROS CAMACHO": 0.0, "IVÁN CEPEDA CASTRO": 364.0, "LUIS GILBERTO MURILLO URRUTIA": 0.0, "MIGUEL URIBE LONDOÑO": 0.0, "PALOMA VALENCIA LASERNA": 70.0, "RAÚL SANTIAGO BOTERO JARAMILLO": 5.0, "ROY LEONARDO BARRERAS MONTEALEGRE": 0.0, "SERGIO FAJARDO VALDERRAMA": 71.0, "SONDRA MACOLLINS GARVIN PINTO": 0.0, "ÓSCAR MAURICIO LIZCANO ARANGO": 0.0, "TOTAL_VOTOS": 796.0, "GANADOR": "IVÁN CEPEDA CASTRO", "VOTOS_GANADOR": 364.0, "PCT_GANADOR": 45.7 }, "geometry": { "type": "Point", "coordinates": [ -74.08317054, 4.61883487 ] } },
{ "type": "Feature", "properties": { "LOCALIDAD": "Mártires", "DIRECCION": "CLL 23 Bis # 29A - 40", "SITIO": "Salón Comunal Usatama", "NOMBRE": "Salón Comunal Usatama", "ABELARDO DE LA ESPRIELLA": 318.0, "CARLOS EDUARDO CAICEDO OMAR": 0.0, "CLAUDIA LÓPEZ": 12.0, "GUSTAVO MATAMOROS CAMACHO": 0.0, "IVÁN CEPEDA CASTRO": 316.0, "LUIS GILBERTO MURILLO URRUTIA": 0.0, "MIGUEL URIBE LONDOÑO": 0.0, "PALOMA VALENCIA LASERNA": 101.0, "RAÚL SANTIAGO BOTERO JARAMILLO": 1.0, "ROY LEONARDO BARRERAS MONTEALEGRE": 1.0, "SERGIO FAJARDO VALDERRAMA": 66.0, "SONDRA MACOLLINS GARVIN PINTO": 1.0, "ÓSCAR MAURICIO LIZCANO ARANGO": 1.0, "TOTAL_VOTOS": 817.0, "GANADOR": "ABELARDO DE LA ESPRIELLA", "VOTOS_GANADOR": 318.0, "PCT_GANADOR": 38.9 }, "geometry": { "type": "Point", "coordinates": [ -74.08347249, 4.62300155 ] } },
{ "type": "Feature", "properties": { "LOCALIDAD": "Mártires", "DIRECCION": "TRV  17 # 25 - 25 / TRV  17 # 25 - 45", "SITIO": "Fundación Universitaria San Mateo", "NOMBRE": "Fundación Universitaria San Mateo", "ABELARDO DE LA ESPRIELLA": 47.0, "CARLOS EDUARDO CAICEDO OMAR": 0.0, "CLAUDIA LÓPEZ": 2.0, "GUSTAVO MATAMOROS CAMACHO": 0.0, "IVÁN CEPEDA CASTRO": 126.0, "LUIS GILBERTO MURILLO URRUTIA": 0.0, "MIGUEL URIBE LONDOÑO": 0.0, "PALOMA VALENCIA LASERNA": 12.0, "RAÚL SANTIAGO BOTERO JARAMILLO": 0.0, "ROY LEONARDO BARRERAS MONTEALEGRE": 0.0, "SERGIO FAJARDO VALDERRAMA": 9.0, "SONDRA MACOLLINS GARVIN PINTO": 0.0, "ÓSCAR MAURICIO LIZCANO ARANGO": 0.0, "TOTAL_VOTOS": 196.0, "GANADOR": "IVÁN CEPEDA CASTRO", "VOTOS_GANADOR": 126.0, "PCT_GANADOR": 64.3 }, "geometry": { "type": "Point", "coordinates": [ -74.07399861, 4.61474986 ] } },
{ "type": "Feature", "properties": { "LOCALIDAD": "Mártires", "DIRECCION": "CRA 21 # 9- 31", "SITIO": "San Vicente Plaza", "NOMBRE": "San Vicente Plaza", "ABELARDO DE LA ESPRIELLA": 405.0, "CARLOS EDUARDO CAICEDO OMAR": 0.0, "CLAUDIA LÓPEZ": 10.0, "GUSTAVO MATAMOROS CAMACHO": 0.0, "IVÁN CEPEDA CASTRO": 156.0, "LUIS GILBERTO MURILLO URRUTIA": 0.0, "MIGUEL URIBE LONDOÑO": 1.0, "PALOMA VALENCIA LASERNA": 34.0, "RAÚL SANTIAGO BOTERO JARAMILLO": 8.0, "ROY LEONARDO BARRERAS MONTEALEGRE": 0.0, "SERGIO FAJARDO VALDERRAMA": 23.0, "SONDRA MACOLLINS GARVIN PINTO": 0.0, "ÓSCAR MAURICIO LIZCANO ARANGO": 0.0, "TOTAL_VOTOS": 637.0, "GANADOR": "ABELARDO DE LA ESPRIELLA", "VOTOS_GANADOR": 405.0, "PCT_GANADOR": 63.6 }, "geometry": { "type": "Point", "coordinates": [ -74.08936339, 4.60509606 ] } },
{ "type": "Feature", "properties": { "LOCALIDAD": "Mártires", "DIRECCION": "CRA 29 # 12 - 83", "SITIO": "Col San Jose Mártires", "NOMBRE": "Colegio San Jose  ", "ABELARDO DE LA ESPRIELLA": 97.0, "CARLOS EDUARDO CAICEDO OMAR": 0.0, "CLAUDIA LÓPEZ": 5.0, "GUSTAVO MATAMOROS CAMACHO": 0.0, "IVÁN CEPEDA CASTRO": 94.0, "LUIS GILBERTO MURILLO URRUTIA": 0.0, "MIGUEL URIBE LONDOÑO": 1.0, "PALOMA VALENCIA LASERNA": 21.0, "RAÚL SANTIAGO BOTERO JARAMILLO": 0.0, "ROY LEONARDO BARRERAS MONTEALEGRE": 0.0, "SERGIO FAJARDO VALDERRAMA": 21.0, "SONDRA MACOLLINS GARVIN PINTO": 0.0, "ÓSCAR MAURICIO LIZCANO ARANGO": 0.0, "TOTAL_VOTOS": 239.0, "GANADOR": "ABELARDO DE LA ESPRIELLA", "VOTOS_GANADOR": 97.0, "PCT_GANADOR": 40.6 }, "geometry": { "type": "Point", "coordinates": [ -74.09219756, 4.61235959 ] } },
{ "type": "Feature", "properties": { "LOCALIDAD": "Mártires", "DIRECCION": "CLL 23 # 14 - 19", "SITIO": "El Castillo de Las Artes", "NOMBRE": "El Castillo de Las Artes", "ABELARDO DE LA ESPRIELLA": 59.0, "CARLOS EDUARDO CAICEDO OMAR": 0.0, "CLAUDIA LÓPEZ": 2.0, "GUSTAVO MATAMOROS CAMACHO": 1.0, "IVÁN CEPEDA CASTRO": 123.0, "LUIS GILBERTO MURILLO URRUTIA": 0.0, "MIGUEL URIBE LONDOÑO": 0.0, "PALOMA VALENCIA LASERNA": 10.0, "RAÚL SANTIAGO BOTERO JARAMILLO": 1.0, "ROY LEONARDO BARRERAS MONTEALEGRE": 0.0, "SERGIO FAJARDO VALDERRAMA": 7.0, "SONDRA MACOLLINS GARVIN PINTO": 0.0, "ÓSCAR MAURICIO LIZCANO ARANGO": 0.0, "TOTAL_VOTOS": 203.0, "GANADOR": "IVÁN CEPEDA CASTRO", "VOTOS_GANADOR": 123.0, "PCT_GANADOR": 60.6 }, "geometry": { "type": "Point", "coordinates": [ -74.07505896, 4.61178263 ] } },
{ "type": "Feature", "properties": { "LOCALIDAD": "Antonio Nariño", "DIRECCION": "CRA 24 B # 4 04 Sur", "SITIO": "Colegio Atanasio Girardot Sede B", "NOMBRE": "Colegio Atanasio Girardot Sede B", "ABELARDO DE LA ESPRIELLA": 126.0, "CARLOS EDUARDO CAICEDO OMAR": 0.0, "CLAUDIA LÓPEZ": 8.0, "GUSTAVO MATAMOROS CAMACHO": 0.0, "IVÁN CEPEDA CASTRO": 151.0, "LUIS GILBERTO MURILLO URRUTIA": 0.0, "MIGUEL URIBE LONDOÑO": 0.0, "PALOMA VALENCIA LASERNA": 24.0, "RAÚL SANTIAGO BOTERO JARAMILLO": 3.0, "ROY LEONARDO BARRERAS MONTEALEGRE": 0.0, "SERGIO FAJARDO VALDERRAMA": 19.0, "SONDRA MACOLLINS GARVIN PINTO": 0.0, "ÓSCAR MAURICIO LIZCANO ARANGO": 0.0, "TOTAL_VOTOS": 331.0, "GANADOR": "IVÁN CEPEDA CASTRO", "VOTOS_GANADOR": 151.0, "PCT_GANADOR": 45.6 }, "geometry": { "type": "Point", "coordinates": [ -74.09777202, 4.59329145 ] } },
{ "type": "Feature", "properties": { "LOCALIDAD": "Puente Aranda", "DIRECCION": "CRA 30 # 15 - 53", "SITIO": "SENA Cra 30 Hotel", "NOMBRE": "SENA Centro Nacional de Hotelería", "ABELARDO DE LA ESPRIELLA": 52.0, "CARLOS EDUARDO CAICEDO OMAR": 1.0, "CLAUDIA LÓPEZ": 2.0, "GUSTAVO MATAMOROS CAMACHO": 0.0, "IVÁN CEPEDA CASTRO": 98.0, "LUIS GILBERTO MURILLO URRUTIA": 0.0, "MIGUEL URIBE LONDOÑO": 0.0, "PALOMA VALENCIA LASERNA": 17.0, "RAÚL SANTIAGO BOTERO JARAMILLO": 0.0, "ROY LEONARDO BARRERAS MONTEALEGRE": 0.0, "SERGIO FAJARDO VALDERRAMA": 14.0, "SONDRA MACOLLINS GARVIN PINTO": 0.0, "ÓSCAR MAURICIO LIZCANO ARANGO": 2.0, "TOTAL_VOTOS": 186.0, "GANADOR": "IVÁN CEPEDA CASTRO", "VOTOS_GANADOR": 98.0, "PCT_GANADOR": 52.7 }, "geometry": { "type": "Point", "coordinates": [ -74.09076132, 4.61593842 ] } },
{ "type": "Feature", "properties": { "LOCALIDAD": "Puente Aranda", "DIRECCION": "CRA 52 # 37 - 05 Sur/ CRA 52 # 37 - 95 Sur", "SITIO": "Julio Garavito Sede C", "NOMBRE": "Colegio Distrital Julio Garavito Sede C", "ABELARDO DE LA ESPRIELLA": 235.0, "CARLOS EDUARDO CAICEDO OMAR": 0.0, "CLAUDIA LÓPEZ": 11.0, "GUSTAVO MATAMOROS CAMACHO": 0.0, "IVÁN CEPEDA CASTRO": 277.0, "LUIS GILBERTO MURILLO URRUTIA": 0.0, "MIGUEL URIBE LONDOÑO": 0.0, "PALOMA VALENCIA LASERNA": 49.0, "RAÚL SANTIAGO BOTERO JARAMILLO": 3.0, "ROY LEONARDO BARRERAS MONTEALEGRE": 0.0, "SERGIO FAJARDO VALDERRAMA": 40.0, "SONDRA MACOLLINS GARVIN PINTO": 0.0, "ÓSCAR MAURICIO LIZCANO ARANGO": 0.0, "TOTAL_VOTOS": 615.0, "GANADOR": "IVÁN CEPEDA CASTRO", "VOTOS_GANADOR": 277.0, "PCT_GANADOR": 45.0 }, "geometry": { "type": "Point", "coordinates": [ -74.12954271, 4.60193713 ] } },
{ "type": "Feature", "properties": { "LOCALIDAD": "Puente Aranda", "DIRECCION": "CLL 29 Sur # 41A - 42", "SITIO": "Benjamín Herrera Sede C", "NOMBRE": "Colegio Benjamín Herrera Sede C", "ABELARDO DE LA ESPRIELLA": 184.0, "CARLOS EDUARDO CAICEDO OMAR": 0.0, "CLAUDIA LÓPEZ": 15.0, "GUSTAVO MATAMOROS CAMACHO": 0.0, "IVÁN CEPEDA CASTRO": 270.0, "LUIS GILBERTO MURILLO URRUTIA": 0.0, "MIGUEL URIBE LONDOÑO": 1.0, "PALOMA VALENCIA LASERNA": 28.0, "RAÚL SANTIAGO BOTERO JARAMILLO": 3.0, "ROY LEONARDO BARRERAS MONTEALEGRE": 0.0, "SERGIO FAJARDO VALDERRAMA": 51.0, "SONDRA MACOLLINS GARVIN PINTO": 0.0, "ÓSCAR MAURICIO LIZCANO ARANGO": 0.0, "TOTAL_VOTOS": 552.0, "GANADOR": "IVÁN CEPEDA CASTRO", "VOTOS_GANADOR": 270.0, "PCT_GANADOR": 48.9 }, "geometry": { "type": "Point", "coordinates": [ -74.12139031, 4.60140879 ] } },
{ "type": "Feature", "properties": { "LOCALIDAD": "Puente Aranda", "DIRECCION": "CLL 1G # 41A - 39", "SITIO": "Coliseo El jazmín", "NOMBRE": "Coliseo El jazmín", "ABELARDO DE LA ESPRIELLA": 491.0, "CARLOS EDUARDO CAICEDO OMAR": 0.0, "CLAUDIA LÓPEZ": 27.0, "GUSTAVO MATAMOROS CAMACHO": 0.0, "IVÁN CEPEDA CASTRO": 382.0, "LUIS GILBERTO MURILLO URRUTIA": 0.0, "MIGUEL URIBE LONDOÑO": 0.0, "PALOMA VALENCIA LASERNA": 87.0, "RAÚL SANTIAGO BOTERO JARAMILLO": 9.0, "ROY LEONARDO BARRERAS MONTEALEGRE": 0.0, "SERGIO FAJARDO VALDERRAMA": 102.0, "SONDRA MACOLLINS GARVIN PINTO": 0.0, "ÓSCAR MAURICIO LIZCANO ARANGO": 5.0, "TOTAL_VOTOS": 1103.0, "GANADOR": "ABELARDO DE LA ESPRIELLA", "VOTOS_GANADOR": 491.0, "PCT_GANADOR": 44.5 }, "geometry": { "type": "Point", "coordinates": [ -74.11639178, 4.61016518 ] } },
{ "type": "Feature", "properties": { "LOCALIDAD": "Puente Aranda", "DIRECCION": "AV CRA 50 # 1 D - 28", "SITIO": "Salón Comunal El Jazmín", "NOMBRE": "Salón Comunal El Jazmín", "ABELARDO DE LA ESPRIELLA": 150.0, "CARLOS EDUARDO CAICEDO OMAR": 0.0, "CLAUDIA LÓPEZ": 5.0, "GUSTAVO MATAMOROS CAMACHO": 1.0, "IVÁN CEPEDA CASTRO": 136.0, "LUIS GILBERTO MURILLO URRUTIA": 1.0, "MIGUEL URIBE LONDOÑO": 0.0, "PALOMA VALENCIA LASERNA": 22.0, "RAÚL SANTIAGO BOTERO JARAMILLO": 3.0, "ROY LEONARDO BARRERAS MONTEALEGRE": 0.0, "SERGIO FAJARDO VALDERRAMA": 30.0, "SONDRA MACOLLINS GARVIN PINTO": 0.0, "ÓSCAR MAURICIO LIZCANO ARANGO": 0.0, "TOTAL_VOTOS": 348.0, "GANADOR": "ABELARDO DE LA ESPRIELLA", "VOTOS_GANADOR": 150.0, "PCT_GANADOR": 43.1 }, "geometry": { "type": "Point", "coordinates": [ -74.11672786, 4.61024273 ] } },
{ "type": "Feature", "properties": { "LOCALIDAD": "Puente Aranda", "DIRECCION": "CRA 41 # 10 - 06", "SITIO": "Salón Comunal Ciudad Montes III", "NOMBRE": "Salón Comunal Ciudad Montes III", "ABELARDO DE LA ESPRIELLA": 186.0, "CARLOS EDUARDO CAICEDO OMAR": 0.0, "CLAUDIA LÓPEZ": 8.0, "GUSTAVO MATAMOROS CAMACHO": 0.0, "IVÁN CEPEDA CASTRO": 167.0, "LUIS GILBERTO MURILLO URRUTIA": 1.0, "MIGUEL URIBE LONDOÑO": 1.0, "PALOMA VALENCIA LASERNA": 28.0, "RAÚL SANTIAGO BOTERO JARAMILLO": 1.0, "ROY LEONARDO BARRERAS MONTEALEGRE": 0.0, "SERGIO FAJARDO VALDERRAMA": 38.0, "SONDRA MACOLLINS GARVIN PINTO": 0.0, "ÓSCAR MAURICIO LIZCANO ARANGO": 0.0, "TOTAL_VOTOS": 430.0, "GANADOR": "ABELARDO DE LA ESPRIELLA", "VOTOS_GANADOR": 186.0, "PCT_GANADOR": 43.3 }, "geometry": { "type": "Point", "coordinates": [ -74.10316892, 4.61763274 ] } },
{ "type": "Feature", "properties": { "LOCALIDAD": "Puente Aranda", "DIRECCION": "AV CLL13 # 37 - 35 ENTRADA CRA 37", "SITIO": "Movilidad Cll 13", "NOMBRE": "Movilidad Cll 13", "ABELARDO DE LA ESPRIELLA": 103.0, "CARLOS EDUARDO CAICEDO OMAR": 0.0, "CLAUDIA LÓPEZ": 10.0, "GUSTAVO MATAMOROS CAMACHO": 0.0, "IVÁN CEPEDA CASTRO": 171.0, "LUIS GILBERTO MURILLO URRUTIA": 0.0, "MIGUEL URIBE LONDOÑO": 1.0, "PALOMA VALENCIA LASERNA": 37.0, "RAÚL SANTIAGO BOTERO JARAMILLO": 1.0, "ROY LEONARDO BARRERAS MONTEALEGRE": 0.0, "SERGIO FAJARDO VALDERRAMA": 40.0, "SONDRA MACOLLINS GARVIN PINTO": 0.0, "ÓSCAR MAURICIO LIZCANO ARANGO": 1.0, "TOTAL_VOTOS": 364.0, "GANADOR": "IVÁN CEPEDA CASTRO", "VOTOS_GANADOR": 171.0, "PCT_GANADOR": 47.0 }, "geometry": { "type": "Point", "coordinates": [ -74.09793514, 4.61928338 ] } },
{ "type": "Feature", "properties": { "LOCALIDAD": "Puente Aranda", "DIRECCION": "AV CLL 13 # 31 - 75", "SITIO": "Universidad Distrital CLL 13", "NOMBRE": "Universidad Distrital CLL 13", "ABELARDO DE LA ESPRIELLA": 14.0, "CARLOS EDUARDO CAICEDO OMAR": 0.0, "CLAUDIA LÓPEZ": 1.0, "GUSTAVO MATAMOROS CAMACHO": 0.0, "IVÁN CEPEDA CASTRO": 15.0, "LUIS GILBERTO MURILLO URRUTIA": 0.0, "MIGUEL URIBE LONDOÑO": 0.0, "PALOMA VALENCIA LASERNA": 1.0, "RAÚL SANTIAGO BOTERO JARAMILLO": 2.0, "ROY LEONARDO BARRERAS MONTEALEGRE": 0.0, "SERGIO FAJARDO VALDERRAMA": 1.0, "SONDRA MACOLLINS GARVIN PINTO": 0.0, "ÓSCAR MAURICIO LIZCANO ARANGO": 0.0, "TOTAL_VOTOS": 34.0, "GANADOR": "IVÁN CEPEDA CASTRO", "VOTOS_GANADOR": 15.0, "PCT_GANADOR": 44.1 }, "geometry": { "type": "Point", "coordinates": [ -74.09323047, 4.61517961 ] } },
{ "type": "Feature", "properties": { "LOCALIDAD": "Puente Aranda", "DIRECCION": "CLL 9 # 65 - 90", "SITIO": "Salón Comunal Salazar Gomez", "NOMBRE": "Salón Comunal Salazar Gomez", "ABELARDO DE LA ESPRIELLA": 117.0, "CARLOS EDUARDO CAICEDO OMAR": 0.0, "CLAUDIA LÓPEZ": 2.0, "GUSTAVO MATAMOROS CAMACHO": 0.0, "IVÁN CEPEDA CASTRO": 118.0, "LUIS GILBERTO MURILLO URRUTIA": 0.0, "MIGUEL URIBE LONDOÑO": 0.0, "PALOMA VALENCIA LASERNA": 24.0, "RAÚL SANTIAGO BOTERO JARAMILLO": 2.0, "ROY LEONARDO BARRERAS MONTEALEGRE": 0.0, "SERGIO FAJARDO VALDERRAMA": 23.0, "SONDRA MACOLLINS GARVIN PINTO": 0.0, "ÓSCAR MAURICIO LIZCANO ARANGO": 0.0, "TOTAL_VOTOS": 286.0, "GANADOR": "IVÁN CEPEDA CASTRO", "VOTOS_GANADOR": 118.0, "PCT_GANADOR": 41.3 }, "geometry": { "type": "Point", "coordinates": [ -74.11933214, 4.62807389 ] } },
{ "type": "Feature", "properties": { "LOCALIDAD": "Puente Aranda", "DIRECCION": "CRA 56 # 14 - 48 Sur", "SITIO": "Salón Comunal Milenta", "NOMBRE": "Salón Comunal Milenta", "ABELARDO DE LA ESPRIELLA": 695.0, "CARLOS EDUARDO CAICEDO OMAR": 1.0, "CLAUDIA LÓPEZ": 45.0, "GUSTAVO MATAMOROS CAMACHO": 0.0, "IVÁN CEPEDA CASTRO": 442.0, "LUIS GILBERTO MURILLO URRUTIA": 0.0, "MIGUEL URIBE LONDOÑO": 0.0, "PALOMA VALENCIA LASERNA": 114.0, "RAÚL SANTIAGO BOTERO JARAMILLO": 7.0, "ROY LEONARDO BARRERAS MONTEALEGRE": 2.0, "SERGIO FAJARDO VALDERRAMA": 103.0, "SONDRA MACOLLINS GARVIN PINTO": 1.0, "ÓSCAR MAURICIO LIZCANO ARANGO": 6.0, "TOTAL_VOTOS": 1416.0, "GANADOR": "ABELARDO DE LA ESPRIELLA", "VOTOS_GANADOR": 695.0, "PCT_GANADOR": 49.1 }, "geometry": { "type": "Point", "coordinates": [ -74.12518062, 4.61479443 ] } },
{ "type": "Feature", "properties": { "LOCALIDAD": "Puente Aranda", "DIRECCION": "CLL 19c # 34 - 48", "SITIO": "Salón Comunal Cundinamarca", "NOMBRE": "Salón Comunal Cundinamarca", "ABELARDO DE LA ESPRIELLA": 125.0, "CARLOS EDUARDO CAICEDO OMAR": 0.0, "CLAUDIA LÓPEZ": 7.0, "GUSTAVO MATAMOROS CAMACHO": 0.0, "IVÁN CEPEDA CASTRO": 181.0, "LUIS GILBERTO MURILLO URRUTIA": 0.0, "MIGUEL URIBE LONDOÑO": 0.0, "PALOMA VALENCIA LASERNA": 33.0, "RAÚL SANTIAGO BOTERO JARAMILLO": 1.0, "ROY LEONARDO BARRERAS MONTEALEGRE": 0.0, "SERGIO FAJARDO VALDERRAMA": 30.0, "SONDRA MACOLLINS GARVIN PINTO": 0.0, "ÓSCAR MAURICIO LIZCANO ARANGO": 0.0, "TOTAL_VOTOS": 377.0, "GANADOR": "IVÁN CEPEDA CASTRO", "VOTOS_GANADOR": 181.0, "PCT_GANADOR": 48.0 }, "geometry": { "type": "Point", "coordinates": [ -74.09046101, 4.62342603 ] } },
{ "type": "Feature", "properties": { "LOCALIDAD": "Puente Aranda", "DIRECCION": "CLL 1 H # 32 - 04", "SITIO": "Casa de La Cultura La Asunción", "NOMBRE": "Casa de La Cultura La Asunción", "ABELARDO DE LA ESPRIELLA": 349.0, "CARLOS EDUARDO CAICEDO OMAR": 0.0, "CLAUDIA LÓPEZ": 23.0, "GUSTAVO MATAMOROS CAMACHO": 0.0, "IVÁN CEPEDA CASTRO": 318.0, "LUIS GILBERTO MURILLO URRUTIA": 0.0, "MIGUEL URIBE LONDOÑO": 0.0, "PALOMA VALENCIA LASERNA": 69.0, "RAÚL SANTIAGO BOTERO JARAMILLO": 2.0, "ROY LEONARDO BARRERAS MONTEALEGRE": 0.0, "SERGIO FAJARDO VALDERRAMA": 56.0, "SONDRA MACOLLINS GARVIN PINTO": 1.0, "ÓSCAR MAURICIO LIZCANO ARANGO": 3.0, "TOTAL_VOTOS": 821.0, "GANADOR": "ABELARDO DE LA ESPRIELLA", "VOTOS_GANADOR": 349.0, "PCT_GANADOR": 42.5 }, "geometry": { "type": "Point", "coordinates": [ -74.10566023, 4.60348443 ] } },
{ "type": "Feature", "properties": { "LOCALIDAD": "Puente Aranda", "DIRECCION": "CLL 37A Sur # 39B - 35", "SITIO": "Salón Comunal Santa Rita", "NOMBRE": "Salón Comunal Santa Rita", "ABELARDO DE LA ESPRIELLA": 447.0, "CARLOS EDUARDO CAICEDO OMAR": 0.0, "CLAUDIA LÓPEZ": 12.0, "GUSTAVO MATAMOROS CAMACHO": 0.0, "IVÁN CEPEDA CASTRO": 409.0, "LUIS GILBERTO MURILLO URRUTIA": 0.0, "MIGUEL URIBE LONDOÑO": 0.0, "PALOMA VALENCIA LASERNA": 84.0, "RAÚL SANTIAGO BOTERO JARAMILLO": 3.0, "ROY LEONARDO BARRERAS MONTEALEGRE": 0.0, "SERGIO FAJARDO VALDERRAMA": 64.0, "SONDRA MACOLLINS GARVIN PINTO": 0.0, "ÓSCAR MAURICIO LIZCANO ARANGO": 4.0, "TOTAL_VOTOS": 1023.0, "GANADOR": "ABELARDO DE LA ESPRIELLA", "VOTOS_GANADOR": 447.0, "PCT_GANADOR": 43.7 }, "geometry": { "type": "Point", "coordinates": [ -74.12380374, 4.59570166 ] } },
{ "type": "Feature", "properties": { "LOCALIDAD": "Candelaria", "DIRECCION": "AV Jimenez CRA 10 ESQ CC NEOS / CLL 12 B # 9 - 40", "SITIO": "Neos Centro", "NOMBRE": "Centro Comercial NEOS", "ABELARDO DE LA ESPRIELLA": 139.0, "CARLOS EDUARDO CAICEDO OMAR": 0.0, "CLAUDIA LÓPEZ": 2.0, "GUSTAVO MATAMOROS CAMACHO": 0.0, "IVÁN CEPEDA CASTRO": 173.0, "LUIS GILBERTO MURILLO URRUTIA": 0.0, "MIGUEL URIBE LONDOÑO": 0.0, "PALOMA VALENCIA LASERNA": 13.0, "RAÚL SANTIAGO BOTERO JARAMILLO": 6.0, "ROY LEONARDO BARRERAS MONTEALEGRE": 0.0, "SERGIO FAJARDO VALDERRAMA": 15.0, "SONDRA MACOLLINS GARVIN PINTO": 2.0, "ÓSCAR MAURICIO LIZCANO ARANGO": 0.0, "TOTAL_VOTOS": 350.0, "GANADOR": "IVÁN CEPEDA CASTRO", "VOTOS_GANADOR": 173.0, "PCT_GANADOR": 49.4 }, "geometry": { "type": "Point", "coordinates": [ -74.07637026, 4.60144727 ] } },
{ "type": "Feature", "properties": { "LOCALIDAD": "Rafael Uribe Uribe", "DIRECCION": "CLL 44 Sur # 28-61 / CLL 44 Sur # 27-75", "SITIO": "Colegio Parroquial Inmaculado Corazón de Maria", "NOMBRE": "Colegio Parroquial Inmaculado Corazón de Maria", "ABELARDO DE LA ESPRIELLA": 188.0, "CARLOS EDUARDO CAICEDO OMAR": 1.0, "CLAUDIA LÓPEZ": 13.0, "GUSTAVO MATAMOROS CAMACHO": 0.0, "IVÁN CEPEDA CASTRO": 213.0, "LUIS GILBERTO MURILLO URRUTIA": 0.0, "MIGUEL URIBE LONDOÑO": 0.0, "PALOMA VALENCIA LASERNA": 32.0, "RAÚL SANTIAGO BOTERO JARAMILLO": 2.0, "ROY LEONARDO BARRERAS MONTEALEGRE": 0.0, "SERGIO FAJARDO VALDERRAMA": 26.0, "SONDRA MACOLLINS GARVIN PINTO": 1.0, "ÓSCAR MAURICIO LIZCANO ARANGO": 0.0, "TOTAL_VOTOS": 476.0, "GANADOR": "IVÁN CEPEDA CASTRO", "VOTOS_GANADOR": 213.0, "PCT_GANADOR": 44.7 }, "geometry": { "type": "Point", "coordinates": [ -74.12772884, 4.58449033 ] } },
{ "type": "Feature", "properties": { "LOCALIDAD": "Rafael Uribe Uribe", "DIRECCION": "CRA 20 # 42A-56 Sur", "SITIO": "Instituto San Antonio de Padua", "NOMBRE": "Instituto San Antonio de Padua", "ABELARDO DE LA ESPRIELLA": 74.0, "CARLOS EDUARDO CAICEDO OMAR": 0.0, "CLAUDIA LÓPEZ": 4.0, "GUSTAVO MATAMOROS CAMACHO": 0.0, "IVÁN CEPEDA CASTRO": 84.0, "LUIS GILBERTO MURILLO URRUTIA": 0.0, "MIGUEL URIBE LONDOÑO": 0.0, "PALOMA VALENCIA LASERNA": 18.0, "RAÚL SANTIAGO BOTERO JARAMILLO": 0.0, "ROY LEONARDO BARRERAS MONTEALEGRE": 0.0, "SERGIO FAJARDO VALDERRAMA": 6.0, "SONDRA MACOLLINS GARVIN PINTO": 0.0, "ÓSCAR MAURICIO LIZCANO ARANGO": 0.0, "TOTAL_VOTOS": 186.0, "GANADOR": "IVÁN CEPEDA CASTRO", "VOTOS_GANADOR": 84.0, "PCT_GANADOR": 45.2 }, "geometry": { "type": "Point", "coordinates": [ -74.12304364, 4.57578764 ] } },
{ "type": "Feature", "properties": { "LOCALIDAD": "Rafael Uribe Uribe", "DIRECCION": "DIAG 54 B Sur # 3F-18", "SITIO": "Centro Comunitario Champagnat", "NOMBRE": "Centro Comunitario Champagnat", "ABELARDO DE LA ESPRIELLA": 20.0, "CARLOS EDUARDO CAICEDO OMAR": 0.0, "CLAUDIA LÓPEZ": 1.0, "GUSTAVO MATAMOROS CAMACHO": 0.0, "IVÁN CEPEDA CASTRO": 49.0, "LUIS GILBERTO MURILLO URRUTIA": 0.0, "MIGUEL URIBE LONDOÑO": 0.0, "PALOMA VALENCIA LASERNA": 6.0, "RAÚL SANTIAGO BOTERO JARAMILLO": 1.0, "ROY LEONARDO BARRERAS MONTEALEGRE": 0.0, "SERGIO FAJARDO VALDERRAMA": 5.0, "SONDRA MACOLLINS GARVIN PINTO": 0.0, "ÓSCAR MAURICIO LIZCANO ARANGO": 0.0, "TOTAL_VOTOS": 82.0, "GANADOR": "IVÁN CEPEDA CASTRO", "VOTOS_GANADOR": 49.0, "PCT_GANADOR": 59.8 }, "geometry": { "type": "Point", "coordinates": [ -74.113678, 4.54090284 ] } },
{ "type": "Feature", "properties": { "LOCALIDAD": "Rafael Uribe Uribe", "DIRECCION": "CLL 48 P Bis C Sur # 4 - 30 /CRA 5 # 48P - 10 Sur", "SITIO": "Polideportivo Molinos II", "NOMBRE": "Polideportivo Molinos II", "ABELARDO DE LA ESPRIELLA": 534.0, "CARLOS EDUARDO CAICEDO OMAR": 1.0, "CLAUDIA LÓPEZ": 36.0, "GUSTAVO MATAMOROS CAMACHO": 0.0, "IVÁN CEPEDA CASTRO": 1014.0, "LUIS GILBERTO MURILLO URRUTIA": 1.0, "MIGUEL URIBE LONDOÑO": 1.0, "PALOMA VALENCIA LASERNA": 79.0, "RAÚL SANTIAGO BOTERO JARAMILLO": 7.0, "ROY LEONARDO BARRERAS MONTEALEGRE": 1.0, "SERGIO FAJARDO VALDERRAMA": 65.0, "SONDRA MACOLLINS GARVIN PINTO": 0.0, "ÓSCAR MAURICIO LIZCANO ARANGO": 0.0, "TOTAL_VOTOS": 1739.0, "GANADOR": "IVÁN CEPEDA CASTRO", "VOTOS_GANADOR": 1014.0, "PCT_GANADOR": 58.3 }, "geometry": { "type": "Point", "coordinates": [ -74.10774668, 4.55160668 ] } },
{ "type": "Feature", "properties": { "LOCALIDAD": "Rafael Uribe Uribe", "DIRECCION": "CRA 4B # 51A-02 Sur", "SITIO": "Colegio La Paz IED Sede B Fe y Alegría", "NOMBRE": "Colegio La Paz IED Sede B Fe y Alegría", "ABELARDO DE LA ESPRIELLA": 21.0, "CARLOS EDUARDO CAICEDO OMAR": 0.0, "CLAUDIA LÓPEZ": 4.0, "GUSTAVO MATAMOROS CAMACHO": 0.0, "IVÁN CEPEDA CASTRO": 93.0, "LUIS GILBERTO MURILLO URRUTIA": 0.0, "MIGUEL URIBE LONDOÑO": 0.0, "PALOMA VALENCIA LASERNA": 6.0, "RAÚL SANTIAGO BOTERO JARAMILLO": 0.0, "ROY LEONARDO BARRERAS MONTEALEGRE": 0.0, "SERGIO FAJARDO VALDERRAMA": 5.0, "SONDRA MACOLLINS GARVIN PINTO": 0.0, "ÓSCAR MAURICIO LIZCANO ARANGO": 0.0, "TOTAL_VOTOS": 129.0, "GANADOR": "IVÁN CEPEDA CASTRO", "VOTOS_GANADOR": 93.0, "PCT_GANADOR": 72.1 }, "geometry": { "type": "Point", "coordinates": [ -74.11336783, 4.54456211 ] } },
{ "type": "Feature", "properties": { "LOCALIDAD": "Ciudad Bolívar", "DIRECCION": "CRA 57 C Sur # 62 - 60", "SITIO": "Centro Comercial Paseo del Rio", "NOMBRE": "Centro Comercial Paseo del Rio", "ABELARDO DE LA ESPRIELLA": 1343.0, "CARLOS EDUARDO CAICEDO OMAR": 0.0, "CLAUDIA LÓPEZ": 90.0, "GUSTAVO MATAMOROS CAMACHO": 1.0, "IVÁN CEPEDA CASTRO": 1670.0, "LUIS GILBERTO MURILLO URRUTIA": 3.0, "MIGUEL URIBE LONDOÑO": 2.0, "PALOMA VALENCIA LASERNA": 249.0, "RAÚL SANTIAGO BOTERO JARAMILLO": 18.0, "ROY LEONARDO BARRERAS MONTEALEGRE": 1.0, "SERGIO FAJARDO VALDERRAMA": 302.0, "SONDRA MACOLLINS GARVIN PINTO": 2.0, "ÓSCAR MAURICIO LIZCANO ARANGO": 5.0, "TOTAL_VOTOS": 3686.0, "GANADOR": "IVÁN CEPEDA CASTRO", "VOTOS_GANADOR": 1670.0, "PCT_GANADOR": 45.3 }, "geometry": { "type": "Point", "coordinates": [ -74.15391862, 4.59863355 ] } },
{ "type": "Feature", "properties": { "LOCALIDAD": "Ciudad Bolívar", "DIRECCION": "CRA 49 C Bis A  # 68 B - 07 Sur", "SITIO": "Jardín Infantil Candelaria La Nueva", "NOMBRE": "Jardín Infantil Candelaria La Nueva", "ABELARDO DE LA ESPRIELLA": 392.0, "CARLOS EDUARDO CAICEDO OMAR": 0.0, "CLAUDIA LÓPEZ": 28.0, "GUSTAVO MATAMOROS CAMACHO": 0.0, "IVÁN CEPEDA CASTRO": 949.0, "LUIS GILBERTO MURILLO URRUTIA": 2.0, "MIGUEL URIBE LONDOÑO": 2.0, "PALOMA VALENCIA LASERNA": 97.0, "RAÚL SANTIAGO BOTERO JARAMILLO": 14.0, "ROY LEONARDO BARRERAS MONTEALEGRE": 1.0, "SERGIO FAJARDO VALDERRAMA": 82.0, "SONDRA MACOLLINS GARVIN PINTO": 2.0, "ÓSCAR MAURICIO LIZCANO ARANGO": 1.0, "TOTAL_VOTOS": 1570.0, "GANADOR": "IVÁN CEPEDA CASTRO", "VOTOS_GANADOR": 949.0, "PCT_GANADOR": 60.4 }, "geometry": { "type": "Point", "coordinates": [ -74.1576008, 4.57858515 ] } },
{ "type": "Feature", "properties": { "LOCALIDAD": "Ciudad Bolívar", "DIRECCION": "CRA 75K # 62 D - 42 / CRA 75K # 62 D - 48 Sur", "SITIO": "Salón Comunal Las Huertas", "NOMBRE": "Salón Comunal Las Huertas", "ABELARDO DE LA ESPRIELLA": 152.0, "CARLOS EDUARDO CAICEDO OMAR": 0.0, "CLAUDIA LÓPEZ": 12.0, "GUSTAVO MATAMOROS CAMACHO": 0.0, "IVÁN CEPEDA CASTRO": 342.0, "LUIS GILBERTO MURILLO URRUTIA": 0.0, "MIGUEL URIBE LONDOÑO": 0.0, "PALOMA VALENCIA LASERNA": 25.0, "RAÚL SANTIAGO BOTERO JARAMILLO": 4.0, "ROY LEONARDO BARRERAS MONTEALEGRE": 1.0, "SERGIO FAJARDO VALDERRAMA": 11.0, "SONDRA MACOLLINS GARVIN PINTO": 0.0, "ÓSCAR MAURICIO LIZCANO ARANGO": 0.0, "TOTAL_VOTOS": 547.0, "GANADOR": "IVÁN CEPEDA CASTRO", "VOTOS_GANADOR": 342.0, "PCT_GANADOR": 62.5 }, "geometry": { "type": "Point", "coordinates": [ -74.17799174, 4.58913008 ] } },
{ "type": "Feature", "properties": { "LOCALIDAD": "Ciudad Bolívar", "DIRECCION": "TRV 54 # 71-09 Sur", "SITIO": "Colegio Distrital El Nogal", "NOMBRE": "Colegio Distrital El Nogal", "ABELARDO DE LA ESPRIELLA": 40.0, "CARLOS EDUARDO CAICEDO OMAR": 0.0, "CLAUDIA LÓPEZ": 5.0, "GUSTAVO MATAMOROS CAMACHO": 0.0, "IVÁN CEPEDA CASTRO": 91.0, "LUIS GILBERTO MURILLO URRUTIA": 1.0, "MIGUEL URIBE LONDOÑO": 1.0, "PALOMA VALENCIA LASERNA": 3.0, "RAÚL SANTIAGO BOTERO JARAMILLO": 1.0, "ROY LEONARDO BARRERAS MONTEALEGRE": 0.0, "SERGIO FAJARDO VALDERRAMA": 5.0, "SONDRA MACOLLINS GARVIN PINTO": 0.0, "ÓSCAR MAURICIO LIZCANO ARANGO": 0.0, "TOTAL_VOTOS": 147.0, "GANADOR": "IVÁN CEPEDA CASTRO", "VOTOS_GANADOR": 91.0, "PCT_GANADOR": 61.9 }, "geometry": { "type": "Point", "coordinates": [ -74.1645965, 4.57644717 ] } },
{ "type": "Feature", "properties": { "LOCALIDAD": "Ciudad Bolívar", "DIRECCION": "CRA 72 # 57 R - 49 Sur / CRA 72 # 57 R - 41 Sur", "SITIO": "Universidad Minuto de Dios Sede Sur", "NOMBRE": "Universidad Minuto de Dios Sede Sur", "ABELARDO DE LA ESPRIELLA": 440.0, "CARLOS EDUARDO CAICEDO OMAR": 0.0, "CLAUDIA LÓPEZ": 45.0, "GUSTAVO MATAMOROS CAMACHO": 0.0, "IVÁN CEPEDA CASTRO": 795.0, "LUIS GILBERTO MURILLO URRUTIA": 1.0, "MIGUEL URIBE LONDOÑO": 4.0, "PALOMA VALENCIA LASERNA": 94.0, "RAÚL SANTIAGO BOTERO JARAMILLO": 12.0, "ROY LEONARDO BARRERAS MONTEALEGRE": 0.0, "SERGIO FAJARDO VALDERRAMA": 104.0, "SONDRA MACOLLINS GARVIN PINTO": 0.0, "ÓSCAR MAURICIO LIZCANO ARANGO": 2.0, "TOTAL_VOTOS": 1497.0, "GANADOR": "IVÁN CEPEDA CASTRO", "VOTOS_GANADOR": 795.0, "PCT_GANADOR": 53.1 }, "geometry": { "type": "Point", "coordinates": [ -74.16738176, 4.59356319 ] } },
{ "type": "Feature", "properties": { "LOCALIDAD": "Ciudad Bolívar", "DIRECCION": "CLL 59 # 74 G 55 Sur", "SITIO": "Salón Comunal La Estancia", "NOMBRE": "Salón Comunal La Estancia", "ABELARDO DE LA ESPRIELLA": 725.0, "CARLOS EDUARDO CAICEDO OMAR": 0.0, "CLAUDIA LÓPEZ": 47.0, "GUSTAVO MATAMOROS CAMACHO": 2.0, "IVÁN CEPEDA CASTRO": 1355.0, "LUIS GILBERTO MURILLO URRUTIA": 0.0, "MIGUEL URIBE LONDOÑO": 1.0, "PALOMA VALENCIA LASERNA": 140.0, "RAÚL SANTIAGO BOTERO JARAMILLO": 19.0, "ROY LEONARDO BARRERAS MONTEALEGRE": 3.0, "SERGIO FAJARDO VALDERRAMA": 119.0, "SONDRA MACOLLINS GARVIN PINTO": 0.0, "ÓSCAR MAURICIO LIZCANO ARANGO": 3.0, "TOTAL_VOTOS": 2414.0, "GANADOR": "IVÁN CEPEDA CASTRO", "VOTOS_GANADOR": 1355.0, "PCT_GANADOR": 56.1 }, "geometry": { "type": "Point", "coordinates": [ -74.17478402, 4.59303837 ] } },
{ "type": "Feature", "properties": { "LOCALIDAD": "Ciudad Bolívar", "DIRECCION": "CRA 46 A # 71-10 Sur / CRA 46 A # 71-21 Sur", "SITIO": "Col Dist Paradiso Manuela Beltran Sede B", "NOMBRE": "Col Dist Paradiso Manuela Beltran Sede B", "ABELARDO DE LA ESPRIELLA": 137.0, "CARLOS EDUARDO CAICEDO OMAR": 2.0, "CLAUDIA LÓPEZ": 13.0, "GUSTAVO MATAMOROS CAMACHO": 0.0, "IVÁN CEPEDA CASTRO": 332.0, "LUIS GILBERTO MURILLO URRUTIA": 1.0, "MIGUEL URIBE LONDOÑO": 1.0, "PALOMA VALENCIA LASERNA": 24.0, "RAÚL SANTIAGO BOTERO JARAMILLO": 3.0, "ROY LEONARDO BARRERAS MONTEALEGRE": 1.0, "SERGIO FAJARDO VALDERRAMA": 21.0, "SONDRA MACOLLINS GARVIN PINTO": 1.0, "ÓSCAR MAURICIO LIZCANO ARANGO": 1.0, "TOTAL_VOTOS": 537.0, "GANADOR": "IVÁN CEPEDA CASTRO", "VOTOS_GANADOR": 332.0, "PCT_GANADOR": 61.8 }, "geometry": { "type": "Point", "coordinates": [ -74.16124981, 4.57163092 ] } },
{ "type": "Feature", "properties": { "LOCALIDAD": "Ciudad Bolívar", "DIRECCION": "CRA 27 Q #71 N - 02 Sur / CLL 71P S # 27P - 08", "SITIO": "Col Dist Paraíso Mirador Sede Casetas", "NOMBRE": "Col Dist Paraíso Mirador Sede Casetas", "ABELARDO DE LA ESPRIELLA": 236.0, "CARLOS EDUARDO CAICEDO OMAR": 0.0, "CLAUDIA LÓPEZ": 32.0, "GUSTAVO MATAMOROS CAMACHO": 0.0, "IVÁN CEPEDA CASTRO": 566.0, "LUIS GILBERTO MURILLO URRUTIA": 0.0, "MIGUEL URIBE LONDOÑO": 2.0, "PALOMA VALENCIA LASERNA": 33.0, "RAÚL SANTIAGO BOTERO JARAMILLO": 11.0, "ROY LEONARDO BARRERAS MONTEALEGRE": 3.0, "SERGIO FAJARDO VALDERRAMA": 16.0, "SONDRA MACOLLINS GARVIN PINTO": 2.0, "ÓSCAR MAURICIO LIZCANO ARANGO": 2.0, "TOTAL_VOTOS": 903.0, "GANADOR": "IVÁN CEPEDA CASTRO", "VOTOS_GANADOR": 566.0, "PCT_GANADOR": 62.7 }, "geometry": { "type": "Point", "coordinates": [ -74.16399874, 4.54968889 ] } }
]
}
